id,type,prospective_value
US-319296-A,existing,1
US-12096995-B2,existing,1
US-668879-A,existing,1
US-668878-A,existing,1
US-702789-A,existing,1
US-862712-A,existing,1
US-2121193-A,existing,1
US-2178840-A,existing,1
US-2187852-A,existing,1
US-2199025-A,existing,1
US-2235419-A,existing,1
US-2248054-A,existing,1
US-2270188-A,existing,1
US-2518276-A,existing,1
US-2557669-A,existing,1
US-2566499-A,existing,1
US-2621653-A,existing,1
US-2725053-A,existing,1
US-2830587-A,existing,1
DE-1903016-U,existing,1
US-3204635-A,existing,1
US-3347234-A,existing,1
US-3367809-A,existing,1
US-3391690-A,existing,1
US-3477429-A,existing,1
US-3513848-A,existing,1
US-3518993-A,existing,1
DE-1903316-A1,existing,1
US-3577991-A,existing,1
US-3596292-A,existing,1
US-3608539-A,existing,1
US-3625220-A,existing,1
US-3648705-A,existing,1
US-3653388-A,existing,1
US-3657056-A,existing,1
US-3656476-A,existing,1
US-3678980-A,existing,1
US-3709218-A,existing,1
US-3711347-A,existing,1
US-3739773-A,existing,1
US-3760808-A,existing,1
US-3788318-A,existing,1
US-3789852-A,existing,1
US-3802438-A,existing,1
US-3807394-A,existing,1
US-3809075-A,existing,1
US-3811449-A,existing,1
US-3825010-A,existing,1
US-3833003-A,existing,1
US-3835849-A,existing,1
US-3842824-A,existing,1
US-3845772-A,existing,1
US-3857396-A,existing,1
US-3867932-A,existing,1
US-3875652-A,existing,1
US-3898992-A,existing,1
US-3918442-A,existing,1
US-3968800-A,existing,1
US-3976079-A,existing,1
US-4023559-A,existing,1
US-4064566-A,existing,1
US-4089071-A,existing,1
US-4108399-A,existing,1
US-4156574-A,existing,1
US-4164794-A,existing,1
US-4171544-A,existing,1
US-4183102-A,existing,1
US-4199864-A,existing,1
US-4200939-A,existing,1
US-4210148-A,existing,1
US-4213816-A,existing,1
US-4235233-A,existing,1
US-4235238-A,existing,1
US-4244370-A,existing,1
US-4257411-A,existing,1
US-4265231-A,existing,1
US-4281649-A,existing,1
US-4291698-A,existing,1
US-4309488-A,existing,1
US-4320762-A,existing,1
GB-2093701-A,existing,1
US-4351069-A,existing,1
US-4364381-A,existing,1
US-4365356-A,existing,1
US-4388921-A,existing,1
US-4395798-A,existing,1
US-4409974-A,existing,1
US-4414166-A,existing,1
US-4437362-A,existing,1
US-4437941-A,existing,1
US-4444180-A,existing,1
US-4448194-A,existing,1
US-4456005-A,existing,1
US-4461281-A,existing,1
US-4493317-A,existing,1
US-4495664-A,existing,1
US-4501031-A,existing,1
US-4504268-A,existing,1
US-4506681-A,existing,1
US-4514125-A,existing,1
US-4526173-A,existing,1
US-4532926-A,existing,1
US-4535772-A,existing,1
US-4547327-A,existing,1
US-4556059-A,existing,1
US-4556350-A,existing,1
US-4566138-A,existing,1
US-4589868-A,existing,1
US-4590928-A,existing,1
US-4597379-A,existing,1
US-4599085-A,existing,1
US-4601893-A,existing,1
US-4606335-A,existing,1
US-4611593-A,existing,1
US-4621640-A,existing,1
DE-3517204-A1,existing,1
US-4630609-A,existing,1
US-4632101-A,existing,1
US-4645503-A,existing,1
US-4657460-A,existing,1
US-4659268-A,existing,1
US-4662063-A,existing,1
US-4662068-A,existing,1
US-4662887-A,existing,1
US-4669473-A,existing,1
US-4681107-A,existing,1
US-4685458-A,existing,1
US-4691741-A,existing,1
US-4705040-A,existing,1
US-4706670-A,existing,1
US-4708139-A,existing,1
US-4713077-A,existing,1
US-4716901-A,existing,1
US-4718909-A,existing,1
US-4722948-A,existing,1
US-4722331-A,existing,1
US-4724584-A,existing,1
US-4738255-A,existing,1
US-4739751-A,existing,1
US-4741330-A,existing,1
US-4749585-A,existing,1
US-4750492-A,existing,1
US-4768507-A,existing,1
US-4772286-A,existing,1
US-4776738-A,existing,1
US-4776328-A,existing,1
US-4776851-A,existing,1
US-4781182-A,existing,1
US-4790303-A,existing,1
US-4792336-A,existing,1
DE-3722538-A1,existing,1
US-4817591-A,existing,1
US-4822224-A,existing,1
US-4823794-A,existing,1
US-4832026-A,existing,1
US-4832025-A,existing,1
US-4834752-A,existing,1
US-4841960-A,existing,1
US-4843112-A,existing,1
US-4846812-A,existing,1
US-4862812-A,existing,1
US-4862882-A,existing,1
US-4869242-A,existing,1
US-4870957-A,existing,1
US-4883048-A,existing,1
US-4890612-A,existing,1
US-4895148-A,existing,1
US-4898156-A,existing,1
US-4899744-A,existing,1
US-4899729-A,existing,1
US-4899743-A,existing,1
US-4901721-A,existing,1
US-4921479-A,existing,1
US-4922897-A,existing,1
US-4924865-A,existing,1
US-4924866-A,existing,1
US-4932960-A,existing,1
US-4935028-A,existing,1
US-4935026-A,existing,1
US-4945625-A,existing,1
US-4946468-A,existing,1
US-4954126-A,existing,1
US-4955910-A,existing,1
US-4957498-A,existing,1
US-4961741-A,existing,1
US-4963151-A,existing,1
US-4964862-A,existing,1
US-4966583-A,existing,1
US-4968315-A,existing,1
US-4969888-A,existing,1
US-4969892-A,existing,1
DE-9002844-U1,existing,1
US-4979949-A,existing,1
US-4990161-A,existing,1
US-4994071-A,existing,1
US-4997445-A,existing,1
US-4998539-A,existing,1
US-5002563-A,existing,1
US-5002550-A,existing,1
US-5009663-A,existing,1
US-5009652-A,existing,1
US-5009664-A,existing,1
US-5013316-A,existing,1
US-5019090-A,existing,1
US-5021059-A,existing,1
US-5031841-A,existing,1
US-5035713-A,existing,1
US-5037404-A,existing,1
US-5037422-A,existing,1
US-5041093-A,existing,1
US-5041129-A,existing,1
US-5041114-A,existing,1
WO-9112779-A1,existing,1
US-5047055-A,existing,1
US-5046513-A,existing,1
US-5051049-A,existing,1
US-5053047-A,existing,1
US-5053046-A,existing,1
US-5059193-A,existing,1
US-5059206-A,existing,1
US-5061286-A,existing,1
US-5061274-A,existing,1
US-5069674-A,existing,1
US-5078745-A,existing,1
US-5078731-A,existing,1
US-5078744-A,existing,1
US-5078140-A,existing,1
US-5084050-A,existing,1
US-5084051-A,existing,1
US-5085660-A,existing,1
US-5085661-A,existing,1
US-5086401-A,existing,1
US-5090072-A,existing,1
US-5098434-A,existing,1
US-5098433-A,existing,1
US-5098436-A,existing,1
US-5100417-A,existing,1
US-5100405-A,existing,1
US-5102417-A,existing,1
US-5102421-A,existing,1
US-5120175-A,existing,1
US-5123941-A,existing,1
US-5123520-A,existing,1
US-5123914-A,existing,1
US-5133732-A,existing,1
US-RE34021-E,existing,1
US-5141520-A,existing,1
US-5147362-A,existing,1
US-5152765-A,existing,1
US-5154720-A,existing,1
US-5156613-A,existing,1
US-5156616-A,existing,1
US-5158934-A,existing,1
US-5158566-A,existing,1
US-5163960-A,existing,1
US-5171251-A,existing,1
US-5176682-A,existing,1
US-5180388-A,existing,1
US-5179964-A,existing,1
US-5183464-A,existing,1
US-5192287-A,existing,1
US-5192326-A,existing,1
US-5197166-A,existing,1
US-5197971-A,existing,1
US-5203784-A,existing,1
US-5203787-A,existing,1
US-5209776-A,existing,1
US-5208950-A,existing,1
US-5217493-A,existing,1
US-5217486-A,existing,1
US-5219359-A,existing,1
US-5224946-A,existing,1
US-5226899-A,existing,1
US-5230352-A,existing,1
US-5234425-A,existing,1
US-5234006-A,existing,1
US-5236438-A,existing,1
US-5236445-A,existing,1
US-5242902-A,existing,1
US-5246441-A,existing,1
US-5250026-A,existing,1
US-5250055-A,existing,1
US-5254113-A,existing,1
US-5258007-A,existing,1
US-5258016-A,existing,1
US-5258015-A,existing,1
US-5261914-A,existing,1
WO-9323094-A1,existing,1
US-5266325-A,existing,1
US-5269809-A,existing,1
US-5269785-A,existing,1
US-5269783-A,existing,1
US-5281235-A,existing,1
US-5282832-A,existing,1
US-5290281-A,existing,1
FR-2696338-A1,existing,1
US-5304119-A,existing,1
US-5306280-A,existing,1
US-5306301-A,existing,1
WO-9408642-A1,existing,1
US-5312438-A,existing,1
US-5315741-A,existing,1
US-5318588-A,existing,1
US-5320611-A,existing,1
US-5324308-A,existing,1
US-5328480-A,existing,1
US-5329846-A,existing,1
US-5330468-A,existing,1
US-5330476-A,existing,1
US-5329924-A,existing,1
US-5330486-A,existing,1
US-5336240-A,existing,1
US-5336231-A,existing,1
US-5339799-A,existing,1
US-5343385-A,existing,1
US-5349956-A,existing,1
US-5352229-A,existing,1
US-5354298-A,existing,1
US-5354302-A,existing,1
US-5366480-A,existing,1
US-5370646-A,existing,1
US-5370660-A,existing,1
US-5372146-A,existing,1
US-5374235-A,existing,1
US-5376126-A,existing,1
US-5382254-A,existing,1
US-5383905-A,existing,1
US-5383883-A,existing,1
US-5391171-A,existing,1
US-5391173-A,existing,1
US-5395308-A,existing,1
US-5397311-A,existing,1
US-5400805-A,existing,1
US-5403348-A,existing,1
US-5403312-A,existing,1
US-5402801-A,existing,1
US-5405359-A,existing,1
US-5411538-A,existing,1
US-5411523-A,existing,1
US-5413585-A,existing,1
US-5417701-A,existing,1
US-5417712-A,existing,1
US-5417691-A,existing,1
US-5423796-A,existing,1
US-5423860-A,existing,1
WO-9516398-A1,existing,1
US-5431670-A,existing,1
US-5439470-A,existing,1
US-5438746-A,existing,1
US-5441502-A,existing,1
US-5441538-A,existing,1
US-5443512-A,existing,1
US-5447503-A,existing,1
US-5449382-A,existing,1
US-5449372-A,existing,1
US-5451235-A,existing,1
FR-2717368-A1,existing,1
US-5453090-A,existing,1
US-5456722-A,existing,1
US-5458653-A,existing,1
US-5462561-A,existing,1
US-5464424-A,existing,1
US-5464426-A,existing,1
US-5464427-A,existing,1
US-5464425-A,existing,1
US-5467911-A,existing,1
US-5470337-A,existing,1
WO-9531941-A1,existing,1
US-5472444-A,existing,1
US-5474554-A,existing,1
US-5478351-A,existing,1
US-5478353-A,existing,1
US-5480403-A,existing,1
US-5486197-A,existing,1
US-5487844-A,existing,1
US-5487216-A,existing,1
US-5488958-A,existing,1
US-5496348-A,existing,1
US-5496292-A,existing,1
US-5496335-A,existing,1
US-5500000-A,existing,1
US-5501700-A,existing,1
US-5505735-A,existing,1
US-5504977-A,existing,1
US-5507754-A,existing,1
US-5514153-A,existing,1
US-5518164-A,existing,1
US-5518163-A,existing,1
WO-9614802-A1,existing,1
US-4954126-B1,existing,1
US-5520700-A,existing,1
US-5522846-A,existing,1
US-5522845-A,existing,1
US-5522844-A,existing,1
JP-H08140982-A,existing,1
US-5527342-A,existing,1
US-5527341-A,existing,1
US-5527343-A,existing,1
US-5529075-A,existing,1
US-5528844-A,existing,1
US-5531759-A,existing,1
FR-2728779-A1,existing,1
US-5534028-A,existing,1
US-5534012-A,existing,1
US-5540718-A,existing,1
US-5540703-A,existing,1
US-5542423-A,existing,1
US-5545178-A,existing,1
US-5545206-A,existing,1
US-5545180-A,existing,1
US-5549631-A,existing,1
US-5549630-A,existing,1
US-5556402-A,existing,1
US-5562688-A,existing,1
US-5569305-A,existing,1
US-5569252-A,existing,1
US-5569306-A,existing,1
US-5573517-A,existing,1
US-5573542-A,existing,1
US-5573538-A,existing,1
US-5575801-A,existing,1
US-5580344-A,existing,1
US-5584835-A,existing,1
US-5584862-A,existing,1
US-5584860-A,existing,1
US-5591206-A,existing,1
FR-2736257-A1,existing,1
US-5593422-A,existing,1
US-5593425-A,existing,1
US-5593625-A,existing,1
US-5601558-A,existing,1
US-5601595-A,existing,1
US-5601557-A,existing,1
US-5607427-A,existing,1
US-5609595-A,existing,1
US-5618314-A,existing,1
WO-9712779-A1,existing,1
US-5620461-A,existing,1
GB-2306110-A,existing,1
US-5626718-A,existing,1
US-5626614-A,existing,1
US-5626612-A,existing,1
US-5628756-A,existing,1
US-5628446-A,existing,1
US-5628751-A,existing,1
EP-0773004-A1,existing,1
US-5630824-A,existing,1
US-5634926-A,existing,1
US-5643293-A,existing,1
US-5643295-A,existing,1
US-5643321-A,existing,1
US-5643274-A,existing,1
US-5643320-A,existing,1
US-5643272-A,existing,1
US-5645553-A,existing,1
US-5645597-A,existing,1
US-5645599-A,existing,1
US-5649963-A,existing,1
US-5649940-A,existing,1
US-5649955-A,existing,1
EP-0784454-A1,existing,1
US-5651377-A,existing,1
US-5658313-A,existing,1
US-5660225-A,existing,1
US-5662658-A,existing,1
US-5665089-A,existing,1
US-5665112-A,existing,1
US-5665109-A,existing,1
US-5667513-A,existing,1
US-5669917-A,existing,1
US-5674240-A,existing,1
US-5681351-A,existing,1
US-5681352-A,existing,1
US-5681310-A,existing,1
US-5680981-A,existing,1
US-5681333-A,existing,1
US-5682886-A,existing,1
US-5683418-A,existing,1
US-5683401-A,existing,1
US-5685820-A,existing,1
US-5688283-A,existing,1
US-5690674-A,existing,1
US-5690655-A,existing,1
US-5690676-A,existing,1
US-5690654-A,existing,1
US-5693055-A,existing,1
US-5697950-A,existing,1
FR-2750031-A1,existing,1
US-5702462-A,existing,1
US-5702397-A,existing,1
WO-9749347-A1,existing,1
US-5707395-A,existing,1
US-5713921-A,existing,1
US-5713903-A,existing,1
US-5718717-A,existing,1
US-5720747-A,existing,1
US-5720753-A,existing,1
US-5725556-A,existing,1
US-5725582-A,existing,1
US-5725529-A,existing,1
US-5725541-A,existing,1
US-5730747-A,existing,1
WO-9811838-A1,existing,1
US-5733306-A,existing,1
US-5735875-A,existing,1
US-5735877-A,existing,1
US-5735899-A,existing,1
US-5741282-A,existing,1
US-5741268-A,existing,1
US-5743915-A,existing,1
US-5748767-A,existing,1
US-5752974-A,existing,1
US-5752952-A,existing,1
US-5755809-A,existing,1
US-5762458-A,existing,1
US-5766126-A,existing,1
US-5766221-A,existing,1
US-5769092-A,existing,1
US-5769894-A,existing,1
WO-9826720-A1,existing,1
US-5772672-A,existing,1
US-5776151-A,existing,1
US-5776136-A,existing,1
US-5779706-A,existing,1
US-5779719-A,existing,1
US-5782862-A,existing,1
US-5785713-A,existing,1
US-5792096-A,existing,1
US-5797931-A,existing,1
US-5797963-A,existing,1
US-5800537-A,existing,1
US-5806518-A,existing,1
US-5807403-A,existing,1
US-5810849-A,existing,1
US-5810884-A,existing,1
US-5810853-A,existing,1
US-5814072-A,existing,1
US-5814073-A,existing,1
US-5817107-A,existing,1
US-5823994-A,existing,1
US-5824085-A,existing,1
US-5824009-A,existing,1
US-5830125-A,existing,1
US-5836897-A,existing,1
US-5839899-A,existing,1
US-5844142-A,existing,1
US-5843178-A,existing,1
US-5847394-A,existing,1
US-5845645-A,existing,1
US-5851185-A,existing,1
US-5855583-A,existing,1
US-5865834-A,existing,1
US-5865728-A,existing,1
US-5866634-A,existing,1
US-5868749-A,existing,1
US-5873891-A,existing,1
US-5873212-A,existing,1
US-5874235-A,existing,1
US-5876325-A,existing,1
US-5879371-A,existing,1
US-5879372-A,existing,1
US-5891168-A,existing,1
US-5891166-A,existing,1
US-5893880-A,existing,1
US-5897574-A,existing,1
US-5899911-A,existing,1
US-5899921-A,existing,1
US-5906579-A,existing,1
US-5906625-A,existing,1
US-5908429-A,existing,1
FR-2771621-A1,existing,1
US-5911721-A,existing,1
US-5911449-A,existing,1
US-5915751-A,existing,1
US-5919208-A,existing,1
US-5919215-A,existing,1
US-5919194-A,existing,1
US-5918604-A,existing,1
US-5919193-A,existing,1
US-5921986-A,existing,1
US-5924976-A,existing,1
US-5925064-A,existing,1
US-5928267-A,existing,1
US-5928244-A,existing,1
US-5931869-A,existing,1
US-5931838-A,existing,1
US-5937504-A,existing,1
US-5940942-A,existing,1
US-5941900-A,existing,1
US-5941901-A,existing,1
US-5945002-A,existing,1
US-5948000-A,existing,1
US-5948001-A,existing,1
US-5947982-A,existing,1
US-5948002-A,existing,1
US-5951590-A,existing,1
US-5956927-A,existing,1
US-5957953-A,existing,1
US-5961554-A,existing,1
US-5961538-A,existing,1
US-5961499-A,existing,1
US-5961521-A,existing,1
US-5964075-A,existing,1
US-5964765-A,existing,1
US-5964769-A,existing,1
US-5967970-A,existing,1
US-5968046-A,existing,1
US-5968047-A,existing,1
US-5970686-A,existing,1
US-5976156-A,existing,1
US-5980520-A,existing,1
US-5980559-A,existing,1
US-5980558-A,existing,1
US-5983601-A,existing,1
US-5984929-A,existing,1
US-5987848-A,existing,1
US-5989282-A,existing,1
US-5993458-A,existing,1
US-5993477-A,existing,1
US-6007580-A,existing,1
US-6007567-A,existing,1
US-6010525-A,existing,1
US-6010526-A,existing,1
US-6012216-A,existing,1
US-6014851-A,existing,1
US-6017321-A,existing,1
US-6033430-A,existing,1
US-6033415-A,existing,1
US-6032343-A,existing,1
US-6033429-A,existing,1
US-6045551-A,existing,1
US-6050998-A,existing,1
US-6056772-A,existing,1
US-6056751-A,existing,1
US-6056773-A,existing,1
FR-2785171-A1,existing,1
US-6059817-A,existing,1
US-6059827-A,existing,1
US-6059797-A,existing,1
US-6063095-A,existing,1
US-6066166-A,existing,1
US-6066151-A,existing,1
US-6066160-A,existing,1
US-6068648-A,existing,1
US-6068637-A,existing,1
US-6074409-A,existing,1
US-6077277-A,existing,1
US-6077292-A,existing,1
US-6080161-A,existing,1
US-6083522-A,existing,1
US-6083244-A,existing,1
US-6081981-A,existing,1
US-6086593-A,existing,1
US-6086608-A,existing,1
US-6090072-A,existing,1
US-6099537-A,existing,1
US-6099531-A,existing,1
US-6099550-A,existing,1
US-6099547-A,existing,1
US-6099552-A,existing,1
US-6102850-A,existing,1
US-6106545-A,existing,1
US-6117160-A,existing,1
US-6120536-A,existing,1
US-6125574-A,existing,1
US-6126677-A,existing,1
US-6132368-A,existing,1
US-6139320-A,existing,1
US-6149658-A,existing,1
US-6149669-A,existing,1
US-RE36974-E,existing,1
US-6152949-A,existing,1
US-6155756-A,existing,1
US-6159234-A,existing,1
US-6159224-A,existing,1
US-6171307-B1,existing,1
US-6174324-B1,existing,1
US-6179850-B1,existing,1
US-6179840-B1,existing,1
US-6187008-B1,existing,1
US-6190401-B1,existing,1
US-6190400-B1,existing,1
US-6200329-B1,existing,1
US-6200322-B1,existing,1
US-6205411-B1,existing,1
US-6205748-B1,existing,1
US-6217591-B1,existing,1
US-6224593-B1,existing,1
US-6224630-B1,existing,1
US-6228086-B1,existing,1
US-6231565-B1,existing,1
US-6231592-B1,existing,1
US-6238395-B1,existing,1
US-6238396-B1,existing,1
US-2001002440-A1,existing,1
US-6241749-B1,existing,1
US-6246200-B1,existing,1
US-2001005975-A1,existing,1
US-6258091-B1,existing,1
US-6264675-B1,existing,1
US-6263558-B1,existing,1
US-2001009250-A1,existing,1
US-6267761-B1,existing,1
US-6273717-B1,existing,1
US-6280474-B1,existing,1
US-6286746-B1,existing,1
US-6287325-B1,existing,1
US-6293961-B2,existing,1
US-6306159-B1,existing,1
US-6309405-B1,existing,1
US-6312448-B1,existing,1
US-2001041916-A1,existing,1
US-6319252-B1,existing,1
US-6319271-B1,existing,1
US-6322567-B1,existing,1
US-6327491-B1,existing,1
US-2001049497-A1,existing,1
US-6331181-B1,existing,1
US-6338730-B1,existing,1
US-6340365-B2,existing,1
US-2002016633-A1,existing,1
US-2002016593-A1,existing,1
US-2002019649-A1,existing,1
US-6348056-B1,existing,1
US-2002026244-A1,existing,1
US-2002029083-A1,existing,1
US-2002029084-A1,existing,1
US-6358271-B1,existing,1
US-2002038118-A1,existing,1
US-6364897-B1,existing,1
US-6368326-B1,existing,1
US-6368343-B1,existing,1
US-6368325-B1,existing,1
US-6371957-B1,existing,1
US-2002045902-A1,existing,1
US-2002045888-A1,existing,1
US-2002049449-A1,existing,1
US-6385475-B1,existing,1
US-2002062153-A1,existing,1
US-2002062136-A1,existing,1
US-6395007-B1,existing,1
US-6409742-B1,existing,1
US-6409743-B1,existing,1
US-2002082612-A1,existing,1
US-2002087169-A1,existing,1
US-2002087049-A1,existing,1
US-2002087148-A1,existing,1
US-2002087048-A1,existing,1
US-2002087166-A1,existing,1
WO-02053011-A2,existing,1
US-6419704-B1,existing,1
US-2002095175-A1,existing,1
US-6423072-B1,existing,1
US-6423088-B1,existing,1
US-6425919-B1,existing,1
US-2002103495-A1,existing,1
US-6430434-B1,existing,1
US-6428562-B2,existing,1
US-6432115-B1,existing,1
US-6436107-B1,existing,1
US-2002115934-A1,existing,1
US-2002120252-A1,existing,1
US-2002123750-A1,existing,1
US-6447550-B1,existing,1
US-6447516-B1,existing,1
US-2002128662-A1,existing,1
US-2002128633-A1,existing,1
US-2002128661-A1,existing,1
US-6451027-B1,existing,1
US-6450985-B1,existing,1
US-2002133174-A1,existing,1
US-2002133173-A1,existing,1
US-2002133175-A1,existing,1
US-2002138082-A1,existing,1
US-2002138109-A1,existing,1
US-2002143319-A1,existing,1
US-6461360-B1,existing,1
US-6468265-B1,existing,1
US-6468293-B2,existing,1
US-6471715-B1,existing,1
US-6475230-B1,existing,1
US-6488196-B1,existing,1
US-2002183851-A1,existing,1
US-2002183762-A1,existing,1
US-2002188301-A1,existing,1
US-6496003-B1,existing,1
US-6500195-B2,existing,1
US-6503259-B2,existing,1
US-2003014064-A1,existing,1
US-2003028196-A1,existing,1
US-2003040758-A1,existing,1
US-2003039196-A1,existing,1
US-6527774-B2,existing,1
US-2003045900-A1,existing,1
US-6530933-B1,existing,1
US-6535764-B2,existing,1
US-6533818-B1,existing,1
US-6533157-B1,existing,1
US-2003055409-A1,existing,1
US-2003060927-A1,existing,1
US-2003065361-A1,existing,1
US-6545909-B2,existing,1
US-6544267-B1,existing,1
US-2003069591-A1,existing,1
US-6547792-B1,existing,1
US-6551304-B1,existing,1
US-6554852-B1,existing,1
US-6558390-B2,existing,1
US-6557426-B2,existing,1
US-6562043-B1,existing,1
US-6565554-B1,existing,1
US-6569187-B1,existing,1
US-6568313-B2,existing,1
US-6569167-B1,existing,1
US-6572635-B1,existing,1
US-2003105474-A1,existing,1
US-2003118518-A1,existing,1
US-6585746-B2,existing,1
US-6585764-B2,existing,1
US-6585750-B2,existing,1
US-2003125808-A1,existing,1
US-6594517-B1,existing,1
US-6592609-B1,existing,1
US-2003135204-A1,existing,1
US-D477776-S,existing,1
US-6605090-B1,existing,1
US-2003153978-A1,existing,1
US-2003158582-A1,existing,1
US-6610080-B2,existing,1
US-2003167072-A1,existing,1
US-6618910-B1,existing,1
US-2003176783-A1,existing,1
US-6623487-B1,existing,1
US-6623486-B1,existing,1
US-2003181800-A1,existing,1
US-6626944-B1,existing,1
US-6632245-B2,existing,1
US-2003195530-A1,existing,1
US-2003195565-A1,existing,1
US-6635073-B2,existing,1
US-6638279-B2,existing,1
US-2003204204-A1,existing,1
US-6641592-B1,existing,1
US-6645227-B2,existing,1
US-2003212403-A1,existing,1
US-2003216669-A1,existing,1
US-2003216742-A1,existing,1
US-2003225438-A1,existing,1
US-2003229361-A1,existing,1
US-6666877-B2,existing,1
US-6669705-B2,existing,1
US-6676669-B2,existing,1
US-2004010287-A1,existing,1
US-6679888-B2,existing,1
US-6685750-B1,existing,1
US-2004030341-A1,existing,1
US-2004034282-A1,existing,1
US-2004034357-A1,existing,1
US-6699240-B2,existing,1
US-6699177-B1,existing,1
US-6702821-B2,existing,1
US-6705179-B1,existing,1
US-6709457-B1,existing,1
US-6714841-B1,existing,1
US-6712828-B2,existing,1
US-6719765-B2,existing,1
US-6719797-B1,existing,1
US-6722552-B2,existing,1
US-6731988-B1,existing,1
US-6733531-B1,existing,1
US-6733506-B1,existing,1
US-2004097948-A1,existing,1
US-2004097939-A1,existing,1
US-2004098050-A1,existing,1
US-2004102804-A1,existing,1
US-2004106916-A1,existing,1
US-2004138703-A1,existing,1
US-6764514-B1,existing,1
US-2004143334-A1,existing,1
US-6770078-B2,existing,1
US-6770079-B2,existing,1
US-2004152970-A1,existing,1
US-2004157188-A1,existing,1
US-6780198-B1,existing,1
US-2004167548-A1,existing,1
US-6783524-B2,existing,1
US-6786989-B2,existing,1
US-6796003-B1,existing,1
US-6799065-B1,existing,1
US-2004199072-A1,existing,1
US-2004220616-A1,existing,1
US-2004225325-A1,existing,1
US-6818010-B2,existing,1
US-2004230223-A1,existing,1
US-2004236424-A1,existing,1
US-2004236374-A1,existing,1
US-6823871-B2,existing,1
US-2004243109-A1,existing,1
US-6827712-B2,existing,1
US-2004267242-A1,existing,1
US-6837892-B2,existing,1
US-6840938-B1,existing,1
US-6843403-B2,existing,1
US-2005033366-A1,existing,1
US-2005038514-A1,existing,1
US-2005043796-A1,existing,1
US-6860885-B2,existing,1
US-6860878-B2,existing,1
US-6869437-B1,existing,1
US-2005071012-A1,existing,1
US-6878167-B2,existing,1
US-6884264-B2,existing,1
US-2005090827-A1,existing,1
US-2005090840-A1,existing,1
US-2005096699-A1,existing,1
US-6890334-B2,existing,1
US-6893434-B2,existing,1
US-2005113928-A1,existing,1
US-2005113846-A1,existing,1
US-6899722-B2,existing,1
US-2005126680-A1,existing,1
US-2005143826-A1,existing,1
US-6913666-B1,existing,1
US-2005149024-A1,existing,1
US-2005149029-A1,existing,1
US-6916321-B2,existing,1
US-6921264-B2,existing,1
US-6923824-B2,existing,1
US-2005177169-A1,existing,1
US-6932835-B2,existing,1
US-2005192673-A1,existing,1
US-6944111-B2,existing,1
US-6942684-B2,existing,1
US-2005203521-A1,existing,1
US-2005216059-A1,existing,1
US-2005216087-A1,existing,1
US-6951535-B2,existing,1
US-2005222620-A1,existing,1
US-6955683-B2,existing,1
US-6955540-B2,existing,1
US-2005234332-A1,existing,1
US-2005234461-A1,existing,1
US-2005234465-A1,existing,1
US-6958077-B2,existing,1
US-2005240190-A1,existing,1
US-2005240227-A1,existing,1
US-2005246021-A1,existing,1
US-2005261684-A1,existing,1
US-2005267481-A1,existing,1
US-2005267534-A1,existing,1
EP-1614525-A1,existing,1
US-2006009855-A1,existing,1
US-6987983-B2,existing,1
US-2006015108-A1,existing,1
US-2006015101-A1,existing,1
US-2006024357-A1,existing,1
US-2006026244-A1,existing,1
US-6997940-B2,existing,1
US-7001411-B1,existing,1
US-7004959-B2,existing,1
US-7008226-B2,existing,1
US-7013191-B2,existing,1
US-2006064095-A1,existing,1
US-7018380-B2,existing,1
US-7033379-B2,existing,1
US-2006089646-A1,existing,1
US-7048755-B2,existing,1
US-2006122600-A1,existing,1
US-2006122704-A1,existing,1
US-7066960-B1,existing,1
US-2006142657-A1,existing,1
US-2006142799-A1,existing,1
US-2006161136-A1,existing,1
US-2006161051-A1,existing,1
US-2006167495-A1,existing,1
US-7087073-B2,existing,1
US-7090111-B2,existing,1
US-7090683-B2,existing,1
US-7094251-B2,existing,1
US-2006200199-A1,existing,1
US-7104996-B2,existing,1
US-2006212073-A1,existing,1
US-2006207978-A1,existing,1
US-2006217765-A1,existing,1
US-2006229623-A1,existing,1
US-2006235470-A1,existing,1
US-2006241695-A1,existing,1
US-7128763-B1,existing,1
US-2006258938-A1,existing,1
US-2006265011-A1,existing,1
US-2006265009-A1,existing,1
US-2006271056-A1,existing,1
US-7147652-B2,existing,1
US-7153312-B1,existing,1
US-7160405-B2,existing,1
US-2007032825-A1,existing,1
US-7179259-B1,existing,1
US-7192448-B2,existing,1
US-2007088340-A1,existing,1
US-2007088362-A1,existing,1
US-7209776-B2,existing,1
US-2007100258-A1,existing,1
US-7217290-B2,existing,1
US-7217279-B2,existing,1
US-2007118129-A1,existing,1
US-2007118055-A1,existing,1
US-7241297-B2,existing,1
US-2007173946-A1,existing,1
US-7250051-B2,existing,1
US-7252685-B2,existing,1
US-2007185498-A2,existing,1
WO-2007092869-A2,existing,1
CA-2641580-A1,existing,1
US-2007198555-A1,existing,1
US-2007219561-A1,existing,1
US-7273497-B2,existing,1
US-2007239153-A1,existing,1
US-2007265561-A1,existing,1
US-7297142-B2,existing,1
US-2007270833-A1,existing,1
US-2007287889-A1,existing,1
US-2008021474-A1,existing,1
US-7329263-B2,existing,1
US-2008039845-A1,existing,1
US-2008039873-A1,existing,1
US-7331932-B2,existing,1
CA-2660827-A1,existing,1
US-2008046090-A1,existing,1
US-7335205-B2,existing,1
US-2008097448-A1,existing,1
US-2008108916-A1,existing,1
US-2008108897-A1,existing,1
US-2008114399-A1,existing,1
US-2008132950-A1,existing,1
US-2008140117-A1,existing,1
US-2008140088-A1,existing,1
US-2008140116-A1,existing,1
US-2008195145-A1,existing,1
WO-2008116203-A2,existing,1
US-2008243127-A1,existing,1
US-2008249394-A1,existing,1
US-2008262812-A1,existing,1
US-2008269753-A1,existing,1
US-2008269808-A1,existing,1
US-7445634-B2,existing,1
EP-1988837-A2,existing,1
US-7477926-B2,existing,1
US-2009024161-A1,existing,1
US-7481831-B2,existing,1
US-7481825-B2,existing,1
WO-2009029908-A1,existing,1
CA-2698057-A1,existing,1
US-7510895-B2,existing,1
US-2009088634-A1,existing,1
US-2009093684-A1,existing,1
US-2009131941-A1,existing,1
US-2009138014-A1,existing,1
US-2009194969-A1,existing,1
US-2009197217-A1,existing,1
US-2009287222-A1,existing,1
EP-2134294-A2,existing,1
US-7641660-B2,existing,1
US-7708741-B1,existing,1
US-2010211120-A1,existing,1
US-2010217400-A1,existing,1
WO-2010099222-A1,existing,1
US-7794467-B2,existing,1
US-2010256504-A1,existing,1
US-7831295-B2,existing,1
US-7854750-B2,existing,1
US-7879072-B2,existing,1
US-2011029093-A1,existing,1
US-7891691-B2,existing,1
US-2011060375-A1,existing,1
US-2011082462-A1,existing,1
US-2011087332-A1,existing,1
US-2011130761-A1,existing,1
US-7959635-B1,existing,1
US-2011144661-A1,existing,1
US-7967820-B2,existing,1
US-8046052-B2,existing,1
US-2011295253-A1,existing,1
US-8073528-B2,existing,1
US-8109942-B2,existing,1
US-2012053591-A1,existing,1
US-8128669-B2,existing,1
US-8140982-B2,existing,1
US-8147514-B2,existing,1
US-8162977-B2,existing,1
US-2012123937-A1,existing,1
US-2012165841-A1,existing,1
US-8214016-B2,existing,1
US-8221402-B2,existing,1
US-2012184961-A1,existing,1
US-2012191140-A1,existing,1
US-2012215233-A1,existing,1
US-2012323244-A1,existing,1
US-2012330429-A1,existing,1
US-2013006267-A1,existing,1
US-2013035696-A1,existing,1
US-8382765-B2,existing,1
US-2013072821-A1,existing,1
US-8429266-B2,existing,1
US-8480679-B2,existing,1
US-8483469-B2,existing,1
US-8500816-B2,existing,1
US-2013211531-A1,existing,1
US-8532361-B2,existing,1
US-8560047-B2,existing,1
US-2013331730-A1,existing,1
US-8617171-B2,existing,1
US-8702732-B2,existing,1
US-8715291-B2,existing,1
US-8737700-B2,existing,1
US-8740798-B2,existing,1
US-8777875-B2,existing,1
US-8781193-B2,existing,1
US-8781556-B2,existing,1
US-2014257293-A1,existing,1
WO-2014163164-A1,existing,1
US-2014343573-A1,existing,1
US-8894634-B2,existing,1
WO-2015020093-A1,existing,1
US-8968320-B2,existing,1
US-9008757-B2,existing,1
US-2015106024-A1,existing,1
US-9014851-B2,existing,1
US-2015141759-A1,existing,1
US-2015145953-A1,existing,1
US-2015157416-A1,existing,1
US-9060797-B2,existing,1
US-9119655-B2,existing,1
US-2015257768-A1,existing,1
US-2015320514-A1,existing,1
US-9186046-B2,existing,1
US-9195926-B2,existing,1
US-2016012306-A1,existing,1
US-2016030115-A1,existing,1
US-2016081758-A1,existing,1
US-2016199548-A1,existing,1
US-2016202053-A1,existing,1
US-2016206375-A1,existing,1
US-9456765-B2,existing,1
US-2017020615-A1,existing,1
US-2017148213-A1,existing,1
US-2017252114-A1,existing,1
US-9844414-B2,existing,1
US-9922410-B2,existing,1
US-10058393-B2,existing,1
US-2018296283-A1,existing,1
RU-184396-U1,existing,1
US-2019000049-A1,existing,1
US-10194801-B2,existing,1
US-10350390-B2,existing,1
US-2019220976-A1,existing,1
US-10368951-B2,existing,1
US-2019274765-A1,existing,1
US-10433763-B2,existing,1
US-10499996-B2,existing,1
US-2019388160-A1,existing,1
US-10594931-B2,existing,1
US-10672134-B2,existing,1
US-10687784-B2,existing,1
US-10765484-B2,existing,1
US-10828786-B2,existing,1
US-10974069-B2,existing,1
US-2021106389-A1,existing,1
US-11197651-B2,existing,1
US-2022015727-A1,existing,1
US-11229362-B2,existing,1
US-11317974-B2,existing,1
US-2022296311-A1,existing,1
US-2858947-A,existing,1
US-12070282-B2,existing,1
US-3817403-A,existing,1
US-3870264-A,existing,1
US-3922930-A,existing,1
US-3971266-A,existing,1
US-3989952-A,existing,1
US-4246661-A,existing,1
US-4258716-A,existing,1
US-4278077-A,existing,1
US-4353677-A,existing,1
JP-S5959371-A,existing,1
EP-0105656-A2,existing,1
US-4538594-A,existing,1
US-4568311-A,existing,1
JP-S61165061-A,existing,1
US-4623183-A,existing,1
US-4636138-A,existing,1
US-4645409-A,existing,1
JP-S6268293-A,existing,1
US-4684313-A,existing,1
US-4736645-A,existing,1
US-4762455-A,existing,1
EP-0279591-A1,existing,1
US-4771652-A,existing,1
US-4852391-A,existing,1
US-4854808-A,existing,1
US-4896015-A,existing,1
US-4897014-A,existing,1
US-4922782-A,existing,1
US-4922755-A,existing,1
US-4984959-A,existing,1
US-4990050-A,existing,1
US-5019968-A,existing,1
US-5036724-A,existing,1
US-5108140-A,existing,1
JP-H04144533-A,existing,1
WO-9221291-A2,existing,1
US-5172639-A,existing,1
US-5176649-A,existing,1
US-5178032-A,existing,1
US-5187796-A,existing,1
US-5187032-A,existing,1
US-5195388-A,existing,1
US-5201325-A,existing,1
JP-H05115425-A,existing,1
US-5217003-A,existing,1
US-5263382-A,existing,1
US-5271384-A,existing,1
US-5284096-A,existing,1
US-5297443-A,existing,1
US-5297536-A,existing,1
US-5304899-A,existing,1
US-5307447-A,existing,1
US-5305653-A,existing,1
JP-H06507809-A,existing,1
JP-H06508049-A,existing,1
US-5353807-A,existing,1
US-5363935-A,existing,1
US-5372147-A,existing,1
US-5382885-A,existing,1
JP-H0716235-A,existing,1
US-5388528-A,existing,1
US-5397323-A,existing,1
JP-H07136173-A,existing,1
US-5436542-A,existing,1
US-5441494-A,existing,1
US-5456673-A,existing,1
US-5458583-A,existing,1
US-5458131-A,existing,1
US-5458598-A,existing,1
US-5471515-A,existing,1
US-5515478-A,existing,1
US-5524180-A,existing,1
US-5553198-A,existing,1
JP-H08224248-A,existing,1
US-5562448-A,existing,1
US-5588442-A,existing,1
US-5620417-A,existing,1
US-5623582-A,existing,1
US-5624380-A,existing,1
US-5624398-A,existing,1
US-5632761-A,existing,1
US-5645520-A,existing,1
US-5657429-A,existing,1
US-5657584-A,existing,1
US-5667354-A,existing,1
US-5672168-A,existing,1
US-5674030-A,existing,1
US-5728599-A,existing,1
US-5736821-A,existing,1
US-5754741-A,existing,1
US-5769640-A,existing,1
US-5792135-A,existing,1
US-5791231-A,existing,1
US-5797900-A,existing,1
US-5797538-A,existing,1
US-5808665-A,existing,1
US-5807377-A,existing,1
US-5815640-A,existing,1
US-5825982-A,existing,1
US-5833656-A,existing,1
US-5841950-A,existing,1
US-5845646-A,existing,1
US-5878193-A,existing,1
US-5878783-A,existing,1
US-5895417-A,existing,1
US-5895377-A,existing,1
US-5907664-A,existing,1
US-5906591-A,existing,1
US-5910129-A,existing,1
US-5911036-A,existing,1
US-5954692-A,existing,1
US-5971976-A,existing,1
US-5993467-A,existing,1
US-6001108-A,existing,1
US-6007550-A,existing,1
US-6030365-A,existing,1
US-6031371-A,existing,1
US-6058323-A,existing,1
US-6066090-A,existing,1
US-6086529-A,existing,1
US-6107795-A,existing,1
US-6106521-A,existing,1
US-6132441-A,existing,1
US-6139563-A,existing,1
US-6156006-A,existing,1
US-6159146-A,existing,1
US-6162171-A,existing,1
JP-2001500510-A,existing,1
US-D438617-S,existing,1
US-6206903-B1,existing,1
US-6223100-B1,existing,1
US-D441076-S,existing,1
US-D441862-S,existing,1
JP-2001505810-A,existing,1
US-6238415-B1,existing,1
US-6240312-B1,existing,1
US-6241730-B1,existing,1
US-6244809-B1,existing,1
US-D444555-S,existing,1
US-2001018591-A1,existing,1
US-6286514-B1,existing,1
US-6292678-B1,existing,1
US-6293282-B1,existing,1
US-6296635-B1,existing,1
US-6309397-B1,existing,1
US-6309403-B1,existing,1
US-6312435-B1,existing,1
US-6321106-B1,existing,1
WO-0189405-A1,existing,1
US-6327492-B1,existing,1
JP-2002000524-A,existing,1
US-2002003173-A1,existing,1
US-2002013601-A1,existing,1
US-6346072-B1,existing,1
US-2002026186-A1,existing,1
US-6352503-B1,existing,1
US-2002038077-A1,existing,1
US-6364888-B1,existing,1
US-6371952-B1,existing,1
US-6394998-B1,existing,1
US-2002065507-A1,existing,1
US-6398726-B1,existing,1
US-6400980-B1,existing,1
US-6408224-B1,existing,1
US-2002091374-A1,existing,1
US-6424885-B1,existing,1
US-2002103417-A1,existing,1
US-6432112-B2,existing,1
US-2002111535-A1,existing,1
US-6441577-B2,existing,1
US-2002120254-A1,existing,1
US-2002128552-A1,existing,1
US-6450992-B1,existing,1
US-6450104-B1,existing,1
US-6454758-B1,existing,1
US-6459926-B1,existing,1
US-2002140392-A1,existing,1
US-6463361-B1,existing,1
US-2002147487-A1,existing,1
US-2002151906-A1,existing,1
US-6468203-B2,existing,1
US-6470236-B2,existing,1
WO-02082979-A2,existing,1
US-2002156347-A1,existing,1
US-2002171385-A1,existing,1
US-2002173700-A1,existing,1
US-6493608-B1,existing,1
US-6491691-B1,existing,1
US-6491701-B2,existing,1
US-6496099-B2,existing,1
WO-02100256-A2,existing,1
US-2002190682-A1,existing,1
US-6497651-B1,existing,1
US-6508413-B2,existing,1
US-6512345-B2,existing,1
US-2003020810-A1,existing,1
US-6522906-B1,existing,1
US-2003045888-A1,existing,1
US-2003065250-A1,existing,1
US-6544276-B1,existing,1
US-6548982-B1,existing,1
US-6554790-B1,existing,1
US-2003092964-A1,existing,1
US-2003089267-A1,existing,1
US-2003097129-A1,existing,1
US-2003100817-A1,existing,1
US-6574355-B2,existing,1
US-2003109780-A1,existing,1
US-2003114731-A1,existing,1
US-6587750-B2,existing,1
US-6591239-B1,existing,1
US-6594552-B1,existing,1
US-2003135203-A1,existing,1
US-2003139742-A1,existing,1
US-2003144656-A1,existing,1
JP-2003220065-A,existing,1
US-6610007-B2,existing,1
US-2003159535-A1,existing,1
US-2003167000-A1,existing,1
US-6620173-B2,existing,1
US-2003172871-A1,existing,1
US-2003179308-A1,existing,1
US-2003181788-A1,existing,1
EP-1354670-A1,existing,1
US-6642836-B1,existing,1
US-6645196-B1,existing,1
US-6646541-B1,existing,1
US-6648814-B2,existing,1
US-2003225479-A1,existing,1
US-6659939-B2,existing,1
US-6661571-B1,existing,1
US-2003229268-A1,existing,1
US-2003229338-A1,existing,1
US-2003230372-A1,existing,1
US-6671581-B2,existing,1
US-6676684-B1,existing,1
US-6684129-B2,existing,1
US-6685698-B2,existing,1
US-6687571-B1,existing,1
US-6685648-B2,existing,1
US-2004024311-A1,existing,1
US-6692485-B1,existing,1
US-2004034302-A1,existing,1
US-2004034283-A1,existing,1
US-6699235-B2,existing,1
US-6702805-B1,existing,1
US-6702734-B2,existing,1
US-2004050394-A1,existing,1
US-6714839-B2,existing,1
US-6719684-B2,existing,1
US-6720988-B1,existing,1
US-2004070822-A1,existing,1
US-6728599-B2,existing,1
US-6726699-B1,existing,1
US-6730021-B2,existing,1
JP-2004144533-A,existing,1
US-2004099175-A1,existing,1
US-2004102772-A1,existing,1
US-6746443-B1,existing,1
US-2004111113-A1,existing,1
US-2004117032-A1,existing,1
JP-2004180781-A,existing,1
US-2004138552-A1,existing,1
US-2004138525-A1,existing,1
US-6764441-B2,existing,1
US-6764445-B2,existing,1
US-6766204-B2,existing,1
US-2004140786-A1,existing,1
US-6770081-B1,existing,1
US-2004153057-A1,existing,1
US-6774597-B1,existing,1
US-6776165-B2,existing,1
US-6780184-B2,existing,1
US-6785593-B2,existing,1
US-6788018-B1,existing,1
US-2004173116-A1,existing,1
US-2004176664-A1,existing,1
US-6793653-B2,existing,1
US-6792663-B2,existing,1
US-6799088-B2,existing,1
US-6801325-B2,existing,1
US-6804581-B2,existing,1
JP-2004283940-A,existing,1
US-6810281-B2,existing,1
US-2004215331-A1,existing,1
US-2004225229-A1,existing,1
US-6817974-B2,existing,1
US-6817975-B1,existing,1
US-6817972-B2,existing,1
JP-2004322310-A,existing,1
US-6820653-B1,existing,1
JP-2004329292-A,existing,1
US-6824508-B2,existing,1
US-6824510-B2,existing,1
US-6826977-B2,existing,1
US-2004254680-A1,existing,1
US-6832988-B2,existing,1
US-6832996-B2,existing,1
US-6836703-B2,existing,1
US-2004267326-A1,existing,1
US-6837846-B2,existing,1
US-6839612-B2,existing,1
US-6837883-B2,existing,1
US-6843793-B2,existing,1
US-2005014994-A1,existing,1
US-2005021069-A1,existing,1
WO-2005009211-A2,existing,1
US-6853879-B2,existing,1
US-6852107-B2,existing,1
US-2005029978-A1,existing,1
US-6858003-B2,existing,1
US-2005043583-A1,existing,1
US-6860877-B1,existing,1
US-6860346-B2,existing,1
US-2005049462-A1,existing,1
US-2005054901-A1,existing,1
US-2005054902-A1,existing,1
US-6866671-B2,existing,1
US-6871117-B2,existing,1
US-6870343-B2,existing,1
US-2005064378-A1,existing,1
US-2005065400-A1,existing,1
US-6871563-B2,existing,1
US-2005070850-A1,existing,1
US-6879880-B2,existing,1
US-2005083460-A1,existing,1
US-2005096502-A1,existing,1
US-2005095650-A1,existing,1
US-6892112-B2,existing,1
WO-2005044095-A1,existing,1
US-6899705-B2,existing,1
US-6902560-B1,existing,1
US-6905491-B1,existing,1
US-6905460-B2,existing,1
US-6911916-B1,existing,1
US-2005143644-A1,existing,1
US-6917176-B2,existing,1
US-2005154376-A1,existing,1
US-2005165449-A1,existing,1
US-2005177026-A1,existing,1
US-6933695-B2,existing,1
US-6936001-B1,existing,1
US-6936042-B2,existing,1
US-6936003-B2,existing,1
US-6943663-B2,existing,1
US-6949096-B2,existing,1
US-2005234294-A1,existing,1
US-2005234435-A1,existing,1
US-6963792-B1,existing,1
US-6965812-B2,existing,1
US-2005272977-A1,existing,1
US-6974411-B2,existing,1
US-6974449-B2,existing,1
US-2005283137-A1,existing,1
US-6979423-B2,existing,1
US-2005288555-A1,existing,1
US-2005288665-A1,existing,1
US-6984205-B2,existing,1
US-6984203-B2,existing,1
WO-2006005075-A2,existing,1
US-2006020272-A1,existing,1
US-6993413-B2,existing,1
US-6991627-B2,existing,1
US-6994708-B2,existing,1
US-6994703-B2,existing,1
US-6997908-B2,existing,1
US-6999852-B2,existing,1
US-2006046226-A1,existing,1
JP-2006508049-A,existing,1
JP-2006507809-A,existing,1
US-7025064-B2,existing,1
US-7027892-B2,existing,1
US-2006079889-A1,existing,1
US-7033344-B2,existing,1
US-7039453-B2,existing,1
US-7042184-B2,existing,1
US-2006100501-A1,existing,1
WO-2006052927-A2,existing,1
US-7048745-B2,existing,1
US-7053752-B2,existing,1
US-2006119304-A1,existing,1
US-7063682-B1,existing,1
US-7066926-B2,existing,1
US-7066879-B2,existing,1
US-2006149135-A1,existing,1
US-7074179-B2,existing,1
US-2006152591-A1,existing,1
US-2006155263-A1,existing,1
US-7077446-B2,existing,1
WO-2006079108-A1,existing,1
US-7083571-B2,existing,1
US-7083615-B2,existing,1
US-7087049-B2,existing,1
US-2006189845-A1,existing,1
US-7097640-B2,existing,1
US-2006195015-A1,existing,1
US-2006196301-A1,existing,1
US-2006198619-A1,existing,1
US-7105000-B2,existing,1
US-7107090-B2,existing,1
US-7109678-B2,existing,1
US-7118582-B1,existing,1
US-7121781-B2,existing,1
US-7125403-B2,existing,1
US-7126303-B2,existing,1
US-2006241570-A1,existing,1
US-2006241732-A1,existing,1
US-2006253109-A1,existing,1
US-2006258954-A1,existing,1
US-2006261770-A1,existing,1
US-7147650-B2,existing,1
US-7155316-B2,existing,1
US-7155315-B2,existing,1
US-7163525-B2,existing,1
WO-2007011654-A1,existing,1
US-7169141-B2,existing,1
US-2007032701-A1,existing,1
US-2007043397-A1,existing,1
US-7182025-B2,existing,1
US-7182089-B2,existing,1
US-2007055342-A1,existing,1
US-7199545-B2,existing,1
US-2007080658-A1,existing,1
US-7206627-B2,existing,1
US-7206626-B2,existing,1
US-2007088277-A1,existing,1
US-7210364-B2,existing,1
US-7214230-B2,existing,1
US-2007106113-A1,existing,1
US-2007106317-A1,existing,1
US-7217240-B2,existing,1
US-2007123748-A1,existing,1
US-2007135803-A1,existing,1
US-2007142725-A1,existing,1
US-7239940-B2,existing,1
US-2007156211-A1,existing,1
US-2007156019-A1,existing,1
US-2007167955-A1,existing,1
US-7250028-B2,existing,1
US-7259652-B2,existing,1
US-7273488-B2,existing,1
US-2007225634-A1,existing,1
US-2007225633-A1,existing,1
WO-2007111571-A1,existing,1
US-2007244520-A1,existing,1
US-2007241714-A1,existing,1
US-2007250064-A1,existing,1
US-2007255273-A1,existing,1
US-2007287884-A1,existing,1
US-7311107-B2,existing,1
WO-2007149559-A2,existing,1
US-2008004634-A1,existing,1
US-2008015566-A1,existing,1
US-2008015565-A1,existing,1
US-2008021440-A1,existing,1
US-2008033569-A1,existing,1
US-2008045803-A1,existing,1
US-7339341-B2,existing,1
US-2008058835-A1,existing,1
US-2008058989-A1,existing,1
US-2008071290-A1,existing,1
US-2008071289-A1,existing,1
US-2008103440-A1,existing,1
US-2008109014-A1,existing,1
US-7372229-B2,existing,1
US-2008111513-A1,existing,1
US-2008119870-A1,existing,1
US-2008132890-A1,existing,1
US-2008161804-A1,existing,1
US-2008164079-A1,existing,1
US-2008168639-A1,existing,1
US-7403836-B2,existing,1
US-2008183033-A1,existing,1
US-2008221591-A1,existing,1
US-7438702-B2,existing,1
US-2008269557-A1,existing,1
US-2008269562-A1,existing,1
US-7447537-B1,existing,1
US-2009002414-A1,existing,1
US-2009012532-A1,existing,1
US-2009020724-A1,existing,1
US-2009024142-A1,existing,1
WO-2009014917-A2,existing,1
US-7492116-B2,existing,1
US-2009048612-A1,existing,1
WO-2009023851-A1,existing,1
US-2009054909-A1,existing,1
US-2009069821-A1,existing,1
US-2009076536-A1,existing,1
JP-2009106606-A,existing,1
US-2009137952-A1,existing,1
US-2009143787-A9,existing,1
US-2009163929-A1,existing,1
US-2009171373-A1,existing,1
US-7566300-B2,existing,1
US-2009192524-A1,existing,1
US-7574250-B2,existing,1
US-2009234369-A1,existing,1
US-2009240246-A1,existing,1
US-2009236400-A1,existing,1
US-2009248038-A1,existing,1
US-2009247821-A1,existing,1
US-2009281377-A1,existing,1
WO-2009144729-A1,existing,1
US-2009299143-A1,existing,1
US-2009305210-A1,existing,1
JP-2009297809-A,existing,1
US-7637905-B2,existing,1
WO-2009158164-A1,existing,1
US-2009326322-A1,existing,1
US-7645230-B2,existing,1
US-2010010294-A1,existing,1
US-2010016853-A1,existing,1
US-2010016659-A1,existing,1
US-7655004-B2,existing,1
US-2010026347-A1,existing,1
US-2010042097-A1,existing,1
US-7670329-B2,existing,1
US-2010056863-A1,existing,1
US-7678043-B2,existing,1
US-2010069710-A1,existing,1
US-2010069940-A1,existing,1
US-2010081875-A1,existing,1
WO-2010039394-A1,existing,1
WO-2010042611-A1,existing,1
US-2010101346-A1,existing,1
WO-2010046823-A1,existing,1
WO-2010050771-A2,existing,1
US-2010130986-A1,existing,1
US-7734375-B2,existing,1
US-7731727-B2,existing,1
US-2010139436-A1,existing,1
US-2010185212-A1,existing,1
WO-2010083480-A2,existing,1
US-7762825-B2,existing,1
US-2010198231-A1,existing,1
US-7772796-B2,existing,1
US-2010204713-A1,existing,1
US-7785333-B2,existing,1
US-7785251-B2,existing,1
US-7785294-B2,existing,1
US-7789825-B2,existing,1
US-7789861-B2,existing,1
US-7794494-B2,existing,1
US-2010250000-A1,existing,1
US-2010245549-A1,existing,1
US-2010262162-A1,existing,1
JP-2010533045-A,existing,1
US-2010263470-A1,existing,1
US-2010274079-A1,existing,1
US-2010292691-A1,existing,1
US-2010301095-A1,existing,1
JP-2010536436-A,existing,1
US-2010318059-A1,existing,1
US-2010331856-A1,existing,1
US-7865266-B2,existing,1
US-2011015569-A1,existing,1
US-2011020779-A1,existing,1
JP-2011504794-A,existing,1
EP-2286756-A1,existing,1
JP-2011045500-A,existing,1
US-2011071347-A1,existing,1
US-2011071544-A1,existing,1
US-2011075693-A1,existing,1
US-2011077478-A1,existing,1
US-2011082365-A1,existing,1
US-2011098529-A1,existing,1
US-2011107866-A1,existing,1
EP-2329787-A2,existing,1
US-7960935-B2,existing,1
JP-2011115591-A,existing,1
WO-2011075693-A1,existing,1
US-2011152615-A1,existing,1
US-7979157-B2,existing,1
US-2011224605-A1,existing,1
US-8021358-B2,existing,1
US-2011230894-A1,existing,1
US-2011238079-A1,existing,1
US-2011238080-A1,existing,1
US-2011237890-A1,existing,1
WO-2011118646-A1,existing,1
US-2011264078-A1,existing,1
WO-2011135503-A1,existing,1
US-2011270443-A1,existing,1
US-2011276046-A1,existing,1
WO-2011163520-A2,existing,1
US-2012016175-A1,existing,1
US-2012029727-A1,existing,1
US-2012035582-A1,existing,1
JP-2012504017-A,existing,1
US-2012059392-A1,existing,1
DE-102010040405-A1,existing,1
US-2012078053-A1,existing,1
US-2012109150-A1,existing,1
US-2012116362-A1,existing,1
US-8179073-B2,existing,1
CN-102499759-A,existing,1
US-2012179168-A1,existing,1
US-8231610-B2,existing,1
US-2012221147-A1,existing,1
JP-2012176489-A,existing,1
US-2012253515-A1,existing,1
CN-102821918-A,existing,1
US-8343171-B2,existing,1
US-2013001970-A1,existing,1
US-8353897-B2,existing,1
WO-2013009887-A1,existing,1
US-2013041360-A1,existing,1
US-8377045-B2,existing,1
EP-2563261-A1,existing,1
US-2013055560-A1,existing,1
WO-2013052137-A2,existing,1
US-8430851-B2,existing,1
US-2013125696-A1,existing,1
US-2013131695-A1,existing,1
US-2013178867-A1,existing,1
WO-2013106569-A2,existing,1
US-2013282023-A1,existing,1
US-2013304084-A1,existing,1
US-2013325030-A1,existing,1
US-2013325181-A1,existing,1
US-8604742-B2,existing,1
US-2013345718-A1,existing,1
US-2013345717-A1,existing,1
EP-2684528-A1,existing,1
WO-2014011238-A2,existing,1
US-8636686-B2,existing,1
US-2014039515-A1,existing,1
WO-2014025399-A1,existing,1
US-2014046340-A1,existing,1
JP-5418704-B1,existing,1
US-2014058205-A1,existing,1
US-2014055489-A1,existing,1
US-8679096-B2,existing,1
US-2014100587-A1,existing,1
US-2014137687-A1,existing,1
US-2014195052-A1,existing,1
US-2014221749-A1,existing,1
US-2014232824-A1,existing,1
US-8827337-B2,existing,1
US-8828024-B2,existing,1
US-8834488-B2,existing,1
WO-2014146090-A1,existing,1
US-2014276944-A1,existing,1
WO-2014144220-A1,existing,1
US-2014303434-A1,existing,1
US-8864652-B2,existing,1
US-8888687-B2,existing,1
EP-2123225-B1,existing,1
US-2014371762-A1,existing,1
EP-2815705-A1,existing,1
WO-2015009949-A2,existing,1
US-2015051446-A1,existing,1
US-2015057537-A1,existing,1
WO-2015031777-A1,existing,1
US-8986196-B2,existing,1
US-9010214-B2,existing,1
CN-104523309-A,existing,1
CN-104582600-A,existing,1
CN-204337044-U,existing,1
CN-104622528-A,existing,1
EP-2881046-A2,existing,1
US-2015157191-A1,existing,1
WO-2015088655-A1,existing,1
US-9089353-B2,existing,1
US-9089256-B2,existing,1
US-2015223896-A1,existing,1
JP-2015526171-A,existing,1
US-9138129-B2,existing,1
US-2015297299-A1,existing,1
EP-2937047-A1,existing,1
CN-105025826-A,existing,1
US-9198728-B2,existing,1
US-2016066999-A1,existing,1
US-2016135898-A1,existing,1
WO-2016077478-A1,existing,1
US-2016291571-A1,existing,1
US-2016303745-A1,existing,1
US-9516996-B2,existing,1
JP-2016213937-A,existing,1
US-2017014197-A1,existing,1
WO-2017024081-A1,existing,1
US-2017035526-A1,existing,1
US-2017078583-A1,existing,1
WO-2017064303-A1,existing,1
US-9649020-B2,existing,1
JP-2017113837-A,existing,1
US-9717563-B2,existing,1
US-9743987-B2,existing,1
US-2017252096-A1,existing,1
US-9757187-B2,existing,1
US-9770305-B2,existing,1
US-9789608-B2,existing,1
US-9816641-B2,existing,1
US-9814640-B1,existing,1
WO-2017201310-A1,existing,1
US-2017354470-A1,existing,1
US-9849586-B2,existing,1
US-9857786-B2,existing,1
US-9888966-B2,existing,1
WO-2018045036-A1,existing,1
US-2018132956-A1,existing,1
US-2018153634-A1,existing,1
US-2018153578-A1,existing,1
US-10008017-B2,existing,1
US-10111711-B2,existing,1
US-10137575-B2,existing,1
US-2018338777-A1,existing,1
US-10159533-B2,existing,1
US-2019059983-A1,existing,1
US-10220522-B2,existing,1
US-2019090965-A1,existing,1
US-10258425-B2,existing,1
US-10307199-B2,existing,1
US-10342561-B2,existing,1
US-2019209262-A1,existing,1
US-10368952-B2,existing,1
US-10398516-B2,existing,1
US-2019327394-A1,existing,1
US-10470828-B2,existing,1
US-10507066-B2,existing,1
US-10555775-B2,existing,1
US-10582973-B2,existing,1
US-2020138534-A1,existing,1
US-10695137-B2,existing,1
US-2020214775-A1,existing,1
US-10729503-B2,existing,1
US-10737394-B2,existing,1
US-10751883-B2,existing,1
US-10751136-B2,existing,1
US-10806538-B2,existing,1
US-2020330175-A1,existing,1
US-2020368915-A1,existing,1
US-10966700-B2,existing,1
US-11032125-B2,existing,1
US-11298195-B2,existing,1
US-11382702-B2,existing,1
US-11529201-B2,existing,1
US-11595242-B2,existing,1
JP-7306155-B2,existing,1
US-3763860-A,existing,1
US-12268460-B2,existing,1
US-4040413-A,existing,1
US-4198960-A,existing,1
US-4470407-A,existing,1
US-4532935-A,existing,1
US-4747405-A,existing,1
US-4854301-A,existing,1
EP-0347098-A2,existing,1
US-4898574-A,existing,1
US-4983165-A,existing,1
US-5029574-A,existing,1
US-5085659-A,existing,1
US-5150452-A,existing,1
US-5196023-A,existing,1
US-5199417-A,existing,1
US-5217465-A,existing,1
US-5308323-A,existing,1
US-5318589-A,existing,1
US-5325848-A,existing,1
US-5342381-A,existing,1
US-5344395-A,existing,1
US-5353783-A,existing,1
US-5370609-A,existing,1
US-5372124-A,existing,1
US-5411016-A,existing,1
US-5431649-A,existing,1
US-5441485-A,existing,1
US-5449356-A,existing,1
US-5450843-A,existing,1
US-5472426-A,existing,1
US-5496267-A,existing,1
US-5501667-A,existing,1
US-5520684-A,existing,1
US-5545170-A,existing,1
US-5562678-A,existing,1
US-5562648-A,existing,1
US-5562239-A,existing,1
US-5573535-A,existing,1
US-5572999-A,existing,1
US-5613973-A,existing,1
US-5645083-A,existing,1
US-5653374-A,existing,1
US-5658311-A,existing,1
US-5695500-A,existing,1
US-5697949-A,existing,1
US-5710870-A,existing,1
US-5716325-A,existing,1
US-5737500-A,existing,1
US-5788667-A,existing,1
US-5792165-A,existing,1
US-5798627-A,existing,1
US-5810770-A,existing,1
US-5893869-A,existing,1
US-5897491-A,existing,1
US-5924175-A,existing,1
US-5943056-A,existing,1
US-5989230-A,existing,1
US-6071281-A,existing,1
US-6093157-A,existing,1
US-6110171-A,existing,1
US-6120498-A,existing,1
US-6120476-A,existing,1
US-6156030-A,existing,1
US-6174318-B1,existing,1
US-6183435-B1,existing,1
US-6236906-B1,existing,1
US-6322557-B1,existing,1
US-2002019644-A1,existing,1
US-6375635-B1,existing,1
US-6405078-B1,existing,1
US-2002111621-A1,existing,1
US-2002111608-A1,existing,1
US-6440061-B1,existing,1
US-2003004455-A1,existing,1
US-6508823-B1,existing,1
US-2003040681-A1,existing,1
US-2003065358-A1,existing,1
US-2003100892-A1,existing,1
US-6577891-B1,existing,1
US-2003109889-A1,existing,1
US-2003109877-A1,existing,1
EP-1321106-A1,existing,1
US-2003158545-A1,existing,1
US-2003181809-A1,existing,1
US-2003208189-A1,existing,1
US-6676668-B2,existing,1
US-6706050-B1,existing,1
US-2004128026-A1,existing,1
US-2004143253-A1,existing,1
US-2004153093-A1,existing,1
US-2004158261-A1,existing,1
US-2004176751-A1,existing,1
US-2004186349-A1,existing,1
US-2004193146-A1,existing,1
US-2004210116-A1,existing,1
US-2004253079-A1,existing,1
US-2005033270-A1,existing,1
US-2005054900-A1,existing,1
US-2005159645-A1,existing,1
JP-2005270464-A,existing,1
US-2005240178-A1,existing,1
US-2005261705-A1,existing,1
US-2006015133-A1,existing,1
US-2006058617-A1,existing,1
US-2006058813-A1,existing,1
US-2006116693-A1,existing,1
US-2006135963-A1,existing,1
US-2006156875-A1,existing,1
US-2006161137-A1,existing,1
US-2006178556-A1,existing,1
US-2006189891-A1,existing,1
WO-2006124390-A2,existing,1
US-2007016164-A1,existing,1
US-2007027443-A1,existing,1
US-2007027534-A1,existing,1
US-2007032906-A1,existing,1
US-2007106304-A1,existing,1
US-2007123855-A1,existing,1
US-2007208375-A1,existing,1
US-2007213668-A1,existing,1
US-2007239178-A1,existing,1
US-7282055-B2,existing,1
US-2007250111-A1,existing,1
EP-1849423-A2,existing,1
US-2007299427-A1,existing,1
US-2008033467-A1,existing,1
US-2008046122-A1,existing,1
US-2008045981-A1,existing,1
US-2008065111-A1,existing,1
US-2008065112-A1,existing,1
US-2008125698-A1,existing,1
US-2008147089-A1,existing,1
US-2008187101-A1,existing,1
US-2008196533-A1,existing,1
US-2008228104-A1,existing,1
US-2009005768-A1,existing,1
US-2009012507-A1,existing,1
US-2009030446-A1,existing,1
US-2009036900-A1,existing,1
US-2009043305-A1,existing,1
US-2009048611-A1,existing,1
US-2009082634-A1,existing,1
US-2009088774-A1,existing,1
US-2009105723-A1,existing,1
US-2009131885-A1,existing,1
CN-101443069-A,existing,1
US-2009161827-A1,existing,1
US-7559934-B2,existing,1
CN-100515347-C,existing,1
US-2009227998-A1,existing,1
US-2009248043-A1,existing,1
US-2009248041-A1,existing,1
US-2009264878-A1,existing,1
US-2009270760-A1,existing,1
US-2009287188-A1,existing,1
US-2009299352-A1,existing,1
US-2009312773-A1,existing,1
US-2009326318-A1,existing,1
US-2010004642-A1,existing,1
US-2010010504-A1,existing,1
US-2010011900-A1,existing,1
US-2010016852-A1,existing,1
US-2010011901-A1,existing,1
US-2010082017-A1,existing,1
US-2010081965-A1,existing,1
US-2010100045-A1,existing,1
US-7736356-B2,existing,1
US-2010174410-A1,existing,1
US-2010179632-A1,existing,1
US-2010204605-A1,existing,1
US-2010204646-A1,existing,1
US-2010217235-A1,existing,1
US-2010225209-A1,existing,1
US-2010228249-A1,existing,1
US-2010234857-A1,existing,1
US-2010268211-A1,existing,1
US-2010286712-A1,existing,1
US-2010312141-A1,existing,1
US-2010331858-A1,existing,1
US-2011015483-A1,existing,1
US-2011028790-A1,existing,1
US-2011071543-A1,existing,1
US-2011071541-A1,existing,1
US-2011106146-A1,existing,1
US-2011125165-A1,existing,1
US-7963911-B2,existing,1
US-2011152880-A1,existing,1
US-2011160713-A1,existing,1
US-2011160745-A1,existing,1
US-2011167611-A1,existing,1
US-7987046-B1,existing,1
US-2011184558-A1,existing,1
US-8004229-B2,existing,1
US-8002713-B2,existing,1
US-2011208211-A1,existing,1
US-2011213362-A1,existing,1
US-2011224660-A1,existing,1
US-8021326-B2,existing,1
US-2011238064-A1,existing,1
US-8038598-B2,existing,1
US-2011257641-A1,existing,1
US-2011264112-A1,existing,1
US-2011276085-A1,existing,1
US-2011277775-A1,existing,1
US-2011313343-A1,existing,1
WO-2011161218-A1,existing,1
US-8092397-B2,existing,1
US-2012048759-A1,existing,1
US-2012069167-A1,existing,1
US-8187173-B2,existing,1
US-2012138586-A1,existing,1
US-2012138660-A1,existing,1
US-2012209315-A1,existing,1
US-8257303-B2,existing,1
US-2012232342-A1,existing,1
US-2012253332-A1,existing,1
US-2012253277-A1,existing,1
US-2012259320-A1,existing,1
US-2012283747-A1,existing,1
US-2012296318-A1,existing,1
US-2012302869-A1,existing,1
US-2013006144-A1,existing,1
US-2013035537-A1,existing,1
US-2013053877-A1,existing,1
US-2013066136-A1,existing,1
US-2013085486-A1,existing,1
US-2013085442-A1,existing,1
US-2013096422-A1,existing,1
US-2013096574-A1,existing,1
US-2013110042-A1,existing,1
US-2013110107-A1,existing,1
US-2013116716-A1,existing,1
US-2013144395-A1,existing,1
US-2013144274-A1,existing,1
US-8480595-B2,existing,1
US-2013190796-A1,existing,1
WO-2013107468-A1,existing,1
US-2013225997-A1,existing,1
US-2013226161-A1,existing,1
US-8523762-B2,existing,1
CN-103298414-A,existing,1
US-2013233908-A1,existing,1
US-8541970-B2,existing,1
US-8540748-B2,existing,1
US-2013253267-A1,existing,1
US-2013303876-A1,existing,1
US-2013310819-A1,existing,1
US-2013317519-A1,existing,1
US-2013334281-A1,existing,1
US-2013345686-A1,existing,1
US-2014005681-A1,existing,1
US-2014039681-A1,existing,1
US-2014039517-A1,existing,1
US-2014046308-A1,existing,1
US-8652030-B2,existing,1
US-2014051985-A1,existing,1
US-2014051049-A1,existing,1
US-2014058404-A1,existing,1
US-2014058365-A1,existing,1
US-2014058428-A1,existing,1
US-2014100445-A1,existing,1
US-2014142591-A1,existing,1
US-8749190-B2,existing,1
US-2014163318-A1,existing,1
US-2014163736-A1,existing,1
US-2014194859-A1,existing,1
US-2014194905-A1,existing,1
US-8786241-B2,existing,1
US-2014222207-A1,existing,1
US-2014243801-A1,existing,1
US-2014243849-A1,existing,1
US-8821480-B2,existing,1
US-8820603-B2,existing,1
US-2014246473-A1,existing,1
US-2014257333-A1,existing,1
US-2014275956-A1,existing,1
US-2014276956-A1,existing,1
US-2014276723-A1,existing,1
US-2014309655-A1,existing,1
US-2014316203-A1,existing,1
US-8882660-B2,existing,1
US-2014357984-A1,existing,1
US-2015025549-A1,existing,1
US-8945163-B2,existing,1
US-2015045675-A1,existing,1
US-8956280-B2,existing,1
US-2015073439-A1,existing,1
US-2015080879-A1,existing,1
US-2015088161-A1,existing,1
US-2015127045-A1,existing,1
CN-104619281-A,existing,1
US-2015133960-A1,existing,1
US-9044257-B2,existing,1
US-2015150635-A1,existing,1
US-2015164522-A1,existing,1
US-2015190204-A1,existing,1
US-2015201917-A1,existing,1
US-2015202085-A1,existing,1
US-2015223832-A1,existing,1
WO-2015153174-A1,existing,1
US-2015305650-A1,existing,1
US-2015314110-A1,existing,1
US-9179979-B2,existing,1
US-2015366629-A1,existing,1
US-2015374446-A1,existing,1
US-2016008979-A1,existing,1
US-2016022289-A1,existing,1
US-2016022466-A1,existing,1
US-2016030073-A1,existing,1
US-9259282-B2,existing,1
US-2016045208-A1,existing,1
US-2016051318-A1,existing,1
US-2016066935-A1,existing,1
US-9296104-B2,existing,1
US-9345456-B2,existing,1
US-9345544-B2,existing,1
US-2016158490-A1,existing,1
US-2016158936-A1,existing,1
US-9375284-B2,existing,1
US-2016183841-A1,existing,1
US-2016199984-A1,existing,1
US-9415510-B2,existing,1
US-2016235495-A1,existing,1
US-2016242858-A1,existing,1
WO-2016137612-A1,existing,1
US-2016249932-A1,existing,1
US-2016270865-A1,existing,1
US-9460536-B2,existing,1
US-2016287279-A1,existing,1
US-2016303743-A1,existing,1
US-2016302871-A1,existing,1
US-2016310146-A1,existing,1
US-9480534-B2,existing,1
US-2016324587-A1,existing,1
US-2016331358-A1,existing,1
US-9504604-B2,existing,1
CN-205729413-U,existing,1
US-9510911-B2,existing,1
US-9517106-B2,existing,1
US-2016367324-A1,existing,1
US-2017000577-A1,existing,1
US-2017007337-A1,existing,1
US-9561083-B2,existing,1
US-9566125-B2,existing,1
US-2017049471-A1,existing,1
US-2017055995-A1,existing,1
US-2017065227-A1,existing,1
US-9592042-B2,existing,1
US-2017071456-A1,existing,1
US-2017071584-A1,existing,1
US-9597152-B2,existing,1
WO-2017048194-A1,existing,1
US-2017086934-A1,existing,1
US-2017095234-A1,existing,1
US-2017095299-A1,existing,1
US-2017095295-A1,existing,1
US-9622827-B2,existing,1
US-9636184-B2,existing,1
US-2017135710-A1,existing,1
US-2017135706-A1,existing,1
US-2017135833-A1,existing,1
US-2017143442-A1,existing,1
US-2017151416-A1,existing,1
US-9668768-B2,existing,1
US-9675422-B2,existing,1
US-2017165009-A1,existing,1
US-2017172680-A1,existing,1
US-2017172553-A1,existing,1
US-9687310-B2,existing,1
US-2017189118-A1,existing,1
WO-2017114855-A1,existing,1
US-2017189131-A1,existing,1
US-2017202627-A1,existing,1
US-9713509-B2,existing,1
US-2017209073-A1,existing,1
US-9727963-B2,existing,1
US-9730757-B2,existing,1
US-9737373-B2,existing,1
US-9737371-B2,existing,1
US-9744335-B2,existing,1
US-2017258534-A1,existing,1
US-9763741-B2,existing,1
US-2017265923-A1,existing,1
US-2017265954-A1,existing,1
US-9782229-B2,existing,1
US-2017290631-A1,existing,1
US-9788910-B2,existing,1
US-2017319289-A1,existing,1
US-2017333145-A1,existing,1
US-2017333147-A1,existing,1
US-9844412-B2,existing,1
US-2018000563-A1,existing,1
US-9867635-B2,existing,1
US-2018025666-A1,existing,1
US-2018049824-A1,existing,1
US-9918681-B2,existing,1
US-2018079090-A1,existing,1
US-2018080841-A1,existing,1
US-9931025-B1,existing,1
US-2018098817-A1,existing,1
US-9943962-B2,existing,1
WO-2018069679-A1,existing,1
US-9949749-B2,existing,1
US-9955986-B2,existing,1
US-9962228-B2,existing,1
US-2018140371-A1,existing,1
US-9980785-B2,existing,1
US-9993313-B2,existing,1
US-10016900-B1,existing,1
US-2018193049-A1,existing,1
US-10022192-B1,existing,1
US-10029367-B2,existing,1
US-2018206931-A1,existing,1
US-2018221039-A1,existing,1
US-2018221038-A1,existing,1
US-2018243906-A1,existing,1
US-2018250085-A1,existing,1
US-10071479-B2,existing,1
US-10080576-B2,existing,1
US-2018279852-A1,existing,1
US-2018289431-A1,existing,1
WO-2018189722-A1,existing,1
US-2018296285-A1,existing,1
US-10117713-B2,existing,1
US-2018325499-A1,existing,1
US-10130429-B1,existing,1
US-10136959-B2,existing,1
US-10136949-B2,existing,1
US-2018338799-A1,existing,1
US-10145747-B1,existing,1
US-10149720-B2,existing,1
US-10154822-B2,existing,1
US-2018360435-A1,existing,1
US-10159532-B1,existing,1
US-2018368920-A1,existing,1
US-10169875-B2,existing,1
US-2019000559-A1,existing,1
US-2019000560-A1,existing,1
US-2019000576-A1,existing,1
US-2019015166-A1,existing,1
US-2019054620-A1,existing,1
US-10219868-B2,existing,1
US-10219874-B2,existing,1
US-2019069962-A1,existing,1
US-10231793-B2,existing,1
US-10231867-B2,existing,1
US-2019090967-A1,existing,1
US-10244926-B2,existing,1
US-2019099232-A1,existing,1
US-2019099231-A1,existing,1
US-2019105117-A1,existing,1
US-2019110839-A1,existing,1
US-2019117320-A1,existing,1
US-2019117324-A1,existing,1
US-10285574-B2,existing,1
US-2019151148-A1,existing,1
US-10299870-B2,existing,1
US-2019167366-A1,existing,1
US-10314463-B2,existing,1
US-10314661-B2,existing,1
US-2019175009-A1,existing,1
US-2019183587-A1,existing,1
US-2019183585-A1,existing,1
US-10327855-B2,existing,1
US-2019192249-A1,existing,1
US-10350017-B2,existing,1
US-2019216550-A1,existing,1
US-2019216548-A1,existing,1
US-2019216576-A1,existing,1
US-2019223974-A1,existing,1
US-2019231460-A1,existing,1
US-2019239890-A1,existing,1
US-10383765-B2,existing,1
US-2019262086-A1,existing,1
US-10398518-B2,existing,1
US-2019269468-A1,existing,1
US-10405939-B2,existing,1
US-10405940-B2,existing,1
US-2019274764-A1,existing,1
US-2019290109-A1,existing,1
US-10426661-B2,existing,1
US-10426559-B2,existing,1
US-2019298469-A1,existing,1
US-2019298464-A1,existing,1
US-2019298460-A1,existing,1
US-2019298465-A1,existing,1
US-10434660-B2,existing,1
US-2019314616-A1,existing,1
KR-20190123673-A,existing,1
US-10463440-B2,existing,1
US-10464209-B2,existing,1
US-2019336238-A1,existing,1
US-10470830-B2,existing,1
US-10482599-B2,existing,1
US-10493241-B2,existing,1
US-2019365209-A1,existing,1
US-2019365201-A1,existing,1
US-2019365486-A1,existing,1
US-2019365479-A1,existing,1
US-10500001-B2,existing,1
US-2019375383-A1,existing,1
US-2019380787-A1,existing,1
US-2019380797-A1,existing,1
US-10517692-B2,existing,1
US-2020000533-A1,existing,1
US-10524866-B2,existing,1
US-10539478-B2,existing,1
US-10543048-B2,existing,1
US-2020030046-A1,existing,1
US-2020039086-A1,existing,1
US-2020038123-A1,existing,1
US-10555778-B2,existing,1
US-2020046434-A1,existing,1
US-2020060516-A1,existing,1
US-2020085516-A1,existing,1
US-2020093554-A1,existing,1
US-2020093549-A1,existing,1
US-2020100855-A1,existing,1
US-2020107894-A1,existing,1
WO-2020075501-A1,existing,1
US-2020121502-A1,existing,1
US-10631949-B2,existing,1
US-10639109-B2,existing,1
US-10639114-B2,existing,1
US-10639108-B2,existing,1
US-2020138531-A1,existing,1
US-10646291-B2,existing,1
US-2020146769-A1,existing,1
US-2020163726-A1,existing,1
US-10667871-B2,existing,1
US-10667875-B2,existing,1
US-2020170720-A1,existing,1
US-2020171660-A1,existing,1
US-10682189-B2,existing,1
US-2020188043-A1,existing,1
US-2020197112-A1,existing,1
US-2020197109-A1,existing,1
US-2020206472-A1,existing,1
US-10702348-B2,existing,1
US-2020217733-A1,existing,1
US-2020222134-A1,existing,1
US-10716461-B2,existing,1
US-2020237458-A1,existing,1
US-10744035-B2,existing,1
US-10743751-B2,existing,1
US-2020261172-A1,existing,1
US-10751140-B2,existing,1
US-2020268460-A1,existing,1
US-2020268459-A1,existing,1
US-10765303-B2,existing,1
US-10765487-B2,existing,1
US-2020281787-A1,existing,1
US-10779898-B2,existing,1
US-2020297444-A1,existing,1
US-2020297437-A1,existing,1
US-10786432-B2,existing,1
US-10786329-B2,existing,1
US-2020305983-A1,existing,1
US-2020305989-A1,existing,1
US-2020305992-A1,existing,1
US-10792466-B2,existing,1
US-10792464-B2,existing,1
US-2020315717-A1,existing,1
US-2020315723-A1,existing,1
US-2020323596-A1,existing,1
US-2020330167-A1,existing,1
US-10814101-B2,existing,1
US-10813539-B2,existing,1
US-10820947-B2,existing,1
US-10820954-B2,existing,1
US-2020345216-A1,existing,1
US-10828118-B2,existing,1
US-10827913-B2,existing,1
US-2020352420-A1,existing,1
US-10835153-B2,existing,1
US-2020360100-A1,existing,1
US-2020360183-A1,existing,1
US-2020367981-A1,existing,1
US-2020367726-A1,existing,1
US-10850013-B2,existing,1
US-2020375678-A1,existing,1
US-10959792-B1,existing,1
US-11037464-B2,existing,1
US-11096753-B1,existing,1
US-2021290320-A1,existing,1
US-2021298847-A1,existing,1
US-2021298851-A1,existing,1
US-11234780-B2,existing,1
US-11357586-B2,existing,1
US-11771512-B2,existing,1
US-4559936-A,existing,1
US-11999065-B2,existing,1
US-5413573-A,existing,1
WO-9531148-A1,existing,1
US-5540696-A,existing,1
US-5630431-A,existing,1
US-5800438-A,existing,1
US-6328752-B1,existing,1
US-2002055918-A1,existing,1
US-6595997-B2,existing,1
US-6685711-B2,existing,1
US-6758850-B2,existing,1
WO-2004070580-A2,existing,1
US-6827723-B2,existing,1
US-2004260301-A1,existing,1
US-2005020941-A1,existing,1
US-6859661-B2,existing,1
EP-1518501-A2,existing,1
US-2005119661-A1,existing,1
US-2005149040-A1,existing,1
US-2005171545-A1,existing,1
US-2005234466-A1,existing,1
US-2005251148-A1,existing,1
US-2006015120-A1,existing,1
US-7008362-B2,existing,1
US-2006064043-A1,existing,1
WO-2006078236-A1,existing,1
EP-1690503-A1,existing,1
US-2006200026-A1,existing,1
EP-1226788-B1,existing,1
US-2006241405-A1,existing,1
US-2007073136-A1,existing,1
US-2007123896-A1,existing,1
US-2007179626-A1,existing,1
WO-2007092841-A2,existing,1
EP-1755466-B1,existing,1
US-2008004633-A1,existing,1
US-7412897-B2,existing,1
US-2008208081-A1,existing,1
US-2008281328-A1,existing,1
US-2008281301-A1,existing,1
US-2008281426-A1,existing,1
EP-2007291-A2,existing,1
US-7510557-B1,existing,1
US-7547307-B2,existing,1
US-7591821-B2,existing,1
US-7607440-B2,existing,1
US-7618421-B2,existing,1
US-7634306-B2,existing,1
EP-2156794-A1,existing,1
US-7670345-B2,existing,1
US-2010063508-A1,existing,1
US-2010064216-A1,existing,1
US-7696899-B2,existing,1
US-2010145344-A1,existing,1
US-7809421-B1,existing,1
US-2011029091-A1,existing,1
US-2011071530-A1,existing,1
US-2011071528-A1,existing,1
US-7927336-B2,existing,1
US-7931655-B2,existing,1
US-7945310-B2,existing,1
US-7963913-B2,existing,1
US-8007448-B2,existing,1
US-8010180-B2,existing,1
US-8038683-B2,existing,1
EP-2384714-A1,existing,1
US-8078440-B2,existing,1
US-8075317-B2,existing,1
US-2011306986-A1,existing,1
US-2011304332-A1,existing,1
US-8096997-B2,existing,1
US-8116847-B2,existing,1
US-8126533-B2,existing,1
US-8160345-B2,existing,1
US-8170888-B2,existing,1
US-8172775-B2,existing,1
US-2012143084-A1,existing,1
US-8197549-B2,existing,1
WO-2012082164-A1,existing,1
WO-2012101286-A1,existing,1
US-8257360-B2,existing,1
US-2012226481-A1,existing,1
US-2012226198-A1,existing,1
US-8265949-B2,existing,1
US-8265790-B2,existing,1
US-8277455-B2,existing,1
EP-1919390-B1,existing,1
US-8337508-B2,existing,1
US-8357111-B2,existing,1
US-8377129-B2,existing,1
US-8386077-B2,existing,1
US-2013085510-A1,existing,1
US-2013123983-A1,existing,1
US-2013172905-A1,existing,1
US-2013209953-A1,existing,1
US-8521252-B2,existing,1
US-8545509-B2,existing,1
US-8548559-B2,existing,1
US-8551023-B2,existing,1
US-8551099-B2,existing,1
US-8626267-B2,existing,1
US-8641726-B2,existing,1
US-2014039520-A1,existing,1
US-2014073907-A1,existing,1
US-8682052-B2,existing,1
US-2014108983-A1,existing,1
US-8707963-B2,existing,1
US-2014128727-A1,existing,1
US-8721568-B2,existing,1
US-2014135791-A1,existing,1
US-2014188240-A1,existing,1
US-2014189508-A1,existing,1
US-8801720-B2,existing,1
US-8801719-B2,existing,1
US-8832019-B2,existing,1
US-8834490-B2,existing,1
US-8845645-B2,existing,1
US-2014296871-A1,existing,1
US-8861818-B2,existing,1
US-8880152-B2,existing,1
US-8885904-B2,existing,1
US-8938282-B2,existing,1
US-8951260-B2,existing,1
US-8956355-B2,existing,1
US-8965483-B2,existing,1
US-8974468-B2,existing,1
US-8979859-B2,existing,1
US-2015094736-A1,existing,1
US-9002426-B2,existing,1
US-2015105782-A1,existing,1
WO-2015057814-A1,existing,1
US-9101394-B2,existing,1
US-9119722-B1,existing,1
US-9125669-B2,existing,1
US-9168153-B2,existing,1
US-9167989-B2,existing,1
US-9173716-B2,existing,1
US-9186292-B2,existing,1
US-9220510-B2,existing,1
US-2016007836-A1,existing,1
US-9237951-B1,existing,1
US-9241801-B1,existing,1
US-2016022374-A1,existing,1
US-9247998-B2,existing,1
US-9248001-B2,existing,1
US-9262802-B2,existing,1
US-9259290-B2,existing,1
US-9265447-B2,existing,1
US-9271756-B2,existing,1
US-9277968-B2,existing,1
US-9286355-B2,existing,1
US-9289264-B2,existing,1
US-9301812-B2,existing,1
US-9332987-B2,existing,1
US-9406134-B2,existing,1
US-2016220175-A1,existing,1
US-9433425-B2,existing,1
US-9439656-B2,existing,1
WO-2016146768-A1,existing,1
US-2016278868-A1,existing,1
US-2016338777-A1,existing,1
US-9517000-B2,existing,1
WO-2016198844-A1,existing,1
US-9532788-B2,existing,1
US-9532838-B2,existing,1
US-2017014169-A1,existing,1
US-9549742-B2,existing,1
US-9549782-B2,existing,1
US-9554953-B2,existing,1
US-9561082-B2,existing,1
US-2017042557-A1,existing,1
US-9572682-B2,existing,1
US-2017061375-A1,existing,1
US-9585768-B2,existing,1
US-9585725-B2,existing,1
US-9592133-B2,existing,1
US-9597096-B2,existing,1
US-9610134-B2,existing,1
US-9610086-B2,existing,1
US-9639156-B2,existing,1
WO-2017076886-A1,existing,1
US-9684768-B2,existing,1
WO-2017108776-A1,existing,1
WO-2017115235-A1,existing,1
US-9700292-B2,existing,1
US-2017196571-A1,existing,1
WO-2017124043-A1,existing,1
US-9724165-B2,existing,1
US-9737369-B2,existing,1
US-9737311-B2,existing,1
WO-2017147596-A1,existing,1
US-2017252112-A1,existing,1
EP-1841372-B1,existing,1
US-2017258532-A1,existing,1
US-9763683-B2,existing,1
US-9763746-B2,existing,1
US-9782226-B2,existing,1
WO-2017179075-A1,existing,1
US-2017312099-A1,existing,1
US-9808356-B2,existing,1
US-2017325973-A1,existing,1
US-2017340389-A1,existing,1
US-2017348008-A1,existing,1
US-2017347922-A1,existing,1
US-9848896-B2,existing,1
US-9861446-B2,existing,1
US-9888931-B2,existing,1
US-9901463-B2,existing,1
US-9901404-B2,existing,1
US-9911187-B2,existing,1
US-2018064496-A1,existing,1
US-9916421-B2,existing,1
US-9913692-B2,existing,1
US-9913691-B2,existing,1
US-2018071049-A1,existing,1
US-2018085135-A1,existing,1
US-2018085172-A1,existing,1
US-2018116805-A1,existing,1
US-2018116823-A1,existing,1
WO-2018085694-A1,existing,1
US-2018132949-A1,existing,1
WO-2018085900-A1,existing,1
WO-2018095499-A1,existing,1
US-9987092-B2,existing,1
WO-2018104704-A1,existing,1
US-2018168750-A1,existing,1
US-2018168762-A1,existing,1
US-2018177512-A1,existing,1
US-10010377-B2,existing,1
US-2018185100-A1,existing,1
US-2018199995-A1,existing,1
US-2018214180-A1,existing,1
US-10052164-B2,existing,1
US-2018250078-A1,existing,1
US-10070973-B2,existing,1
US-10071488-B2,existing,1
US-10070931-B2,existing,1
US-2018256256-A1,existing,1
WO-2018161120-A1,existing,1
US-10076344-B2,existing,1
US-10080616-B2,existing,1
US-10092361-B2,existing,1
US-10102309-B2,existing,1
US-10117658-B2,existing,1
US-2018317898-A1,existing,1
US-10130375-B2,existing,1
US-10136952-B2,existing,1
US-10136950-B2,existing,1
US-2018338796-A1,existing,1
US-2018344409-A1,existing,1
US-2018368930-A1,existing,1
US-2019000631-A1,existing,1
WO-2019006370-A1,existing,1
US-10172687-B2,existing,1
US-2019008599-A1,existing,1
US-10194991-B2,existing,1
US-10201320-B2,existing,1
WO-2019032828-A2,existing,1
US-10206714-B2,existing,1
US-10206792-B2,existing,1
US-2019066832-A1,existing,1
US-2019069963-A1,existing,1
US-10226261-B2,existing,1
US-10226306-B2,existing,1
US-10231786-B2,existing,1
US-10231739-B1,existing,1
US-2019083191-A1,existing,1
US-10238454-B2,existing,1
US-2019090962-A1,existing,1
US-2019090952-A1,existing,1
US-2019099228-A1,existing,1
WO-2019068194-A1,existing,1
US-2019122330-A1,existing,1
US-2019117156-A1,existing,1
US-2019117407-A1,existing,1
WO-2019079634-A1,existing,1
US-10271954-B2,existing,1
US-10272569-B2,existing,1
WO-2019081915-A1,existing,1
US-10278777-B1,existing,1
US-2019133695-A1,existing,1
US-10285683-B2,existing,1
US-2019147128-A1,existing,1
US-10307269-B2,existing,1
US-2019175283-A1,existing,1
US-2019201214-A1,existing,1
US-2019201101-A1,existing,1
US-2019200900-A1,existing,1
WO-2019135805-A1,existing,1
US-2019209079-A1,existing,1
EP-3510927-A1,existing,1
US-2019216520-A1,existing,1
US-2019224016-A1,existing,1
US-2019223962-A1,existing,1
WO-2019148154-A1,existing,1
US-10368947-B2,existing,1
US-2019240045-A1,existing,1
US-2019240046-A1,existing,1
US-2019254756-A1,existing,1
US-2019269476-A1,existing,1
US-2019272917-A1,existing,1
US-2019274662-A1,existing,1
US-2019274762-A1,existing,1
US-10416624-B2,existing,1
US-10420611-B2,existing,1
US-2019290198-A1,existing,1
US-10426556-B2,existing,1
WO-2019191722-A1,existing,1
US-2019311542-A1,existing,1
US-10441438-B1,existing,1
US-10441366-B2,existing,1
US-10452238-B2,existing,1
US-2019325386-A1,existing,1
US-10456166-B2,existing,1
US-10456075-B2,existing,1
US-10463242-B2,existing,1
US-2019336220-A1,existing,1
US-10470838-B2,existing,1
WO-2019224745-A1,existing,1
US-10492798-B2,existing,1
US-10492693-B2,existing,1
US-2019365481-A1,existing,1
US-2019374130-A1,existing,1
WO-2019241516-A1,existing,1
US-2019380792-A1,existing,1
WO-2019245849-A1,existing,1
US-2019388157-A1,existing,1
US-2019388153-A1,existing,1
WO-2019245851-A1,existing,1
US-2020000400-A1,existing,1
US-2020015598-A1,existing,1
US-2020030036-A1,existing,1
US-10548667-B2,existing,1
US-10555777-B2,existing,1
WO-2020033568-A2,existing,1
US-10572733-B2,existing,1
US-2020060773-A1,existing,1
US-2020060772-A1,existing,1
US-10575910-B2,existing,1
US-10595952-B2,existing,1
US-10595887-B2,existing,1
US-10595880-B2,existing,1
WO-2020056443-A1,existing,1
WO-2020065209-A1,existing,1
US-2020100848-A1,existing,1
US-10610315-B2,existing,1
US-10610316-B2,existing,1
US-10610310-B2,existing,1
EP-3334383-B1,existing,1
US-10617479-B2,existing,1
US-2020113583-A1,existing,1
US-10624807-B2,existing,1
US-2020129311-A1,existing,1
US-10638970-B2,existing,1
US-10739963-B2,existing,1
US-10765384-B2,existing,1
US-2020305978-A1,existing,1
US-2020305979-A1,existing,1
US-2020323540-A1,existing,1
US-2020352529-A1,existing,1
WO-2020227832-A1,existing,1
US-2021068845-A1,existing,1
US-2022071720-A1,existing,1
US-2023146679-A1,existing,1
US-4747393-A,existing,1
US-11844577-B2,existing,1
US-4903536-A,existing,1
US-5046375-A,existing,1
US-5142930-A,existing,1
US-5154717-A,existing,1
US-5207114-A,existing,1
US-5230338-A,existing,1
US-5236432-A,existing,1
US-5299288-A,existing,1
WO-9501757-A1,existing,1
US-5383901-A,existing,1
US-5388480-A,existing,1
US-5399951-A,existing,1
US-5408409-A,existing,1
US-5445166-A,existing,1
US-5445144-A,existing,1
US-5452941-A,existing,1
WO-9617552-A1,existing,1
JP-H08215211-A,existing,1
US-5551429-A,existing,1
US-5576727-A,existing,1
US-5587937-A,existing,1
US-5611353-A,existing,1
US-5625576-A,existing,1
US-5638819-A,existing,1
US-5676673-A,existing,1
US-5688280-A,existing,1
US-5694013-A,existing,1
JP-H09330016-A,existing,1
US-5701140-A,existing,1
US-5704791-A,existing,1
US-5727554-A,existing,1
US-5792147-A,existing,1
US-5799055-A,existing,1
US-5831408-A,existing,1
US-5855553-A,existing,1
US-5871018-A,existing,1
US-5887121-A,existing,1
US-5888220-A,existing,1
US-5898599-A,existing,1
US-5928137-A,existing,1
US-5950629-A,existing,1
US-5971997-A,existing,1
US-5978696-A,existing,1
US-5980535-A,existing,1
US-5984930-A,existing,1
US-5987960-A,existing,1
US-6002859-A,existing,1
US-6006127-A,existing,1
US-6006126-A,existing,1
US-6017305-A,existing,1
WO-0035336-A2,existing,1
US-6084587-A,existing,1
US-6104158-A,existing,1
US-6109270-A,existing,1
US-6111577-A,existing,1
JP-2000279425-A,existing,1
US-6147674-A,existing,1
US-6161032-A,existing,1
EP-1059067-A1,existing,1
US-6188728-B1,existing,1
US-6191796-B1,existing,1
US-6219032-B1,existing,1
US-6226566-B1,existing,1
US-6228089-B1,existing,1
US-6231526-B1,existing,1
US-6233504-B1,existing,1
US-6259806-B1,existing,1
US-6285902-B1,existing,1
US-6288705-B1,existing,1
US-6292174-B1,existing,1
US-6300936-B1,existing,1
US-2001034530-A1,existing,1
US-2001037064-A1,existing,1
US-2001039422-A1,existing,1
US-2001041838-A1,existing,1
US-6322467-B1,existing,1
US-6325808-B1,existing,1
US-6337994-B1,existing,1
EP-1184684-A2,existing,1
US-2002035321-A1,existing,1
WO-0224051-A2,existing,1
US-6366273-B1,existing,1
US-6369834-B1,existing,1
JP-2002102251-A,existing,1
US-6377839-B1,existing,1
US-6377011-B1,existing,1
US-6385509-B2,existing,1
US-6393340-B2,existing,1
US-2002062177-A1,existing,1
US-6405158-B1,existing,1
US-6405072-B1,existing,1
US-2002082498-A1,existing,1
US-6417638-B1,existing,1
US-6421048-B1,existing,1
US-2002108054-A1,existing,1
WO-02061371-A1,existing,1
WO-02060653-A2,existing,1
US-2002107521-A1,existing,1
US-6434416-B1,existing,1
US-2002120188-A1,existing,1
US-6443894-B1,existing,1
US-6466815-B1,existing,1
JP-3342969-B2,existing,1
US-6484118-B1,existing,1
US-6494039-B2,existing,1
JP-2003053684-A,existing,1
US-6533737-B1,existing,1
US-6546277-B1,existing,1
US-6547782-B1,existing,1
US-6552722-B1,existing,1
US-6551325-B2,existing,1
US-2003093103-A1,existing,1
US-2003112281-A1,existing,1
US-6583161-B1,existing,1
WO-03077101-A2,existing,1
US-2003187351-A1,existing,1
US-2003195664-A1,existing,1
US-6642686-B1,existing,1
US-2003209096-A1,existing,1
US-6671651-B2,existing,1
US-6674916-B1,existing,1
EP-1380266-A1,existing,1
US-2004009459-A1,existing,1
US-2004012806-A1,existing,1
US-6690964-B2,existing,1
US-6701174-B1,existing,1
US-6704694-B1,existing,1
US-6711431-B2,existing,1
US-6711432-B1,existing,1
JP-2004513684-A,existing,1
US-2004102866-A1,existing,1
WO-03007101-A3,existing,1
US-6750877-B2,existing,1
US-6748819-B2,existing,1
US-2004115606-A1,existing,1
US-6757582-B2,existing,1
US-2004127788-A1,existing,1
US-2004143243-A1,existing,1
US-6778850-B1,existing,1
WO-2004070573-A2,existing,1
WO-2004069041-A2,existing,1
WO-2004070581-A2,existing,1
WO-2004069036-A2,existing,1
WO-2004069040-A2,existing,1
US-2004167654-A1,existing,1
US-6785572-B2,existing,1
US-2004171924-A1,existing,1
US-2004172044-A1,existing,1
US-6786896-B1,existing,1
WO-2004075987-A1,existing,1
US-6801801-B1,existing,1
US-6816148-B2,existing,1
US-2004242993-A1,existing,1
US-6831640-B2,existing,1
US-2005001831-A1,existing,1
US-6845691-B2,existing,1
US-6850794-B2,existing,1
WO-2005009215-A2,existing,1
US-6853965-B2,existing,1
WO-2005013841-A1,existing,1
US-2005053200-A1,existing,1
US-2005062738-A1,existing,1
US-6877239-B2,existing,1
US-2005093821-A1,existing,1
US-6894678-B2,existing,1
US-2005107801-A1,existing,1
US-2005113677-A1,existing,1
US-2005154471-A1,existing,1
US-6920347-B2,existing,1
US-2005165489-A1,existing,1
WO-2005072629-A1,existing,1
US-2005193451-A1,existing,1
US-2005197800-A1,existing,1
US-2005203384-A1,existing,1
US-2005215888-A1,existing,1
US-2005215879-A1,existing,1
US-2005222830-A1,existing,1
US-2005217394-A1,existing,1
CN-1684729-A,existing,1
WO-2005120380-A1,existing,1
WO-2005122916-A1,existing,1
US-6985133-B1,existing,1
WO-2006004894-A2,existing,1
US-6987504-B2,existing,1
US-2006033707-A1,existing,1
US-7001346-B2,existing,1
US-2006058616-A1,existing,1
US-2006084867-A1,existing,1
US-7035716-B2,existing,1
US-7039866-B1,existing,1
US-2006109266-A1,existing,1
US-2006133827-A1,existing,1
WO-2006091494-A1,existing,1
US-2006207419-A1,existing,1
US-7131073-B2,existing,1
US-2006265179-A1,existing,1
US-2006293598-A1,existing,1
US-7168042-B2,existing,1
US-7199790-B2,existing,1
US-2007142751-A1,existing,1
WO-2007117297-A2,existing,1
US-2007260140-A1,existing,1
US-2007270685-A1,existing,1
US-2008010705-A1,existing,1
US-2008010706-A1,existing,1
US-7331436-B1,existing,1
US-2008058945-A1,existing,1
US-2008125637-A1,existing,1
EP-1574186-B1,existing,1
US-2009000626-A1,existing,1
US-2009000627-A1,existing,1
US-2009012531-A1,existing,1
US-7491198-B2,existing,1
US-7660623-B2,existing,1
US-7717932-B2,existing,1
US-2010137882-A1,existing,1
US-7742804-B2,existing,1
US-7747311-B2,existing,1
US-2010170362-A1,existing,1
US-2010198219-A1,existing,1
US-7774044-B2,existing,1
US-7831292-B2,existing,1
US-2011270120-A1,existing,1
US-8095200-B2,existing,1
US-2012176306-A1,existing,1
US-8391954-B2,existing,1
US-2013096573-A1,existing,1
US-8571628-B2,existing,1
US-2014350571-A1,existing,1
US-8911499-B2,existing,1
US-2016097676-A1,existing,1
US-2016124022-A1,existing,1
US-2016153777-A1,existing,1
US-2016155097-A1,existing,1
US-9492237-B2,existing,1
US-10028789-B2,existing,1
EP-1871267-B1,existing,1
US-10231790-B2,existing,1
US-10350012-B2,existing,1
US-2019290367-A1,existing,1
US-10952796-B2,existing,1
US-2021128253-A1,existing,1
US-11123143-B2,existing,1
US-2021361362-A1,existing,1
US-5188104-A,existing,1
US-11957421-B2,existing,1
US-5231988-A,existing,1
US-5256149-A,existing,1
US-5263480-A,existing,1
US-5540730-A,existing,1
US-5558671-A,existing,1
US-5954731-A,existing,1
US-6086528-A,existing,1
US-2002049378-A1,existing,1
US-2003013949-A1,existing,1
US-2005267529-A1,existing,1
US-2005277998-A1,existing,1
US-2006195153-A1,existing,1
US-2006195146-A1,existing,1
US-7143925-B2,existing,1
US-2007185541-A1,existing,1
US-2007198074-A1,existing,1
US-2007244387-A1,existing,1
US-2008004603-A1,existing,1
US-2008065110-A1,existing,1
US-2008082114-A1,existing,1
US-2008132962-A1,existing,1
US-7387606-B2,existing,1
US-2008147146-A1,existing,1
US-2009062792-A1,existing,1
US-2009132018-A1,existing,1
US-2009149918-A1,existing,1
US-2009157149-A1,existing,1
US-2009171196-A1,existing,1
US-7585290-B2,existing,1
US-7601118-B2,existing,1
US-2010161005-A1,existing,1
US-2010161001-A1,existing,1
US-2010191267-A1,existing,1
US-2010239648-A1,existing,1
US-2010318099-A1,existing,1
US-2011009886-A1,existing,1
US-2011054253-A1,existing,1
US-2011058033-A1,existing,1
US-2011094773-A1,existing,1
US-2011118708-A1,existing,1
US-2011144560-A1,existing,1
WO-2011100625-A2,existing,1
US-8068649-B2,existing,1
WO-2012007052-A1,existing,1
US-2012150192-A1,existing,1
US-2012209314-A1,existing,1
US-2012232339-A1,existing,1
US-8317070-B2,existing,1
US-8330811-B2,existing,1
US-8352026-B2,existing,1
US-8393514-B2,existing,1
US-2013105552-A1,existing,1
US-2013105545-A1,existing,1
US-2013146643-A1,existing,1
US-8517933-B2,existing,1
US-2013221065-A1,existing,1
US-2013253550-A1,existing,1
US-8545515-B2,existing,1
US-2013256377-A1,existing,1
US-8551115-B2,existing,1
US-2014005684-A1,existing,1
US-8623028-B2,existing,1
US-8632462-B2,existing,1
US-8636751-B2,existing,1
US-2014066717-A1,existing,1
US-2014121678-A1,existing,1
US-8734478-B2,existing,1
US-8753338-B2,existing,1
US-8771180-B2,existing,1
US-2014194732-A1,existing,1
US-8812100-B2,existing,1
US-8831782-B2,existing,1
WO-2014151621-A1,existing,1
US-8888789-B2,existing,1
US-8919348-B2,existing,1
US-8961406-B2,existing,1
US-2015133996-A1,existing,1
US-2015133995-A1,existing,1
US-2015129634-A1,existing,1
US-2015134076-A1,existing,1
US-2015134077-A1,existing,1
US-9044606-B2,existing,1
US-9072535-B2,existing,1
US-9072536-B2,existing,1
US-2015238268-A1,existing,1
US-2015238276-A1,existing,1
US-2015257841-A1,existing,1
US-2015257842-A1,existing,1
WO-2015142814-A1,existing,1
US-2015272575-A1,existing,1
WO-2015153642-A1,existing,1
WO-2015153636-A1,existing,1
US-9204879-B2,existing,1
US-2015351758-A1,existing,1
US-9216062-B2,existing,1
US-2016007827-A1,existing,1
US-2016022266-A1,existing,1
US-9254178-B2,existing,1
US-9274047-B2,existing,1
US-9283050-B2,existing,1
EP-3005993-A2,existing,1
US-9320416-B2,existing,1
US-9339341-B2,existing,1
US-9358074-B2,existing,1
US-2016203282-A1,existing,1
US-9393017-B2,existing,1
US-2016256071-A1,existing,1
WO-2016144937-A1,existing,1
WO-2016144998-A1,existing,1
US-2016262761-A1,existing,1
US-2016324523-A1,existing,1
WO-2016183054-A1,existing,1
US-2016354152-A1,existing,1
WO-2016205452-A1,existing,1
WO-2016205266-A1,existing,1
WO-2016209769-A1,existing,1
US-9561038-B2,existing,1
US-2017035425-A1,existing,1
US-9572481-B2,existing,1
US-2017055819-A1,existing,1
US-2017071693-A1,existing,1
WO-2017044406-A1,existing,1
WO-2017053363-A1,existing,1
WO-2017053507-A1,existing,1
WO-2017053698-A1,existing,1
WO-2017053358-A1,existing,1
US-9636186-B2,existing,1
WO-2017075121-A1,existing,1
US-2017128041-A1,existing,1
US-2017128144-A1,existing,1
US-2017128145-A1,existing,1
US-2017156732-A1,existing,1
US-2017172662-A1,existing,1
WO-2017116793-A1,existing,1
US-2017202624-A1,existing,1
US-2017202591-A1,existing,1
US-2017212723-A1,existing,1
US-2017215969-A1,existing,1
US-2017251900-A1,existing,1
US-9757128-B2,existing,1
US-2017265866-A1,existing,1
US-2017360513-A1,existing,1
US-9861271-B2,existing,1
US-2018049820-A1,existing,1
EP-1886711-B1,existing,1
US-2018117343-A1,existing,1
US-9962161-B2,existing,1
US-2018177556-A1,existing,1
US-2018214149-A1,existing,1
US-10092738-B2,existing,1
US-2018296280-A1,existing,1
US-2018325604-A1,existing,1
US-2018353174-A1,existing,1
US-2019008367-A1,existing,1
US-10179024-B2,existing,1
US-10206682-B2,existing,1
US-10245069-B2,existing,1
US-2019099209-A1,existing,1
US-2019125457-A1,existing,1
US-2019125431-A1,existing,1
US-2019125454-A1,existing,1
US-2019201114-A1,existing,1
US-2019200981-A1,existing,1
US-2019206050-A1,existing,1
US-2019207857-A1,existing,1
US-2019204201-A1,existing,1
US-2019201088-A1,existing,1
US-2019200905-A1,existing,1
US-2019206004-A1,existing,1
US-2019201140-A1,existing,1
US-2019201136-A1,existing,1
US-2019206555-A1,existing,1
US-2019200844-A1,existing,1
US-2019201046-A1,existing,1
US-2019239972-A1,existing,1
US-2019246883-A1,existing,1
US-10492788-B2,existing,1
US-10517600-B2,existing,1
US-2020000530-A1,existing,1
US-2020015907-A1,existing,1
US-2020015914-A1,existing,1
US-2020015923-A1,existing,1
US-2020015901-A1,existing,1
US-2020015668-A1,existing,1
US-2020015898-A1,existing,1
US-2020015897-A1,existing,1
US-2020015902-A1,existing,1
US-2020015925-A1,existing,1
US-2020015899-A1,existing,1
US-2020015906-A1,existing,1
US-2020015924-A1,existing,1
US-2020015903-A1,existing,1
US-2020015900-A1,existing,1
US-10569071-B2,existing,1
US-2020078109-A1,existing,1
EP-3643265-A1,existing,1
US-2020187946-A1,existing,1
EP-3673854-A1,existing,1
US-10716564-B2,existing,1
US-2020253669-A1,existing,1
US-10751117-B2,existing,1
US-2020289205-A1,existing,1
US-10779831-B2,existing,1
US-10792034-B2,existing,1
US-2020337706-A1,existing,1
US-10856928-B2,existing,1
US-10925598-B2,existing,1
US-2021085410-A1,existing,1
US-11033272-B2,existing,1
US-2021186615-A1,existing,1
US-2021196384-A1,existing,1
US-2021199557-A1,existing,1
US-2021196385-A1,existing,1
US-2021196423-A1,existing,1
US-2021196399-A1,existing,1
US-2021196108-A1,existing,1
US-2021196386-A1,existing,1
US-2021196383-A1,existing,1
US-2021196425-A1,existing,1
US-2021196098-A1,existing,1
US-2021196381-A1,existing,1
US-2021196424-A1,existing,1
US-2021196382-A1,existing,1
US-2021196109-A1,existing,1
US-11051876-B2,existing,1
US-2021315636-A1,existing,1
US-2021345856-A1,existing,1
US-2021386491-A1,existing,1
US-2021393338-A1,existing,1
US-2021393344-A1,existing,1
US-2022323076-A1,existing,1
US-2023100698-A1,existing,1
US-2023096691-A1,existing,1
US-2023093972-A1,existing,1
US-12137872-B2,existing,1
US-6332089-B1,existing,1
WO-0211639-A1,existing,1
US-6471172-B1,existing,1
US-2007113860-A1,existing,1
US-2008312498-A1,existing,1
US-2009135280-A1,existing,1
US-2009137893-A1,existing,1
US-2009137868-A1,existing,1
US-2012245576-A1,existing,1
US-8465417-B2,existing,1
US-2014253684-A1,existing,1
US-2014268046-A1,existing,1
WO-2015148378-A1,existing,1
US-2015282736-A1,existing,1
US-2016015469-A1,existing,1
US-2016128782-A1,existing,1
US-2016331473-A1,existing,1
US-9833254-B1,existing,1
US-2018028187-A1,existing,1
US-2018049821-A1,existing,1
EP-3305173-A1,existing,1
US-2018146839-A1,existing,1
US-2018168757-A1,existing,1
US-2018256008-A1,existing,1
WO-2018226050-A1,existing,1
US-10159487-B2,existing,1
US-2019290247-A1,existing,1
US-2019307331-A1,existing,1
US-10607738-B2,existing,1
US-10639104-B1,existing,1
US-2020188041-A1,existing,1
EP-3679851-A1,existing,1
US-2020222146-A1,existing,1
US-2020229866-A1,existing,1
US-10722301-B2,existing,1
US-2020297403-A1,existing,1
WO-2020243432-A1,existing,1
US-2020391053-A1,existing,1
EP-3845192-A1,existing,1
EP-3845193-A1,existing,1
US-2021289189-A1,existing,1
US-2021307687-A1,existing,1
US-2022192758-A1,existing,1
US-2022218435-A1,existing,1
US-2022395342-A1,existing,1
US-2023015694-A1,existing,1
US-2023098670-A1,existing,1
US-2023096406-A1,existing,1
US-2023097906-A1,existing,1
US-2023116781-A1,existing,1
US-11751877-B2,existing,1
US-11864764-B2,existing,1
US-12290319-B2,existing,1
US-2002065455-A1,existing,1
US-2003135091-A1,existing,1
US-2009093809-A1,existing,1
US-2016346930-A1,existing,1
US-2017086927-A1,existing,1
US-2017181808-A1,existing,1
US-2017231477-A1,existing,1
US-9832848-B2,existing,1
US-2018289432-A1,existing,1
US-2019025040-A1,existing,1
US-2020046404-A1,existing,1
US-2020170718-A1,existing,1
US-2020188046-A1,existing,1
US-2020214709-A1,existing,1
US-2020315724-A1,existing,1
WO-2020260999-A1,existing,1
US-2020405417-A1,existing,1
US-2021153724-A1,existing,1
US-2021212784-A1,existing,1
US-2021290317-A1,existing,1
US-2022096172-A1,existing,1
US-2022101745-A1,existing,1
US-2022133420-A1,existing,1
US-11344374-B2,existing,1
US-11357582-B1,existing,1
US-2022183779-A1,existing,1
US-2022202437-A1,existing,1
US-11446104-B2,existing,1
US-2023101192-A1,existing,1
US-2023099189-A1,existing,1
US-2023110718-A1,existing,1
US-12239387-B2,existing,1
US-5558091-A,existing,1
WO-9830166-A1,existing,1
US-2008294258-A1,existing,1
US-2009216116-A1,existing,1
US-2010056900-A1,existing,1
US-8114345-B2,existing,1
US-2012095458-A1,existing,1
US-2013060146-A1,existing,1
US-2013317353-A1,existing,1
US-2014266591-A1,existing,1
US-2016015471-A1,existing,1
WO-2017042171-A1,existing,1
US-2018092698-A1,existing,1
WO-2019030235-A1,existing,1
US-2019125361-A1,existing,1
US-2019205820-A1,existing,1
US-2019206562-A1,existing,1
US-2019289284-A1,existing,1
US-2019374290-A1,existing,1
WO-2020163318-A1,existing,1
WO-2021019369-A1,existing,1
US-2021056700-A1,existing,1
US-2021152802-A1,existing,1
WO-2021216516-A1,existing,1
CN-113767176-A,existing,1
US-2021401507-A1,existing,1
US-2022047745-A1,existing,1
US-2022160428-A1,existing,1
US-2022226069-A1,existing,1
US-11432828-B1,existing,1
US-2023102358-A1,existing,1
US-2023100989-A1,existing,1
US-2023109848-A1,existing,1
US-4445892-A,existing,1
US-11937798-B2,existing,1
US-5505700-A,existing,1
US-6004271-A,existing,1
US-2001009976-A1,existing,1
US-2001029366-A1,existing,1
US-2002177789-A1,existing,1
US-6503195-B1,existing,1
US-6530913-B1,existing,1
US-6544230-B1,existing,1
US-2003074011-A1,existing,1
US-6669709-B1,existing,1
US-2005182295-A1,existing,1
US-2007060879-A1,existing,1
US-2007162106-A1,existing,1
WO-2007081800-A2,existing,1
US-7371210-B2,existing,1
US-2008300592-A1,existing,1
US-2009012618-A1,existing,1
US-2009054884-A1,existing,1
US-2010081881-A1,existing,1
EP-2226026-A1,existing,1
US-2010228096-A1,existing,1
US-2010240960-A1,existing,1
US-2010312063-A1,existing,1
US-2010312065-A1,existing,1
US-2011152788-A1,existing,1
US-8052636-B2,existing,1
US-2011295074-A1,existing,1
US-2012130188-A1,existing,1
US-2013266029-A1,existing,1
US-2016007979-A1,existing,1
US-9269682-B2,existing,1
CA-2978771-A1,existing,1
US-2017024903-A1,existing,1
US-2017086653-A1,existing,1
EP-3275386-A1,existing,1
US-2018042680-A1,existing,1
US-2018070800-A1,existing,1
US-2018276877-A1,existing,1
US-2019117209-A1,existing,1
US-10368838-B2,existing,1
US-10456202-B2,existing,1
US-10492665-B2,existing,1
WO-2020018566-A1,existing,1
US-2020037863-A1,existing,1
US-2020060524-A1,existing,1
US-2020178948-A1,existing,1
US-2020222078-A1,existing,1
US-2020306004-A1,existing,1
US-2021343088-A1,existing,1
US-2021346015-A1,existing,1
US-2021345953-A1,existing,1
US-2021345952-A1,existing,1
US-2021350895-A1,existing,1
US-2021350897-A1,existing,1
US-2021350896-A1,existing,1
US-2022175269-A1,existing,1
US-2023110791-A1,existing,1
US-3028126-A,existing,1
US-10921904-B2,existing,1
US-3260826-A,existing,1
US-4012014-A,existing,1
US-4216467-A,existing,1
GB-2091423-A,existing,1
US-4420808-A,existing,1
US-4584510-A,existing,1
US-4590339-A,existing,1
US-4733214-A,existing,1
US-5042314-A,existing,1
US-5128671-A,existing,1
US-5223776-A,existing,1
US-5317301-A,existing,1
US-5459382-A,existing,1
US-5503040-A,existing,1
US-5559432-A,existing,1
US-5565891-A,existing,1
US-D375765-S,existing,1
US-5607158-A,existing,1
US-5643087-A,existing,1
US-5694153-A,existing,1
US-D389198-S,existing,1
US-5749577-A,existing,1
US-5459382-B1,existing,1
US-5781180-A,existing,1
JP-H11154031-A,existing,1
US-5963196-A,existing,1
US-H1822-H,existing,1
US-6068554-A,existing,1
US-6198471-B1,existing,1
US-6201196-B1,existing,1
US-6222525-B1,existing,1
US-6429849-B1,existing,1
US-2002128064-A1,existing,1
US-6459420-B1,existing,1
US-2003006956-A1,existing,1
US-2003058219-A1,existing,1
US-6580418-B1,existing,1
US-6597347-B1,existing,1
US-6613997-B2,existing,1
US-6624806-B2,existing,1
US-6644141-B2,existing,1
US-2003214484-A1,existing,1
US-2004083940-A1,existing,1
US-6865342-B2,existing,1
US-2005104742-A1,existing,1
US-2005159850-A1,existing,1
US-2005277470-A1,existing,1
US-2006137931-A1,existing,1
US-2006156848-A1,existing,1
US-2006164383-A1,existing,1
US-2006224280-A1,existing,1
US-7131389-B1,existing,1
US-2006262000-A1,existing,1
US-7170420-B2,existing,1
US-2007080934-A1,existing,1
US-2007156286-A1,existing,1
US-2008063400-A1,existing,1
US-2008132334-A1,existing,1
US-2008174550-A1,existing,1
US-2008278448-A1,existing,1
US-7548697-B2,existing,1
US-2009152782-A1,existing,1
US-2009179869-A1,existing,1
US-7575491-B1,existing,1
US-2009213073-A1,existing,1
US-2009248220-A1,existing,1
US-2010097309-A1,existing,1
US-7793890-B2,existing,1
US-7823685-B2,existing,1
US-2010302017-A1,existing,1
US-7931239-B2,existing,1
US-2011148667-A1,existing,1
US-2011213384-A1,existing,1
US-2011219899-A1,existing,1
US-8089225-B2,existing,1
US-8100218-B2,existing,1
US-8212770-B2,existing,1
US-2012187238-A1,existing,1
US-8258917-B2,existing,1
US-8276476-B2,existing,1
US-2012249455-A1,existing,1
US-8300012-B2,existing,1
CN-102824746-A,existing,1
US-8344914-B2,existing,1
US-8371187-B2,existing,1
US-8380402-B2,existing,1
US-D678281-S,existing,1
US-2013147611-A1,existing,1
US-2013178293-A1,existing,1
US-8576168-B2,existing,1
US-2013293362-A1,existing,1
US-2014083225-A1,existing,1
US-8716973-B1,existing,1
US-2014247119-A1,existing,1
US-2014249695-A1,existing,1
US-8866597-B2,existing,1
US-8881616-B2,existing,1
US-8887597-B2,existing,1
US-2015253801-A1,existing,1
US-2016077589-A1,existing,1
US-2016195939-A1,existing,1
US-2016241767-A1,existing,1
US-9501084-B1,existing,1
US-9547380-B2,existing,1
US-2017121000-A1,existing,1
US-9727076-B2,existing,1
US-2017233983-A1,existing,1
US-2017246533-A1,existing,1
US-2017269587-A1,existing,1
US-2018164799-A1,existing,1
CN-108885452-A,existing,1
US-10152853-B2,existing,1
US-2018356907-A1,existing,1
US-2019025869-A1,existing,1
US-2019033987-A1,existing,1
US-10198086-B2,existing,1
US-2019041894-A1,existing,1
US-2019042004-A1,existing,1
US-2019042003-A1,existing,1
US-2019041891-A1,existing,1
US-10222794-B2,existing,1
US-10324487-B2,existing,1
US-10324540-B1,existing,1
US-10331233-B2,existing,1
US-10331232-B2,existing,1
US-2019243468-A1,existing,1
US-10481704-B2,existing,1
US-10520973-B2,existing,1
US-10664002-B2,existing,1
US-2020285326-A1,existing,1
JP-H09245195-A,existing,1
US-12142367-B2,existing,1
US-2002063807-A1,existing,1
US-6449103-B1,existing,1
US-2003223038-A1,existing,1
US-2005036109-A1,existing,1
US-2005168569-A1,existing,1
US-2005280603-A1,existing,1
US-2006087746-A1,existing,1
US-2007121070-A1,existing,1
US-2009086313-A1,existing,1
US-2009123036-A1,existing,1
US-2009128834-A1,existing,1
US-2009218400-A1,existing,1
US-7639208-B1,existing,1
US-2010011959-A1,existing,1
US-2010079356-A1,existing,1
US-2010149073-A1,existing,1
US-2010254017-A1,existing,1
US-2010277471-A1,existing,1
US-2011043644-A1,existing,1
US-8135227-B2,existing,1
US-2012068913-A1,existing,1
US-2012200595-A1,existing,1
US-2012281181-A1,existing,1
US-8311328-B2,existing,1
US-2012326948-A1,existing,1
US-8350898-B2,existing,1
US-2013099700-A1,existing,1
US-2013155507-A1,existing,1
US-2013162632-A1,existing,1
US-2013162673-A1,existing,1
US-2013172902-A1,existing,1
US-2013178868-A1,existing,1
KR-20130082637-A,existing,1
US-8494298-B2,existing,1
US-2013194254-A1,existing,1
US-2013215147-A1,existing,1
US-8579194-B2,existing,1
US-2013329184-A1,existing,1
US-2013329190-A1,existing,1
US-2013335543-A1,existing,1
US-2014002597-A1,existing,1
US-2014002587-A1,existing,1
US-2014063054-A1,existing,1
US-2014094655-A1,existing,1
US-2014098226-A1,existing,1
US-2014160264-A1,existing,1
US-8771805-B2,existing,1
US-2014214122-A1,existing,1
US-8798756-B2,existing,1
JP-5571901-B2,existing,1
US-8812120-B2,existing,1
US-2014232645-A1,existing,1
US-2014243971-A1,existing,1
US-8831745-B2,existing,1
US-8831734-B2,existing,1
US-2014275760-A1,existing,1
WO-2014140849-A2,existing,1
KR-20140112207-A,existing,1
US-2014283429-A1,existing,1
US-2014306866-A1,existing,1
US-8874224-B2,existing,1
US-8874239-B2,existing,1
US-8886329-B2,existing,1
US-8912979-B1,existing,1
US-8934983-B2,existing,1
US-8954157-B2,existing,1
US-8976086-B2,existing,1
US-2015084841-A1,existing,1
US-9002462-B2,existing,1
US-9042985-B2,existing,1
US-9044591-B2,existing,1
US-9044590-B2,existing,1
US-9050468-B2,existing,1
US-9061150-B2,existing,1
US-9072900-B2,existing,1
US-9072888-B2,existing,1
US-2015193984-A1,existing,1
US-9078739-B2,existing,1
US-9084895-B2,existing,1
US-2015205132-A1,existing,1
US-9089702-B2,existing,1
US-9089690-B2,existing,1
US-9089701-B2,existing,1
US-9095709-B2,existing,1
US-9095710-B2,existing,1
US-9097891-B2,existing,1
US-9095722-B2,existing,1
US-2015355481-A1,existing,1
US-2015362733-A1,existing,1
US-2015378074-A1,existing,1
US-2016027216-A1,existing,1
US-2016037849-A1,existing,1
US-2016055822-A1,existing,1
US-2016091968-A1,existing,1
US-2016183779-A1,existing,1
US-2016196694-A1,existing,1
WO-2016133644-A1,existing,1
US-2016247418-A1,existing,1
US-2016252325-A1,existing,1
US-2016267720-A1,existing,1
US-2016262608-A1,existing,1
US-2016270656-A1,existing,1
US-2016270648-A1,existing,1
US-2016377871-A1,existing,1
US-2016379593-A1,existing,1
US-2017010469-A1,existing,1
US-2017007351-A1,existing,1
US-2017011706-A1,existing,1
US-2017068119-A1,existing,1
US-2017094167-A1,existing,1
WO-2017064301-A1,existing,1
US-9651784-B2,existing,1
US-9651786-B1,existing,1
US-2017236332-A1,existing,1
US-2017242253-A1,existing,1
US-2017293380-A1,existing,1
US-2017323615-A1,existing,1
US-2018045964-A1,existing,1
WO-2018067611-A1,existing,1
US-9955862-B2,existing,1
US-2018116742-A1,existing,1
US-2018125340-A1,existing,1
KR-20180068351-A,existing,1
US-10111583-B1,existing,1
US-2018325618-A1,existing,1
US-10149958-B1,existing,1
US-10323904-B1,existing,1
US-10345768-B2,existing,1
US-2019339528-A1,existing,1
US-2019353457-A1,existing,1
US-2019359351-A1,existing,1
WO-2020014707-A1,existing,1
US-2020030054-A1,existing,1
US-2020038120-A1,existing,1
US-10638080-B2,existing,1
US-2020281670-A1,existing,1
US-10874297-B1,existing,1
US-2021022599-A1,existing,1
US-2021149173-A1,existing,1
EP-4052647-A1,existing,1
DE-1147411-B,existing,1
US-12257014-B2,existing,1
US-4860742-A,existing,1
US-4906907-A,existing,1
EP-0590713-A2,existing,1
JP-H09318469-A,existing,1
US-5784542-A,existing,1
US-6197017-B1,existing,1
JP-2002159509-A,existing,1
US-6494882-B1,existing,1
US-2005119527-A1,existing,1
US-2005200324-A1,existing,1
US-2007018958-A1,existing,1
US-2007043338-A1,existing,1
US-2007078484-A1,existing,1
US-2007119274-A1,existing,1
KR-100778387-B1,existing,1
WO-2007143859-A1,existing,1
US-2008065105-A1,existing,1
US-2008132893-A1,existing,1
US-2008147090-A1,existing,1
US-2009088775-A1,existing,1
CA-2709634-A1,existing,1
WO-2009123891-A1,existing,1
US-2009324161-A1,existing,1
US-2010063478-A1,existing,1
US-2010219388-A1,existing,1
US-2010313679-A1,existing,1
US-2011015632-A1,existing,1
US-2011046659-A1,existing,1
US-7935130-B2,existing,1
EP-2362285-A2,existing,1
US-2011282356-A1,existing,1
US-2011295269-A1,existing,1
US-2011295270-A1,existing,1
EP-2431000-A2,existing,1
US-2012116391-A1,existing,1
US-2012123441-A1,existing,1
US-8306656-B1,existing,1
WO-2012166806-A1,existing,1
US-8375808-B2,existing,1
US-8444631-B2,existing,1
US-8479969-B2,existing,1
US-8506555-B2,existing,1
US-2013291654-A1,existing,1
US-8602288-B2,existing,1
US-8613230-B2,existing,1
US-8620473-B2,existing,1
US-2014005678-A1,existing,1
US-2014005662-A1,existing,1
US-2014005708-A1,existing,1
US-8628518-B2,existing,1
US-2014052150-A1,existing,1
US-2014088614-A1,existing,1
US-2014107627-A1,existing,1
US-8771270-B2,existing,1
US-8800838-B2,existing,1
WO-2014151952-A1,existing,1
WO-2014172213-A2,existing,1
US-8945095-B2,existing,1
US-9028494-B2,existing,1
US-2015135832-A1,existing,1
US-2015164598-A1,existing,1
US-9192448-B2,existing,1
US-9204923-B2,existing,1
US-2015374447-A1,existing,1
US-9232979-B2,existing,1
US-9358682-B2,existing,1
US-2017007345-A1,existing,1
US-9671860-B2,existing,1
US-2017165017-A1,existing,1
US-2017172687-A1,existing,1
US-9707684-B2,existing,1
US-2017215944-A1,existing,1
US-9782214-B2,existing,1
US-2017303996-A1,existing,1
US-2018042689-A1,existing,1
US-2018078249-A1,existing,1
US-9943375-B2,existing,1
US-9952107-B2,existing,1
US-10085809-B2,existing,1
US-10130366-B2,existing,1
US-10201365-B2,existing,1
US-2019069966-A1,existing,1
US-10238458-B2,existing,1
US-2019094084-A1,existing,1
US-2019125354-A1,existing,1
US-2019175188-A1,existing,1
US-2019175887-A1,existing,1
US-2019201018-A1,existing,1
US-2019223966-A1,existing,1
US-2019223960-A1,existing,1
US-10363107-B2,existing,1
US-10398433-B2,existing,1
US-2019336228-A1,existing,1
US-10595836-B2,existing,1
US-10653435-B2,existing,1
WO-2020102776-A1,existing,1
WO-2020102778-A1,existing,1
WO-2020102780-A1,existing,1
WO-2020102774-A1,existing,1
US-10682141-B2,existing,1
US-2020278265-A1,existing,1
US-2020397502-A1,existing,1
US-2021022819-A1,existing,1
US-2021045819-A1,existing,1
WO-2021076765-A1,existing,1
WO-2021097386-A1,existing,1
US-11020138-B2,existing,1
US-2021181048-A1,existing,1
US-11079292-B2,existing,1
US-11369411-B2,existing,1
US-2024130812-A1,existing,1
US-2447230-A,existing,1
US-11203041-B2,existing,1
US-3578102-A,existing,1
US-3984805-A,existing,1
US-4098133-A,existing,1
US-4710656-A,existing,1
US-4749891-A,existing,1
US-4788968-A,existing,1
US-4982374-A,existing,1
JP-H03113337-A,existing,1
US-5136194-A,existing,1
WO-9318475-A1,existing,1
US-5327120-A,existing,1
US-5589828-A,existing,1
US-5666138-A,existing,1
US-5780948-A,existing,1
US-5825663-A,existing,1
US-5857986-A,existing,1
US-5903077-A,existing,1
US-5923317-A,existing,1
US-5929607-A,existing,1
US-6002184-A,existing,1
US-6009986-A,existing,1
US-6023116-A,existing,1
US-6147422-A,existing,1
JP-2000333464-A,existing,1
US-6208497-B1,existing,1
US-6236125-B1,existing,1
JP-2001212508-A,existing,1
US-6275213-B1,existing,1
US-6307285-B1,existing,1
US-2002024503-A1,existing,1
US-6389941-B1,existing,1
US-6397285-B1,existing,1
US-2002080112-A1,existing,1
JP-2002205008-A,existing,1
US-6424333-B1,existing,1
EP-1226852-A2,existing,1
US-6504278-B1,existing,1
US-2003030619-A1,existing,1
US-2003038774-A1,existing,1
JP-2003199974-A,existing,1
US-6618646-B1,existing,1
US-6641480-B2,existing,1
JP-2003345233-A,existing,1
US-6679776-B1,existing,1
US-6693622-B1,existing,1
US-6704001-B1,existing,1
US-6742960-B2,existing,1
US-2004108992-A1,existing,1
JP-2004174309-A,existing,1
US-2004164959-A1,existing,1
US-2004169480-A1,existing,1
US-2004183782-A1,existing,1
US-2004183487-A1,existing,1
US-6809727-B2,existing,1
US-2004227727-A1,existing,1
US-2004233167-A1,existing,1
US-2004233161-A1,existing,1
US-6824468-B2,existing,1
US-2005030284-A1,existing,1
US-6864877-B2,existing,1
US-2005052415-A1,existing,1
US-6873067-B2,existing,1
US-2005077845-A1,existing,1
US-6883373-B2,existing,1
US-2005128186-A1,existing,1
US-2005134561-A1,existing,1
US-2005134562-A1,existing,1
US-2005195168-A1,existing,1
US-2005221894-A1,existing,1
US-2005219206-A1,existing,1
US-2005237314-A1,existing,1
US-6982696-B1,existing,1
US-2006015045-A1,existing,1
US-6992462-B1,existing,1
US-7084854-B1,existing,1
US-7091948-B2,existing,1
US-2006290662-A1,existing,1
US-7182691-B1,existing,1
US-7209118-B2,existing,1
US-2007091063-A1,existing,1
US-7218310-B2,existing,1
US-2007236450-A1,existing,1
US-2007265077-A1,existing,1
US-7315098-B2,existing,1
US-2008252594-A1,existing,1
US-7446752-B2,existing,1
US-7561142-B2,existing,1
KR-20100029158-A,existing,1
US-7683508-B2,existing,1
KR-20100044381-A,existing,1
US-2010245237-A1,existing,1
US-2010253487-A1,existing,1
KR-20100125941-A,existing,1
US-2011050404-A1,existing,1
US-7916576-B2,existing,1
US-7919945-B2,existing,1
US-7931605-B2,existing,1
US-2011124959-A1,existing,1
JP-2012125135-A,existing,1
US-2012224274-A1,existing,1
US-2012232780-A1,existing,1
US-8384316-B2,existing,1
US-8981682-B2,existing,1
US-11986260-B2,existing,1
WO-2009092164-A1,existing,1
US-2011190774-A1,existing,1
US-2011245833-A1,existing,1
US-2012179070-A1,existing,1
US-8615286-B2,existing,1
US-2014039454-A1,existing,1
US-2014208578-A1,existing,1
US-2014222023-A1,existing,1
US-2014276949-A1,existing,1
US-8894654-B2,existing,1
CN-104287836-A,existing,1
US-2015150616-A1,existing,1
US-2015209056-A1,existing,1
US-9131597-B2,existing,1
US-9179875-B2,existing,1
US-9314239-B2,existing,1
US-2016331467-A1,existing,1
US-2016354162-A1,existing,1
US-9554838-B2,existing,1
US-2017065347-A1,existing,1
US-2017079727-A1,existing,1
US-9603665-B2,existing,1
US-9649164-B2,existing,1
CN-106725711-A,existing,1
WO-2017137087-A1,existing,1
US-2017312039-A1,existing,1
US-2017325845-A1,existing,1
US-9848834-B2,existing,1
US-2018014891-A1,existing,1
US-2018014890-A1,existing,1
US-2018035893-A1,existing,1
US-2018042684-A1,existing,1
US-2018078201-A1,existing,1
US-2018092669-A1,existing,1
US-2018110573-A1,existing,1
US-10004565-B2,existing,1
US-2018199951-A1,existing,1
US-2018271602-A1,existing,1
US-10098704-B2,existing,1
US-2018318019-A1,existing,1
US-2018325608-A1,existing,1
US-10130477-B2,existing,1
US-2019069882-A1,existing,1
US-2019090966-A1,existing,1
US-10245087-B2,existing,1
US-2019133663-A1,existing,1
US-2019209011-A1,existing,1
US-2019247057-A1,existing,1
US-2019262078-A1,existing,1
US-10433880-B2,existing,1
US-2019314158-A1,existing,1
US-2019314040-A1,existing,1
US-2019343640-A1,existing,1
US-10492802-B2,existing,1
US-2020015909-A1,existing,1
US-2020029979-A1,existing,1
US-10548619-B2,existing,1
US-2020054215-A1,existing,1
US-10588645-B1,existing,1
US-2020093611-A1,existing,1
US-2020121404-A1,existing,1
US-2020289133-A1,existing,1
US-2020324408-A1,existing,1
US-10888337-B2,existing,1
US-11253329-B2,existing,1
US-4119900-A,existing,1
US-12090629-B2,existing,1
GB-2345051-A,existing,1
US-2004251656-A1,existing,1
WO-2007050407-A1,existing,1
US-2007112458-A1,existing,1
CA-3068216-A1,existing,1
JP-2008119820-A,existing,1
JP-2008260117-A,existing,1
US-2011045194-A1,existing,1
KR-20110054850-A,existing,1
WO-2011076240-A1,existing,1
US-8065051-B2,existing,1
US-2011288573-A1,existing,1
US-2011290854-A1,existing,1
US-2012010749-A1,existing,1
CN-102688129-A,existing,1
WO-2012149446-A2,existing,1
KR-20120126934-A,existing,1
WO-2012166517-A1,existing,1
US-2012328395-A1,existing,1
CN-102892376-A,existing,1
US-8380350-B2,existing,1
US-2013325244-A1,existing,1
US-2014088761-A1,existing,1
GB-2509814-A,existing,1
US-2014200713-A1,existing,1
WO-2014122752-A1,existing,1
US-8968332-B2,existing,1
AU-2015218522-A1,existing,1
WO-2015137040-A1,existing,1
GB-2527207-A,existing,1
US-2015359694-A1,existing,1
WO-2016042704-A1,existing,1
CN-107283436-A,existing,1
US-2017348931-A1,existing,1
KR-101819531-B1,existing,1
US-2018014988-A1,existing,1
WO-2018063100-A2,existing,1
KR-101872282-B1,existing,1
CN-108227506-A,existing,1
CN-207874211-U,existing,1
US-10136947-B2,existing,1
CN-109259863-A,existing,1
US-2019049977-A1,existing,1
CN-109397245-A,existing,1
US-2019105776-A1,existing,1
US-2019107454-A1,existing,1
US-2019248013-A1,existing,1
US-2019248016-A1,existing,1
US-2019248002-A1,existing,1
US-2020008899-A1,existing,1
US-2020100845-A1,existing,1
US-10687915-B2,existing,1
WO-2020214787-A1,existing,1
BR-112013030509-B1,existing,1
US-2020405403-A1,existing,1
US-2020405406-A1,existing,1
EP-3797715-A1,existing,1
EP-3505079-B1,existing,1
US-2022015773-A1,existing,1
US-2022126438-A1,existing,1
US-2022225982-A1,existing,1
US-2022234194-A1,existing,1
US-2022387031-A1,existing,1
US-2006293558-A1,existing,1
US-12137883-B2,existing,1
US-2007282344-A1,existing,1
US-2008161680-A1,existing,1
US-2010208064-A1,existing,1
US-2011141140-A1,existing,1
US-2011301447-A1,existing,1
US-8444652-B2,existing,1
WO-2013126780-A1,existing,1
US-2014005542-A1,existing,1
US-2014012138-A1,existing,1
US-2015046818-A1,existing,1
US-2015351967-A1,existing,1
US-2016135816-A1,existing,1
US-2016337182-A1,existing,1
US-2017046833-A1,existing,1
US-2018110398-A1,existing,1
US-10307296-B2,existing,1
EP-3510963-A1,existing,1
US-2019310819-A1,existing,1
US-2019343588-A1,existing,1
US-2019362834-A1,existing,1
US-2019385302-A1,existing,1
WO-2020023740-A1,existing,1
WO-2020037308-A1,existing,1
US-2020138518-A1,existing,1
US-10729502-B1,existing,1
US-2020253667-A1,existing,1
US-10758309-B1,existing,1
WO-2020242949-A1,existing,1
US-2021038234-A1,existing,1
US-2021059758-A1,existing,1
WO-2021071988-A1,existing,1
WO-2021071991-A1,existing,1
US-2021128244-A1,existing,1
US-2021161718-A1,existing,1
WO-2021127426-A1,existing,1
WO-2021168408-A1,existing,1
WO-2021203077-A1,existing,1
US-2021307841-A1,existing,1
US-2021315645-A1,existing,1
WO-2021257672-A1,existing,1
WO-2022006041-A1,existing,1
WO-2022006248-A1,existing,1
US-2022031394-A1,existing,1
US-2022092805-A1,existing,1
US-2022095903-A1,existing,1
US-11348257-B2,existing,1
WO-2022159726-A1,existing,1
US-2022296081-A1,existing,1
US-2022375114-A1,existing,1
US-2022383588-A1,existing,1
US-2022392110-A1,existing,1
US-2022406061-A1,existing,1
US-2022415047-A1,existing,1
US-2023005266-A1,existing,1
US-2023007982-A1,existing,1
US-2023014135-A1,existing,1
WO-9639944-A1,existing,1
US-12121310-B2,existing,1
US-5662662-A,existing,1
JP-H11507252-A,existing,1
JP-H11244281-A,existing,1
US-5957933-A,existing,1
US-5975900-A,existing,1
JP-2002523174-A,existing,1
JP-2002537884-A,existing,1
DE-102004007413-A1,existing,1
US-2009024141-A1,existing,1
US-7549998-B2,existing,1
JP-2009537229-A,existing,1
US-7725162-B2,existing,1
US-2010234856-A1,existing,1
US-2010249497-A1,existing,1
JP-2010531672-A,existing,1
US-8002798-B2,existing,1
US-2011295315-A1,existing,1
US-2012109172-A1,existing,1
US-2012116390-A1,existing,1
US-8241306-B2,existing,1
US-8267958-B2,existing,1
US-2013012958-A1,existing,1
WO-2013018931-A1,existing,1
US-2013053648-A1,existing,1
US-2013060278-A1,existing,1
WO-2014145188-A2,existing,1
WO-2015107099-A1,existing,1
US-9089352-B2,existing,1
US-2015223897-A1,existing,1
WO-2015121311-A1,existing,1
JP-2015527174-A,existing,1
US-2015305817-A1,existing,1
WO-2015162256-A1,existing,1
WO-2015193479-A1,existing,1
US-2015366624-A1,existing,1
US-9241771-B2,existing,1
JP-2016519585-A,existing,1
US-9408716-B1,existing,1
US-9492239-B2,existing,1
US-2017196599-A1,existing,1
US-9750510-B2,existing,1
US-9801686-B2,existing,1
US-2017348061-A1,existing,1
US-2018042650-A1,existing,1
US-2019231447-A1,existing,1
US-10987192-B2,existing,1
US-11291506-B2,existing,1
US-11413431-B2,existing,1
US-11810360-B2,existing,1
WO-2021203082-A1,existing,1
US-11810356-B2,existing,1
US-2005038442-A1,existing,1
US-2023072295-A1,existing,1
US-2007244488-A1,existing,1
EP-2011442-A1,existing,1
US-7615055-B2,existing,1
US-2010198275-A1,existing,1
US-2010217156-A1,existing,1
US-2010249659-A1,existing,1
US-2010249658-A1,existing,1
US-2010250571-A1,existing,1
US-2012096954-A1,existing,1
US-8211041-B2,existing,1
US-2012232429-A1,existing,1
US-8323290-B2,existing,1
US-2013023795-A1,existing,1
US-2013103038-A1,existing,1
US-2013226036-A1,existing,1
US-2014094715-A1,existing,1
US-2014275792-A1,existing,1
US-2015342588-A1,existing,1
WO-2015184135-A1,existing,1
US-9351850-B2,existing,1
US-2016278754-A1,existing,1
US-2016346044-A1,existing,1
US-9538953-B2,existing,1
US-2017245872-A1,existing,1
WO-2018031659-A1,existing,1
WO-2019224488-A1,existing,1
US-2019358056-A1,existing,1
US-2019388078-A1,existing,1
WO-2020033579-A1,existing,1
US-2020060666-A1,existing,1
US-2020305943-A1,existing,1
US-2020352555-A1,existing,1
US-10874525-B2,existing,1
US-2021059656-A1,existing,1
US-11000382-B1,existing,1
WO-2021163276-A1,existing,1
WO-2021222216-A1,existing,1
CN-113796902-A,existing,1
US-11253246-B2,existing,1
US-2022096248-A1,existing,1
US-2022110620-A1,existing,1
CN-114945330-A,existing,1
US-2022287754-A1,existing,1
US-2022354512-A1,existing,1
US-11612503-B1,existing,1
US-11612421-B1,existing,1
US-2023121067-A1,existing,1
US-11666318-B2,existing,1
US-2023172600-A1,existing,1
US-2023285014-A1,existing,1
US-5122122-A,existing,1
US-11950870-B2,existing,1
US-5318012-A,existing,1
US-5637097-A,existing,1
WO-9720504-A1,existing,1
US-5649956-A,existing,1
US-5779623-A,existing,1
US-5836871-A,existing,1
WO-2011060046-A2,existing,1
US-2011213383-A1,existing,1
US-8151661-B2,existing,1
US-2013116706-A1,existing,1
US-2013274761-A1,existing,1
WO-2013181507-A1,existing,1
KR-101413406-B1,existing,1
US-2014194699-A1,existing,1
KR-20140090374-A,existing,1
WO-2014114551-A1,existing,1
CN-104042344-A,existing,1
US-2014276953-A1,existing,1
US-2014277736-A1,existing,1
WO-2014146107-A1,existing,1
KR-20140113209-A,existing,1
US-2015045814-A1,existing,1
US-2015065793-A1,existing,1
WO-2015052629-A1,existing,1
US-2015133739-A1,existing,1
WO-2015127078-A1,existing,1
KR-20150003612-U,existing,1
WO-2015175200-A1,existing,1
US-2016000512-A1,existing,1
WO-2016043845-A1,existing,1
WO-2016064616-A1,existing,1
WO-2016090459-A1,existing,1
US-2016235490-A1,existing,1
US-2018049737-A1,existing,1
US-2019133704-A1,existing,1
US-11596486-B2,existing,1
US-4899761-A,existing,1
US-12279761-B2,existing,1
US-5470354-A,existing,1
US-2004116835-A1,existing,1
US-2007066917-A1,existing,1
US-7442196-B2,existing,1
US-2009018544-A1,existing,1
US-7837691-B2,existing,1
US-2012017276-A1,existing,1
US-8118815-B2,existing,1
US-8162951-B2,existing,1
US-8197489-B2,existing,1
US-8491589-B2,existing,1
US-8506571-B2,existing,1
US-2014031828-A1,existing,1
US-8998910-B2,existing,1
US-9539116-B2,existing,1
US-9554745-B2,existing,1
US-9572588-B2,existing,1
US-9642571-B2,existing,1
US-2017156736-A1,existing,1
US-2017360512-A1,existing,1
US-2018049895-A1,existing,1
US-2018085134-A1,existing,1
US-2018098774-A1,existing,1
US-2018177612-A1,existing,1
US-10398477-B2,existing,1
US-2020289050-A1,existing,1
US-2022304829-A1,existing,1
US-5594786-A,existing,1
US-2023149116-A1,existing,1
US-5782765-A,existing,1
US-5873822-A,existing,1
US-5967980-A,existing,1
US-6122541-A,existing,1
US-6127672-A,existing,1
US-6272370-B1,existing,1
US-6275725-B1,existing,1
US-6273896-B1,existing,1
US-2001016684-A1,existing,1
US-6282437-B1,existing,1
US-6298262-B1,existing,1
US-6348058-B1,existing,1
US-6402762-B2,existing,1
US-2002077543-A1,existing,1
US-2002087101-A1,existing,1
US-2002147455-A1,existing,1
US-6491699-B1,existing,1
US-2002188194-A1,existing,1
US-6529765-B1,existing,1
US-2003095186-A1,existing,1
US-2003120283-A1,existing,1
US-2003130610-A1,existing,1
US-2003159141-A1,existing,1
US-6675040-B1,existing,1
US-6697664-B2,existing,1
US-6837864-B1,existing,1
US-2006064030-A1,existing,1
US-2006089626-A1,existing,1
US-2007081695-A1,existing,1
US-2009046152-A1,existing,1
US-2009105584-A1,existing,1
US-2013033700-A1,existing,1
US-2015045665-A1,existing,1
US-9044162-B2,existing,1
US-2016073962-A1,existing,1
US-2017319143-A1,existing,1
US-2020231356-A1,existing,1
US-2021145608-A1,existing,1
US-2016242931-A1,existing,1
US-11844575-B1,existing,1
US-9620818-B2,existing,1
US-9848778-B2,existing,1
US-2018098704-A1,existing,1
US-10105168-B2,existing,1
US-10426560-B2,existing,1
US-2020306011-A1,existing,1
US-10806517-B2,existing,1
US-2020405148-A1,existing,1
US-2021085220-A1,existing,1
US-2021093410-A1,existing,1
US-2021093391-A1,existing,1
US-2021093414-A1,existing,1
US-2021093395-A1,existing,1
US-2021097886-A1,existing,1
US-2021097880-A1,existing,1
US-2021093389-A1,existing,1
US-2021093329-A1,existing,1
US-2021104325-A1,existing,1
US-10987176-B2,existing,1
US-10987175-B2,existing,1
US-2021186614-A1,existing,1
US-11045958-B2,existing,1
US-2021282858-A1,existing,1
US-2021308872-A1,existing,1
US-11160580-B2,existing,1
US-11179210-B2,existing,1
US-2021391058-A1,existing,1
US-11298244-B2,existing,1
US-11304760-B1,existing,1
US-2022248955-A1,existing,1
US-2022273450-A1,existing,1
US-11439469-B2,existing,1
US-11471232-B2,existing,1
US-11478310-B2,existing,1
US-2022338886-A1,existing,1
US-11547486-B1,existing,1
US-2023023440-A1,existing,1
US-4915107-A,existing,1
US-2023074951-A1,existing,1
US-2001025183-A1,existing,1
US-6314310-B1,existing,1
US-2005251026-A1,existing,1
US-2008167551-A1,existing,1
US-7890155-B2,existing,1
US-2011270121-A1,existing,1
US-2012116417-A1,existing,1
US-2013190776-A1,existing,1
US-2013204124-A1,existing,1
US-2015065916-A1,existing,1
US-2015157419-A1,existing,1
US-2016038004-A1,existing,1
US-2017189128-A1,existing,1
US-2017265947-A1,existing,1
US-2018014851-A1,existing,1
US-2018271603-A1,existing,1
US-2019083187-A1,existing,1
US-2019125432-A1,existing,1
US-2020015905-A1,existing,1
US-2021290215-A1,existing,1
US-2022047346-A1,existing,1
US-2022096188-A1,existing,1
US-2023113312-A1,existing,1
US-2023126545-A1,existing,1
US-2023200847-A1,existing,1
US-11931107-B1,existing,1
US-2024148455-A1,existing,1
US-11980432-B2,existing,1
US-2024277425-A1,existing,1
US-5743918-A,existing,1
US-11857201-B2,existing,1
JP-2005312991-A,existing,1
JP-2005334650-A,existing,1
WO-2007030173-A1,existing,1
WO-2007136771-A2,existing,1
WO-2007136769-A2,existing,1
CN-101277657-A,existing,1
JP-2008538184-A,existing,1
JP-2008541990-A,existing,1
CN-101426446-A,existing,1
US-2009306499-A1,existing,1
US-2010094429-A1,existing,1
US-2010153076-A1,existing,1
JP-2010524547-A,existing,1
US-7842092-B2,existing,1
US-2011066079-A1,existing,1
US-2011082587-A1,existing,1
JP-2011206180-A,existing,1
CN-102438551-A,existing,1
US-8475535-B2,existing,1
WO-2013101671-A1,existing,1
US-2013173010-A1,existing,1
US-2013211419-A1,existing,1
US-2013317344-A1,existing,1
US-8681095-B2,existing,1
US-6351571-B1,existing,1
US-11096749-B2,existing,1
US-2006149418-A1,existing,1
WO-2009121775-A2,existing,1
US-2009268010-A1,existing,1
WO-2009121775-A3,existing,1
US-2010158330-A1,existing,1
US-2011135170-A1,existing,1
US-2011190937-A1,existing,1
US-7996110-B2,existing,1
CN-102300498-A,existing,1
US-2012183196-A1,existing,1
US-8228368-B2,existing,1
TW-201246125-A,existing,1
US-2013038707-A1,existing,1
CN-102958426-A,existing,1
WO-2013118065-A1,existing,1
CN-103513951-A,existing,1
US-8644551-B2,existing,1
US-10152789-B2,existing,1
US-10251714-B2,existing,1
US-10588705-B2,existing,1
US-11579698-B2,existing,1
US-2004147318-A1,existing,1
US-2011109198-A1,existing,1
US-2012326999-A1,existing,1
WO-2013134388-A1,existing,1
US-2013264973-A1,existing,1
US-2015081110-A1,existing,1
US-2015227204-A1,existing,1
US-9358689-B2,existing,1
US-2016276972-A1,existing,1
US-2016284173-A1,existing,1
US-2016334872-A1,existing,1
KR-20170015405-A,existing,1
US-2017133966-A1,existing,1
US-2017256145-A1,existing,1
US-9792501-B1,existing,1
WO-2017189928-A1,existing,1
US-10097126-B2,existing,1
US-2019385420-A1,existing,1
US-2020306795-A1,existing,1
US-10868486-B2,existing,1
US-2021160364-A1,existing,1
US-11132062-B2,existing,1
JP-H08117238-A,existing,1
US-12151377-B2,existing,1
JP-2007534351-A,existing,1
US-2008088620-A1,existing,1
US-8498744-B2,existing,1
US-2014031664-A1,existing,1
US-2014180290-A1,existing,1
US-2015324114-A1,existing,1
US-2015320500-A1,existing,1
US-2016199136-A1,existing,1
US-2017020613-A1,existing,1
US-9588583-B2,existing,1
US-9636185-B2,existing,1
US-9655683-B2,existing,1
US-2017151021-A1,existing,1
US-2018014894-A1,existing,1
US-2018116739-A1,existing,1
US-2018303568-A1,existing,1
US-2019133791-A1,existing,1
US-10575913-B2,existing,1
US-10610301-B2,existing,1
US-2022160440-A1,existing,1
WO-9730652-A1,existing,1
US-11857270-B2,existing,1
JP-2011217787-A,existing,1
US-2012071893-A1,existing,1
EP-2556802-A1,existing,1
CN-102933163-A,existing,1
WO-2013025814-A1,existing,1
US-2013211792-A1,existing,1
WO-2014145591-A2,existing,1
JP-2014531920-A,existing,1
US-9060794-B2,existing,1
CN-104720877-A,existing,1
US-2015185846-A1,existing,1
EP-2941204-A1,existing,1
KR-20160010425-A,existing,1
JP-2016505326-A,existing,1
WO-2016089870-A1,existing,1
US-9399298-B2,existing,1
US-2016338776-A1,existing,1
US-2017360509-A1,existing,1
US-10537388-B2,existing,1
US-10716630-B2,existing,1
US-11484368-B2,existing,1
US-2006209019-A1,existing,1
US-12197651-B2,existing,1
DE-102005027203-A1,existing,1
CA-2907516-A1,existing,1
US-2011107270-A1,existing,1
CN-103970268-A,existing,1
US-2015049083-A1,existing,1
US-2015153835-A1,existing,1
US-2015169176-A1,existing,1
US-2016054837-A1,existing,1
US-2016133230-A1,existing,1
US-2016170508-A1,existing,1
CN-105739675-A,existing,1
US-2016239080-A1,existing,1
US-2016253842-A1,existing,1
CN-106133796-A,existing,1
US-2016349835-A1,existing,1
US-2017069134-A1,existing,1
WO-2017044398-A1,existing,1
US-2017139483-A1,existing,1
US-9767613-B1,existing,1
US-2018053351-A1,existing,1
US-10281987-B1,existing,1
US-10353532-B1,existing,1
US-2019221043-A1,existing,1
US-11204643-B2,existing,1
US-2007238981-A1,existing,1
US-12364568-B2,existing,1
US-2007249967-A1,existing,1
US-2009018445-A1,existing,1
US-2011137156-A1,existing,1
US-2013129175-A1,existing,1
US-2013237811-A1,existing,1
US-2013267838-A1,existing,1
US-2016317122-A1,existing,1
WO-2016207628-A1,existing,1
US-2018168740-A1,existing,1
US-2019110842-A1,existing,1
US-2019239850-A1,existing,1
US-2019254754-A1,existing,1
US-2019339525-A1,existing,1
US-2019349559-A1,existing,1
US-2019380790-A1,existing,1
US-2020059640-A1,existing,1
US-2020064439-A1,existing,1
US-2021045715-A1,existing,1
US-2021093400-A1,existing,1
US-2021121238-A1,existing,1
US-2021137350-A1,existing,1
US-2013030645-A1,existing,1
US-12280308-B2,existing,1
US-8577543-B2,existing,1
US-2015077235-A1,existing,1
US-2015077327-A1,existing,1
US-9687729-B2,existing,1
US-2017309072-A1,existing,1
EP-3244591-A1,existing,1
US-2018040163-A1,existing,1
US-2018189717-A1,existing,1
KR-20180084496-A,existing,1
US-2018357233-A1,existing,1
US-2018374016-A1,existing,1
WO-2019068025-A1,existing,1
US-2019282892-A1,existing,1
US-2019303438-A1,existing,1
US-2019318648-A1,existing,1
US-10812976-B2,existing,1
US-11420552-B2,existing,1
US-2022409996-A1,existing,1
US-2008077158-A1,existing,1
US-12220183-B2,existing,1
US-2010073150-A1,existing,1
US-2011208256-A1,existing,1
US-2012123418-A1,existing,1
US-2013211421-A1,existing,1
US-2014107471-A1,existing,1
US-2015182288-A1,existing,1
US-2016214255-A1,existing,1
WO-2016205915-A1,existing,1
US-2017258526-A1,existing,1
WO-2017204832-A1,existing,1
WO-2018103945-A1,existing,1
US-10335236-B1,existing,1
US-11068882-B1,existing,1
EP-1348394-A1,existing,1
US-12272017-B2,existing,1
US-2004068187-A1,existing,1
US-2007177783-A1,existing,1
US-7796790-B2,existing,1
WO-2015089118-A1,existing,1
EP-3080619-A1,existing,1
US-2019388123-A1,existing,1
US-2020069373-A1,existing,1
US-2021393330-A1,existing,1
US-2024065764-A1,existing,1
US-2008009697-A1,existing,1
US-2015257838-A1,existing,1
US-2016030658-A1,existing,1
US-2018333207-A1,existing,1
US-2019000553-A1,existing,1
US-2019029757-A1,existing,1
US-2019388158-A1,existing,1
US-2020093542-A1,existing,1
US-2020275976-A1,existing,1
US-2021192759-A1,existing,1
US-2021378752-A1,existing,1
US-2022192844-A1,existing,1
US-2022202497-A1,existing,1
US-2022218422-A1,existing,1
US-11464650-B1,existing,1
US-11510733-B1,existing,1
US-4428670-A,existing,1
US-2025031968-A1,existing,1
US-5471988-A,existing,1
US-5662587-A,existing,1
US-2006293562-A1,existing,1
US-2007276291-A1,existing,1
US-2009315989-A1,existing,1
US-2010149183-A1,existing,1
US-8069735-B1,existing,1
US-2012041345-A1,existing,1
US-2013144191-A1,existing,1
US-2015011830-A1,existing,1
US-2017164869-A1,existing,1
US-2019053848-A1,existing,1
US-2021381823-A1,existing,1
US-2022354380-A1,existing,1
US-2022409305-A1,existing,1
US-12232824-B2,existing,1
US-2006129070-A1,existing,1
US-2006264732-A1,existing,1
US-2007225550-A1,existing,1
US-2009264777-A1,existing,1
US-2009323052-A1,existing,1
US-2010271306-A1,existing,1
US-2015049215-A1,existing,1
US-2015164606-A1,existing,1
US-2016232401-A1,existing,1
US-9498182-B2,existing,1
US-2017079106-A1,existing,1
US-2017150975-A1,existing,1
US-2017262985-A1,existing,1
US-2018039846-A1,existing,1
US-2018227566-A1,existing,1
US-2019098203-A1,existing,1
US-2019188871-A1,existing,1
US-2020201022-A1,existing,1
US-2022087753-A1,existing,1
US-12127791-B1,existing,1
US-2010076563-A1,existing,1
US-2011305379-A1,existing,1
US-2013203031-A1,existing,1
US-2018071050-A1,existing,1
US-10064686-B2,existing,1
US-10327848-B2,existing,1
US-10342636-B2,existing,1
US-10426571-B2,existing,1
US-2020197123-A1,existing,1
US-10959786-B2,existing,1
US-2006155388-A1,existing,1
US-2009231287-A1,existing,1
US-2011077773-A1,existing,1
US-2017282090-A1,existing,1
US-9836117-B2,existing,1
US-2018067543-A1,existing,1
US-2018157317-A1,existing,1
US-2019041988-A1,existing,1
US-2019279284-A1,existing,1
US-10675766-B1,existing,1
US-10845879-B2,existing,1
US-2020387223-A1,existing,1
US-2021162585-A1,existing,1
US-11352135-B2,existing,1
US-5431653-A,existing,1
US-2006074431-A1,existing,1
US-2007162040-A1,existing,1
US-2009198240-A1,existing,1
US-2010100102-A1,existing,1
US-2011282158-A1,existing,1
US-2013079792-A1,existing,1
US-2014288658-A1,existing,1
WO-2020033589-A1,existing,1
US-2020222205-A1,existing,1
US-2021298734-A1,existing,1
US-2022133291-A1,existing,1
US-11419595-B2,existing,1
US-2004087852-A1,existing,1
US-11832893-B2,existing,1
US-2007198022-A1,existing,1
US-2008255584-A1,existing,1
US-2008269596-A1,existing,1
US-7796791-B2,existing,1
US-2012041446-A1,existing,1
US-2014134586-A1,existing,1
US-2014343403-A1,existing,1
US-2015057756-A1,existing,1
US-2015182292-A1,existing,1
US-2016242934-A1,existing,1
US-9603711-B2,existing,1
US-2017119281-A1,existing,1
US-2017325892-A1,existing,1
US-2019298452-A1,existing,1
US-8753346-B2,existing,1
US-2016228204-A1,existing,1
US-2016338782-A1,existing,1
US-9566121-B2,existing,1
US-9610689-B2,existing,1
US-2018110572-A1,existing,1
US-2018353248-A1,existing,1
US-2019231446-A1,existing,1
US-2005065617-A1,existing,1
US-11272989-B2,existing,1
US-8248413-B2,existing,1
EP-3453355-A1,existing,1
WO-2020223312-A1,existing,1
US-12144551-B1,existing,1
US-2006058604-A1,existing,1
CN-102033980-A,existing,1
US-2012076378-A1,existing,1
US-2019139320-A1,existing,1
US-2020197137-A1,existing,1
US-12440280-B2,existing,1
EP-1712205-A2,existing,1
US-2008306490-A1,existing,1
US-2012291284-A1,existing,1
WO-2014145406-A1,existing,1
US-8882847-B2,existing,1
US-8906107-B2,existing,1
WO-2016004991-A1,existing,1
US-10085839-B2,existing,1
US-2019175277-A1,existing,1
WO-2020139808-A2,existing,1
WO-2020139809-A1,existing,1
WO-2020206216-A1,existing,1
US-6209886-B1,existing,1
US-12186042-B2,existing,1
US-2015201949-A1,existing,1
US-2019269469-A1,existing,1
US-10456207-B2,existing,1
US-2020030045-A1,existing,1
US-2020093555-A1,existing,1
US-2022039886-A1,existing,1
US-11298197-B2,existing,1
US-2022233258-A1,existing,1
US-11844582-B2,existing,1
US-2024074825-A1,existing,1
US-2023149114-A1,existing,1
US-2006189864-A1,existing,1
US-2008056433-A1,existing,1
US-2013304429-A1,existing,1
US-9514533-B2,existing,1
US-10813715-B1,existing,1
US-2021093393-A1,existing,1
US-2021220054-A1,existing,1
US-2022087746-A1,existing,1
US-2022370152-A1,existing,1
US-11553969-B1,existing,1
US-11786232-B1,existing,1
US-11786313-B1,existing,1
US-2012235935-A1,existing,1
US-11854428-B2,existing,1
US-2020184791-A1,existing,1
US-2012025945-A1,existing,1
US-11360561-B2,existing,1
US-2012293411-A1,existing,1
US-2013016042-A1,existing,1
US-2015254898-A1,existing,1
US-2016259417-A1,existing,1
DE-102016215481-A1,existing,1
US-2021335483-A1,existing,1
US-2008107305-A1,existing,1
US-12402954-B2,existing,1
US-2011157373-A1,existing,1
US-2012154618-A1,existing,1
US-2016191887-A1,existing,1
US-2016324580-A1,existing,1
US-9513113-B2,existing,1
US-2017333137-A1,existing,1
WO-2018226850-A1,existing,1
US-2019339369-A1,existing,1
US-2019348169-A1,existing,1
US-2020372626-A1,existing,1
WO-2021003401-A1,existing,1
US-2024024051-A1,existing,1
US-2007258626-A1,existing,1
US-2009036902-A1,existing,1
US-2013272593-A1,existing,1
US-9480532-B2,existing,1
US-2017119472-A1,existing,1
US-2021153959-A1,existing,1
US-2021313052-A1,existing,1
US-2012323364-A1,existing,1
US-2022183770-A1,existing,1
US-2013226168-A1,existing,1
US-2016246369-A1,existing,1
US-9827060-B2,existing,1
CN-108268129-A,existing,1
US-2020113641-A1,existing,1
US-2021081042-A1,existing,1
US-2021315590-A1,existing,1
US-2022125520-A1,existing,1
US-2022253140-A1,existing,1
US-11537206-B2,existing,1
US-11847426-B2,existing,1
US-2007151390-A1,existing,1
US-2021353373-A1,existing,1
US-2007282358-A1,existing,1
US-2012199632-A1,existing,1
US-2013046317-A1,existing,1
US-2016346513-A1,existing,1
US-2017071688-A1,existing,1
US-2021387337-A1,existing,1
US-4841975-A,existing,1
US-12042230-B2,existing,1
US-2007255288-A1,existing,1
US-2011282473-A1,existing,1
US-8234097-B2,existing,1
US-2014013565-A1,existing,1
US-2014078139-A1,existing,1
US-9364291-B2,existing,1
US-6434507-B1,existing,1
US-2022395340-A1,existing,1
US-2006053907-A1,existing,1
US-2011264107-A1,existing,1
EP-2907466-A1,existing,1
US-2018141215-A1,existing,1
US-2019021800-A1,existing,1
US-2019060014-A1,existing,1
US-2020038125-A1,existing,1
US-2020170604-A1,existing,1
US-2022022990-A1,existing,1
US-4926847-A,existing,1
US-2022265354-A1,existing,1
US-5037423-A,existing,1
US-5234433-A,existing,1
US-5683397-A,existing,1
US-5688279-A,existing,1
US-5720752-A,existing,1
US-7104997-B2,existing,1
WO-2007030866-A1,existing,1
US-2011060341-A1,existing,1
US-2015051602-A1,existing,1
US-9005207-B2,existing,1
US-2008108873-A1,existing,1
US-12408996-B2,existing,1
US-2011319932-A1,existing,1
WO-2013132501-A1,existing,1
US-9155544-B2,existing,1
WO-2017098503-A1,existing,1
WO-2017098507-A1,existing,1
US-9901401-B2,existing,1
US-10285765-B2,existing,1
US-2019192259-A1,existing,1
US-2019275323-A1,existing,1
US-2023015516-A1,existing,1
US-12374978-B2,existing,1
US-2006281550-A1,existing,1
US-2015253854-A1,existing,1
US-2016144404-A1,existing,1
US-2016258758-A1,existing,1
US-2017021762-A1,existing,1
US-2017291319-A1,existing,1
US-2018004291-A1,existing,1
US-2023149093-A1,existing,1
US-2015080717-A1,existing,1
US-2017000562-A1,existing,1
US-2017181755-A1,existing,1
US-2018253838-A1,existing,1
US-2019015119-A1,existing,1
US-2019282245-A1,existing,1
US-2021007806-A1,existing,1
US-11432945-B2,existing,1
US-2009157092-A1,existing,1
US-2023225817-A1,existing,1
US-7752920-B2,existing,1
US-8281670-B2,existing,1
US-2014128885-A1,existing,1
US-2014148729-A1,existing,1
US-2017265980-A1,existing,1
US-2018092703-A1,existing,1
US-2020345435-A1,existing,1
US-2021196268-A1,existing,1
US-2021310885-A1,existing,1
US-11650111-B2,existing,1
US-3920222-A,existing,1
US-2022395861-A1,existing,1
US-4550622-A,existing,1
JP-2006212608-A,existing,1
US-7213479-B2,existing,1
US-9802225-B2,existing,1
US-10601355-B2,existing,1
US-10843229-B2,existing,1
US-10945514-B2,existing,1
US-2011071542-A1,existing,1
US-2023095221-A1,existing,1
US-2017086931-A1,existing,1
US-2017340396-A1,existing,1
US-2018200009-A1,existing,1
US-2020397520-A1,existing,1
US-2018271601-A1,existing,1
US-12343218-B2,existing,1
WO-2020086403-A1,existing,1
US-11259876-B2,existing,1
US-2022175453-A1,existing,1
US-2022175452-A1,existing,1
US-4995875-A,existing,1
US-12213658-B2,existing,1
US-5380311-A,existing,1
DE-202010000341-U1,existing,1
US-2014005555-A1,existing,1
US-2018132839-A1,existing,1
US-9521368-B1,existing,1
US-12144559-B1,existing,1
US-10320946-B2,existing,1
US-2022096164-A1,existing,1
US-2022375620-A1,existing,1
US-11589933-B2,existing,1
US-2023157757-A1,existing,1
US-2023157762-A1,existing,1
US-11684488-B2,existing,1
US-2023270562-A1,existing,1
US-2011113852-A1,existing,1
US-11974818-B2,existing,1
US-8050523-B2,existing,1
US-2016206384-A1,existing,1
US-2017209071-A1,existing,1
US-2017273542-A1,existing,1
US-2018235709-A1,existing,1
US-2019192234-A1,existing,1
US-2019269470-A1,existing,1
US-11389304-B1,existing,1
US-2024252266-A1,existing,1
US-2008243141-A1,existing,1
US-2015123769-A1,existing,1
US-2019216559-A1,existing,1
US-2019262084-A1,existing,1
US-11410769-B1,existing,1
WO-2019245848-A1,existing,1
US-2024156538-A1,existing,1
US-11571266-B1,existing,1
US-11645531-B2,existing,1
US-2023181258-A1,existing,1
US-2011015649-A1,existing,1
US-2023165649-A1,existing,1
US-2015366157-A1,existing,1
US-2018049822-A1,existing,1
US-2018200002-A1,existing,1
US-11457984-B1,existing,1
US-2008051655-A1,existing,1
US-2014303491-A1,existing,1
US-2021196312-A1,existing,1
US-2023101757-A1,existing,1
US-2007055291-A1,existing,1
US-2022125535-A1,existing,1
US-2016278870-A1,existing,1
US-2017014998-A1,existing,1
US-2017079731-A1,existing,1
US-2019274665-A1,existing,1
US-2006089621-A1,existing,1
US-2023063760-A1,existing,1
US-2012059378-A1,existing,1
US-9974557-B2,existing,1
US-2019008525-A1,existing,1
US-2022142710-A1,existing,1
EP-2338530-A2,existing,1
US-2016038291-A1,existing,1
US-2020030109-A1,existing,1
US-12089905-B1,existing,1
US-2022031412-A1,existing,1
US-11389248-B1,existing,1
US-2010161129-A1,existing,1
US-2023200929-A1,existing,1
US-2010228265-A1,existing,1
US-2011202068-A1,existing,1
US-2017071681-A1,existing,1
US-2018317740-A1,existing,1
US-2015297311-A1,existing,1
US-2024000513-A1,existing,1
US-2017020376-A1,existing,1
US-2019142524-A1,existing,1
US-2019380781-A1,existing,1
US-2020400821-A1,existing,1
DE-202005015080-U1,existing,1
US-11622817-B2,existing,1
DE-202010000518-U1,existing,1
US-2017086941-A1,existing,1
US-2017165006-A1,existing,1
US-2022117682-A1,existing,1
US-2005206583-A1,existing,1
US-2021157403-A1,existing,1
US-2006082542-A1,existing,1
US-7331929-B2,existing,1
US-2014278033-A1,existing,1
US-2015363979-A1,existing,1
US-2018140328-A1,existing,1
US-2019262617-A1,existing,1
US-2019307516-A1,existing,1
US-2021137634-A1,existing,1
US-2023008264-A1,existing,1
US-2009143670-A1,existing,1
US-2022151704-A1,existing,1
US-2012306850-A1,existing,1
US-2014200621-A1,existing,1
US-2016225192-A1,existing,1
US-2011257653-A1,existing,1
US-2023301732-A1,existing,1
US-2018256259-A1,existing,1
US-2019125459-A1,existing,1
US-2007293792-A1,existing,1
US-2023023117-A1,existing,1
US-2018000348-A1,existing,1
US-2019167447-A1,existing,1
US-2022409396-A1,existing,1
US-2019105108-A1,existing,1
WO-2020186194-A9,existing,1
WO-2021003275-A1,existing,1
US-2022273281-A1,existing,1
US-11918310-B1,existing,1
US-2021059822-A1,existing,1
US-10973590-B2,existing,1
US-2021196404-A1,existing,1
US-11497436-B1,existing,1
US-2022160430-A1,existing,1
US-2024138922-A1,existing,1
US-11350995-B2,existing,1
US-11464573-B1,existing,1
US-2022387110-A1,existing,1
US-2012158011-A1,existing,1
US-11779423-B2,existing,1
US-2019117111-A1,existing,1
US-2020078097-A1,existing,1
US-2013030542-A1,existing,1
US-12070274-B2,existing,1
US-2013245701-A1,existing,1
US-2020030034-A1,existing,1
US-2022000556-A1,existing,1
US-2016171128-A1,existing,1
US-10657647-B1,existing,1
US-11217036-B1,existing,1
US-2023414287-A1,existing,1
US-2007014452-A1,existing,1
US-2016210412-A1,existing,1
US-2018153624-A1,existing,1
US-2021346005-A1,existing,1
US-7763028-B2,existing,1
US-2011257655-A1,existing,1
US-8828008-B2,existing,1
US-2008161829-A1,existing,1
US-2021038334-A1,existing,1
US-2010125284-A1,existing,1
US-11896320-B2,existing,1
WO-2020012479-A1,existing,1
US-2016183913-A1,existing,1
US-2023371919-A1,existing,1
US-2018168732-A1,existing,1
US-2018360543-A1,existing,1
US-11998281-B1,existing,1
US-2019146458-A1,existing,1
US-2020273581-A1,existing,1
US-2020205910-A1,existing,1
US-8753296-B2,existing,1
US-9579088-B2,existing,1
US-9696700-B2,existing,1
US-2017151027-A1,existing,1
US-2022151705-A1,existing,1
US-2017312032-A1,existing,1
US-2023087709-A1,existing,1
US-2021386480-A1,existing,1
US-2021353129-A1,existing,1
US-7901348-B2,existing,1
US-11051681-B2,existing,1
US-9770172-B2,existing,1
US-2019142520-A1,existing,1
US-9750577-B2,existing,1
US-2021298795-A1,existing,1
US-2022211451-A1,existing,1
US-2007085496-A1,existing,1
US-2010295931-A1,existing,1
US-12310671-B2,existing,1
US-2016113720-A1,existing,1
WO-2017091380-A1,existing,1
EP-0133981-A2,existing,1
US-2023165645-A1,existing,1
US-2015298825-A1,existing,1
US-2015216541-A1,existing,1
US-2022265355-A1,existing,1
US-2020253666-A1,existing,1
US-7091683-B1,existing,1
US-2021275260-A1,existing,1
US-2023404684-A1,existing,1
US-11529198-B2,existing,1
WO-2017175055-A1,existing,1
WO-2019245864-A1,existing,1
US-12029434-B1,existing,1
US-11583361-B1,existing,1
US-2024058063-A1,existing,1
US-11896328-B1,existing,1
US-2004152972-A1,existing,1
US-2024299094-A1,existing,1
US-2022117669-A1,existing,1
US-11896329-B1,existing,1
prospective node 1 (row 0),prospective,10
prospective node 2 (row 1),prospective,10
prospective node 3 (row 2),prospective,10
prospective node 4 (row 3),prospective,10
prospective node 5 (row 4),prospective,10
prospective node 6 (row 5),prospective,10
prospective node 7 (row 6),prospective,10
prospective node 8 (row 7),prospective,10
prospective node 9 (row 8),prospective,10
prospective node 10 (row 9),prospective,10
prospective node 11 (row 10),prospective,10
prospective node 12 (row 11),prospective,10
prospective node 13 (row 12),prospective,10
prospective node 14 (row 13),prospective,10
prospective node 15 (row 14),prospective,10
prospective node 16 (row 15),prospective,10
prospective node 17 (row 16),prospective,10
prospective node 18 (row 17),prospective,10
prospective node 19 (row 18),prospective,10
prospective node 20 (row 19),prospective,10
prospective node 21 (row 20),prospective,10
prospective node 22 (row 21),prospective,10
prospective node 23 (row 22),prospective,10
prospective node 24 (row 23),prospective,10
prospective node 25 (row 24),prospective,10
prospective node 26 (row 25),prospective,10
prospective node 27 (row 26),prospective,10
prospective node 28 (row 27),prospective,10
prospective node 29 (row 28),prospective,10
prospective node 30 (row 29),prospective,10
prospective node 31 (row 30),prospective,10
prospective node 32 (row 31),prospective,10
prospective node 33 (row 32),prospective,10
prospective node 34 (row 33),prospective,10
prospective node 35 (row 34),prospective,10
prospective node 36 (row 35),prospective,10
prospective node 37 (row 36),prospective,10
prospective node 38 (row 37),prospective,10
prospective node 39 (row 38),prospective,10
prospective node 40 (row 39),prospective,10
prospective node 41 (row 40),prospective,10
prospective node 42 (row 41),prospective,10
prospective node 43 (row 42),prospective,10
prospective node 44 (row 43),prospective,10
prospective node 45 (row 44),prospective,10
prospective node 46 (row 45),prospective,10
prospective node 47 (row 46),prospective,10
prospective node 48 (row 47),prospective,10
prospective node 49 (row 48),prospective,10
prospective node 50 (row 49),prospective,10
prospective node 51 (row 50),prospective,10
prospective node 52 (row 51),prospective,10
prospective node 53 (row 52),prospective,10
prospective node 54 (row 53),prospective,10
prospective node 55 (row 54),prospective,10
