node1,node2,structure_text,llm_full,llm_title,t1_structure,t1_full,t1_title
US-2021393344-A1,US-2023097906-A1,"A method is provided for generating an image from a medical device comprising an imaging system, an imaging device comprising a first and second section of the device, and an imaging device comprising a proximal portion of the device. In addition, the imaging device may be calibrated according to the orientation of the device. The imaging device comprises a plurality of instruments that are aligned at one end of the device with respect to a body surface, and a polarity modulator is applied to the instrument to determine the position of the instrument relative to the body surface.","Systems and methods for multi-source image-guided calibration of medical instruments are disclosed. A plurality of imaging instruments, each associated with a respective coordinate frame and access path to an anatomical site, are configured to concurrently acquire image data of the site and one or more interventional instruments. A processing unit is configured to determine differences between coordinate frames of the multiple imaging sources and the interventional instruments, and to compute a unified control frame of reference based on the reconciled multi-source image data. The unified control frame is used to update instrument guidance, registration, and navigation parameters in real time to improve accuracy of image-guided interventions.","A system and method are provided for image-guided control and calibration of medical instruments utilizing multi-source imaging data. The method includes acquiring patient-specific images from multiple modalities, registering the images to a common reference frame, and generating a composite guidance map. A medical instrument having a controllable actuation scheme is calibrated in real time based on the composite guidance map, with control parameters dynamically adjusted according to detected instrument position, tissue characteristics, and procedural stage. The system thereby enhances precision, safety, and repeatability of surgical interventions by tightly integrating calibrated instrument control with multi-source imaging feedback.",0.8752327519435285,0.8777683997466559,0.8854378578040136
US-2021393344-A1,US-2009135280-A1,"A surgical imaging system comprises a device that is actuated by a first and second axis to determine the position of an instrument relative to a focal point. The instrument is synchronized with a detector at one end of the device, and a detector at the other end of the device is synchronized with a detector at the other end of the device. A signal transmission method comprising an array of optically modulated light sources may be employed to control the output of an optically modulated light source from a detector at one end of the device.","A system and method are provided for multi-instrument medical navigation in which a plurality of scanning instruments access a common anatomical site via different access paths and share a coordinated imaging and control infrastructure. Each scanning instrument includes an imaging component configured to emit and/or receive light in distinct wavebands or modulation patterns to reduce crosstalk, while shared light sources, detectors, controllers, and processors generate multiplexed image data. A difference between respective coordinate frames associated with the instruments is determined based on the multiplexed image data, and a control frame of reference associated with at least one instrument is updated in response to the determined difference. The system enables simultaneous or time-multiplexed visualization and calibration of multiple instruments within a common anatomical site using a cost-efficient, shared imaging platform.","A system and method are provided for calibrated control of multi-modal medical imaging instruments while eliminating illumination crosstalk between multiple imaging devices. A control scheme calibration unit determines device-specific response characteristics and control parameters for each imaging modality, including illumination intensity, timing, and wavelength profiles. A coordinated controller synchronizes and dynamically adjusts the operating states of the imaging devices based on the calibration data to minimize interference and optimize image quality. The system thereby enables accurate, co-registered medical imaging from multiple sources with reduced artifacts and improved diagnostic reliability.",0.9053906139090329,0.8919399696006753,0.84888666523653
US-2021393344-A1,US-2018168757-A1,A system of the present invention provides a method for controlling and manipulating a surgical device. The system includes a motion sensor and a control mechanism for detecting and manipulating the motion of a surgical device. The control mechanism emits a resonant energy generated by the first and second components of the control mechanism. The resonant energy generated by the first and second components of the control mechanism is transmitted to a user at a fixed location. The resonant energy generated by the third component is transmitted to a user at a fixed location to be viewed.,"A system and method are provided for robotically assisted surgical bone removal using calibrated multi-instrument navigation. A first surgical instrument comprising a reciprocating bone-removal tool is controlled by a multi-axis robotic manipulator, and a second instrument comprising an imaging component accesses the same anatomical site via a different path. Image data from the second instrument is used to determine a difference between a first coordinate frame associated with the robotic bone-removal tool and a second coordinate frame associated with the imaging instrument. A control frame of reference for the robotic manipulator is updated based at least in part on the difference, thereby enabling precise, remotely controllable removal of hard tissue while avoiding soft tissue.","A system and method are provided for calibrating a robotic surgical system using a control scheme calibration framework adapted for medical instruments. The system comprises one or more robotic arms, surgical tools, and sensors configured to acquire real-time instrument position, force, and orientation data during a calibration procedure. A processor executes control algorithms that compare sensed parameters to target calibration profiles and automatically adjusts control gains, motion scaling, and tool alignment to optimize accuracy and responsiveness. The calibrated control scheme enables improved precision, safety, and repeatability of robot-assisted surgical interventions.",0.8895903941008871,0.8994240867831743,0.9005927698232065
US-2020100855-A1,US-2020405417-A1,"A surgical instrument system comprises a robotically actuated endoscope capable of manipulating a portion of a patient's body cavity. The robotically actuated endoscope is positioned proximal to the surgical instrument, and a guiding device is positioned proximal to the surgical instrument. The method of the invention includes a first-line technique for removing a portion of a patient's body cavity from a surgical instrument, and a second-line technique for insertion of a surgical instrument through a longitudinal slit.",Systems and methods are provided for coordinated robotic surgical procedures that integrate endoscopically-assisted percutaneous access with multi-arm platform control. A first robotic arm manipulates an endoscopic instrument having an onboard position sensor introduced through a natural orifice to define a target location within a treatment region. A second robotic arm percutaneously guides a therapeutic instrument toward the target location based on real-time positional data from the first instrument and platform pose adjustments. A control circuit synchronizes movements of the robotic arms and compensates for changes in surgical platform position to maintain spatial registration and enable cooperative execution of diagnostic and interventional tasks.,"A surgical robotic system configured to perform concomitant endoscopic and percutaneous procedures using multiple cooperative robotic arms is disclosed. A first robotic arm manipulates an endoscope within a patient body cavity, while one or more additional robotic arms cooperatively position and actuate percutaneous instruments introduced through the patient’s skin. A cooperative control module coordinates motion, force, and instrument trajectories across the arms to maintain stable tool-to-endoscope relationships and shared target alignment. Methods are provided for synchronized path planning, collision avoidance, and dynamic adjustment of tool poses based on intraoperative imaging and sensor feedback.",0.9016051806803571,0.9224221319811576,0.9136014100537664
US-2020100855-A1,US-2002065455-A1,"1 A method for manipulating surgical instruments comprises a catheter-shaped endoscope and a catheter-shaped guide device. The catheter-shaped guide device generates an image of the catheter-shaped guide device. The catheter-shaped guide device generates an image of the catheter-shaped guide device. In addition, the method is able to determine a relative position of the catheter-shaped guide device within a patient's body cavity without the need for a radial emission system. In addition, the method is able to identify a point of obstruction within a patient's body cavity.","A system and method for robotically-assisted percutaneous intervention are provided in which an endoscopically delivered instrument and a percutaneously delivered instrument are jointly localized using multi-sensor magnetic field tracking. A plurality of distinguishable magnetic fields are generated, and multiple sensors disposed near the distal ends of both instruments produce signals that are processed to determine six-degree-of-freedom pose for each instrument in a common reference frame. A target location is defined within a treatment region based on the endoscopic instrument pose, and the robotically-actuated percutaneous instrument is automatically guided toward and maintained at the target using the combined tracking data. The system can provide real-time visualization, collision avoidance, and coordinated control of both instruments during minimally invasive procedures.","A prospective invention comprises an integrated robotic medical platform configured to perform concomitant endoscopic and percutaneous procedures while providing real-time diagnostic imaging and treatment capabilities. The system includes a coordinated robotic manipulator array operatively coupled to endoscopic instruments and percutaneous access tools, and further interfaces with multimodal imaging subsystems for intraoperative visualization and guidance. Diagnostic algorithms process imaging and sensor data to characterize tissue and pathology, and automatically adjust robotic tool trajectories and treatment parameters. Methods are provided for planning, executing, and updating combined diagnostic, interventional, and imaging workflows during a single, continuous minimally invasive procedure.",0.8844217117412202,0.8941851446410174,0.90047053252097
US-2020100855-A1,US-2021212784-A1,"A surgical tool system comprises a surgical instrument capable of manipulating an endoscope to perform a surgical procedure at a location proximal to the endoscope. A surgical instrument comprises a first-axis rotational motor coupled to a cutting tool. A surgical instrument comprises a laser-guided image transmission device. The laser-guided image transmission device is coupled to a cutting tool. A method for determining the position of a surgical instrument is also provided, and a method for determining the position of a surgical instrument is also provided, and a method for.","A system and method are provided for managing and tracking usage of robotic surgical instruments during endoscopically-assisted percutaneous medical procedures. The method includes inserting a first medical instrument having an elongated shaft, a first position sensor, and at least one usage sensor into a treatment region of a patient through a natural orifice, and determining a first position of the first medical instrument within the treatment region. A second medical instrument is percutaneously guided toward a defined target location while images of the instruments are captured, a type of each robotic surgical instrument is identified based on the images, and a degree of usage of each instrument is determined from data acquired by the usage sensors. A stage in a life cycle of each instrument is then determined based on the identified instrument type and the determined degree of usage, and this life-cycle information is integrated into a robotically-enabled medical system to manage instrument selection, replacement, and procedural workflow.","A prospective invention relates to integrated robotic surgical systems and methods configured to coordinate concomitant endoscopic and percutaneous procedures while dynamically tracking instrument usage. The system includes multiple robotic arms manipulable for endoscopic access and percutaneous access, a control console, and a data acquisition module that records tool identification, deployment sequence, contact events, and cumulative usage metrics for each surgical instrument. A processor executes control algorithms to synchronize multi-port access, optimize tool trajectories, and adjust operating parameters based on real-time usage data and predefined safety thresholds. The invention further provides methods for generating procedure logs, predictive maintenance schedules, and automated alerts when instruments exceed recommended use profiles during combined minimally invasive interventions.",0.9025962673071058,0.8928781529837209,0.9099864906431073
US-2021085410-A1,US-2023100989-A1,"A system comprises a device for manipulating and tagging surgical instruments. The system includes a method for determining the position of a surgical instrument at a particular location. The method includes a first-arm motion detector coupled to one of the first-arm motion detectors. The method includes a set of control circuits that are electrically connected to at least one end of the system. In addition, a plurality of data input and output channels are provided to the system for generating and tagging a biometric image of the system.","Systems and methods are provided for coordinated control of multiple robotic medical tools based on real-time fiducial identification and tracking. A robotic camera and one or more robotic tools are inserted through separate patient ports, with each tool and relevant anatomical structures bearing fiducial markers automatically detected and tracked in the camera image. Tool kinematics and fiducial tracking data are fused to maintain remote centers of motion and to automatically adjust tool and camera poses so that instruments and target anatomy remain within the field of view. In various modes, a single controller commands coordinated motion of tools relative to tracked fiducials, or separate controllers independently manipulate the camera and tools while the system autonomously maintains spatial relationships constrained by the fiducial positions.","A system and method are provided for coordinating movements of multiple robotic surgical tools using real-time fiducial identification and tracking. The system includes a plurality of robotic instrument arms, each configured to manipulate a surgical tool, and an imaging subsystem configured to detect and track fiducial markers associated with anatomical structures, instruments, and/or reference frames. A control unit computes the spatial relationships between the fiducial markers and the robotic tools and generates coordinated motion commands that maintain desired tool-to-target geometries, collision avoidance, and constrained trajectories. In some embodiments, the system dynamically updates tool paths in response to intraoperative movement of tissue or instruments, thereby enabling precise, cooperative robotic maneuvers during minimally invasive surgical procedures.",0.9015714593619857,0.8979374141764653,0.9007162843892655
US-2021085410-A1,US-2010056900-A1,"A medical robotic device of the invention comprises a coupling system to provide a method for manipulating a body cavity during a surgical procedure. The device is positioned within the body cavity to provide a recognizable image to the user. The device is positioned in the body cavity to provide a recognizable image to the user. The invention also provides a method for inserting an endoscope into a patient, wherein the endoscope is operated on by a centrally operated device, wherein the endoscope is operated on by a centrally controlled device.","A robotic interventional medical system is provided for performing image-guided procedures within body cavities while coordinating multiple robotic tools and maintaining remote centers of motion. A multi-degree-of-freedom intracavitary device introduces and steers one or more medical instruments, such as needles, toward user-selected target points under real-time guidance from a medical imager. A robotic camera and additional treatment tools are controlled in coordinated modes so that the instruments remain within the camera’s field of view and comply with remote center-of-motion constraints at separate access ports or cavity entry points. Networked controllers process image data and user inputs to automatically synchronize tool trajectories, imaging viewpoints, and needle steering for precise, minimally invasive interventions performed locally or remotely.","A system and method are provided for coordinated robotic insertion and manipulation of a medical device within a patient’s body during a medical imaging procedure. A plurality of robotic tools are controlled in a coordinated manner to position, guide, and actuate an interventional device in real time based on image-derived feedback. The system includes a controller configured to synchronize multi-axis robotic movements with imaging acquisition parameters to maintain optimal device orientation, trajectory, and visibility. Related apparatus, software, and workflows are disclosed for improving procedural accuracy, reducing manual intervention, and enhancing safety in image-guided interventions.",0.8930348963542666,0.9090805994466423,0.9122230689747478
US-2021085410-A1,US-2016015471-A1,"A system of the invention includes a method for manipulating a surgical instrument, a device comprising at least one robotic actuator coupled to said actuator, and a device comprising a first-order camera coupled to said actuator. A method for obtaining and analyzing a patient's body position relative to said surgical instrument is provided. A method for transmitting and analyzing a patient's body position relative to said surgical instrument is provided. One or more embodiments of said embodiments may be configured to provide an electrical power source within said device.","A robotic surgical system is provided in which coordinated movements of multiple robotic tools and an imaging device are adaptively controlled based on a detected procedural context. The system maintains remote centers of motion while automatically adjusting tool trajectories and camera pose in response to image-based identification of instruments, procedural phase, and region of interest. A first controller enables user-directed motion of a primary tool or camera, while secondary tools and imaging modalities are autonomously reconfigured to remain within the field of view and to match context-specific configuration parameters. In some embodiments, images from one modality and detected surgical phase trigger automatic switching or reconfiguration of other imaging modalities and tool coordination modes.","A system and method are provided for performing coordinated, context-aware robotic interventions. A plurality of robotic tools are controlled via a coordination module that dynamically orchestrates multi-instrument movements based on a real-time surgical context model. The context model fuses sensor data, imaging, and procedural workflows to infer the current surgical phase, anatomical structures, and risk zones. Based on the inferred context, the system autonomously adjusts tool trajectories, interaction forces, and inter-tool timing to enhance safety, precision, and efficiency during the procedure.",0.9251652453397998,0.9216840906433673,0.8895572630163144
JP-2011217787-A,US-2014180290-A1,"A method for actuating a surgical manipulating device includes a virtual user interface and a computer-based control system. The virtual user interface provides haptic feedback to a surgical manipulating device. The virtual user interface provides a method for actuating a surgical manipulating device at a predetermined position relative to a haptic force source. The device may be equipped with a receptacle to store a haptic force source, which is used to determine the shape of a surgical instrument. The device may be equipped with a three-dimensional shape.","A surgical robotic system comprises an elongated guide section with a distal end member supporting a surgical tool, the attitude of the distal end member being adjusted by an internal attitude operation member driven by a controllable drive source. A non-contact attitude detection device detects the orientation of the distal end member relative to the guide section, and a control unit corrects attitude command values based on the detected attitude to compensate for variations in distal end straightness. The system further defines a virtual haptic interaction point associated with the surgical tool and establishes one or more virtual entry boundaries in the surgical field. A processing circuit activates haptic objects that constrain motion of the virtual haptic interaction point once a boundary is crossed, thereby providing virtual constraints on tool movement while maintaining accurate, automatically corrected distal end attitude control.","A system and method are provided for remotely actuating and haptically controlling a surgical tool during minimally invasive or robotic procedures. The system includes a remotely operated actuator configured to translate operator input signals into precise mechanical motion of one or more surgical end-effectors. A haptic interface generates force, vibration, and/or tactile feedback to the operator based on real-time sensor data from the surgical site and actuator state, enabling intuitive bidirectional interaction. The integrated control architecture coordinates motion control and haptic feedback to enhance precision, safety, and situational awareness in teleoperated surgery.",0.9068831954247787,0.9005434540770069,0.9012107925886229
CN-102933163-A,US-2014180290-A1,"One of the methods of the present invention includes a virtual surgical tool system for manipulating anatomical data generated by a computer and displaying it to a user during a surgical procedure. The system is configured to detect anatomical changes in a patient during a surgical procedure. A user interface is configured to provide feedback to a surgeon on the anatomical position of a surgical implant. The anatomical position of a surgical implant can be correlated with the anatomical position of a surgical instrument, based on a combination of physical and electro-mechanical parameters.","A computer-assisted surgical system integrates patient-matched instrumentation and haptic-constrained tool guidance for performing procedures on patient-specific anatomy. A three-dimensional model of the patient’s anatomy is generated and used to determine implant orientation, position, and the design of patient-matched guides that define one or more virtual entry boundaries. A surgical tool associated with a virtual haptic interaction point is registered to the patient-matched instrumentation, and a processing circuit activates haptic objects that constrain movement of the tool when the virtual haptic interaction point approaches or crosses the virtual entry boundaries. The system thereby provides patient-specific, haptically enforced guidance for accurate tool positioning and implant placement during surgery.","A prospective system provides computer-assisted surgical procedures with integrated haptic feedback for enhanced precision and safety. The system includes a processor configured to generate a patient-specific surgical plan from preoperative imaging data and to register the plan to the patient anatomy in real time. A haptically controlled surgical tool is operatively coupled to the processor and is constrained by virtual boundaries corresponding to the planned resection or implant site, providing force feedback and guidance to the surgeon. The system may further adapt the haptic constraints based on intraoperative sensing, thereby dynamically updating the surgical plan and tool guidance during the procedure.",0.907370160440982,0.898587855484157,0.9010998055995008
US-2019290247-A1,US-2013253550-A1,"A bi-sectional endoscopy device of the present invention comprises an implantable catheter that is able to be inserted into a body cavity for the purpose of generating an image of the surrounding tissue. The implantable catheter is anchored to the endoscope by means of a flexible suture. In addition, the implantable catheter is equipped with a magnetically activated ligand, a receptacle, and a protruding membrane. The ligand is positioned at the surface of the implantable catheter to facilitate insertion and dissection.","A system and method for image-guided deployment of an implantable magnetic anastomosis device using fused endoscopic and laparoscopic ultrasound imaging is disclosed. An image fusion workstation generates a real-time composite view of an endoscopic image and an ultrasound image of a target anatomical region, and tracks a deliverable, self-assembling magnetic anastomosis device as it is advanced in a linear configuration through a minimally-invasive access route. The fused image space is used to determine optimal device positioning, tissue capture geometry, and polygonal self-assembly of the magnetic exoskeleton around circumscribed tissue. The system further enables monitoring of tissue apposition, necrosis, and perforation at the anastomosis site via the fused imaging modalities to guide intraoperative decisions and post-placement assessment.","A system and method are provided for image-guided deployment of a self-assembling magnetic anastomosis device within a body lumen using fused endoscopic and ultrasound imaging. Endoscopic images are registered and fused in real time with intraluminal or external ultrasound images to generate a composite visualization of tissue structures and target sites for anastomosis. The fused image data are used to navigate and position at least two magnetic components of an anastomosis device having an exoskeleton so that they self-assemble across opposing tissue walls. The system may further include algorithms for automatic alignment, depth estimation, and verification of anastomosis formation based on multimodal image feedback.",0.8508161706826501,0.8763234282698951,0.8796169470227179
US-2018049821-A1,US-2008065110-A1,"An endoscopic surgical tool comprises a robot-operated manipulator arm with a coupling mechanism that allows the manipulator arm to move relative to a surgical instrument. The coupling mechanism allows the manipulator arm to be flexibly accessed by a surgical instrument. A drive shaft is attached to the manipulator arm. The assembly includes a handle for controlling the movement of a surgical instrument, and a first-in, first-out, and second-in, middle-in, and third-in device for removing tissue from a surgical instrument.","A robotic surgical system is provided that includes a robotic arm controlled by a control system and a minimally invasive surgical instrument having an internal U-turn mechanism. The instrument includes a shaft with an end effector and/or wrist mechanism at a distal end, wherein actuating forces are transmitted around at least one U-turn having a bend radius smaller than that of a comparable flexible arm. One or more sensors positioned along the shaft, U-turn mechanism, and/or end effector measure forces, velocities, and tension in tissue during actuation. The control system uses the sensed parameters to modulate both the robotic arm motion and the transmission of actuating forces through the U-turn mechanism to achieve precise manipulation of the distal components while reducing unwanted tissue damage.","A surgical instrument is provided that combines controlled jaw closure with retrograde navigation through a bodily lumen or tissue tract. The device includes an elongated shaft bearing a retrograde guidance mechanism and a distal jaw or clamp assembly configured to advance in concert with controlled closure force. A control system coordinates the rate of distal advancement with progressive closure of the jaws to securely capture, manipulate, or occlude target tissue while minimizing trauma. The instrument is particularly suited for procedures requiring access from a distal site toward a proximal target, enabling precise tissue engagement, cutting, or fixation under retrograde advancement conditions.",0.9124422655778467,0.9156671020491071,0.8661467602160228
US-2017360509-A1,US-2014031664-A1,"A method for a patient undergoing orthopaedic surgery comprises a device for positioning and adjusting the anatomical portion of a bone implant in a joint. The device may be augmented with a computer-generated guidance system to generate a map of the anatomical portion of a bone implant. In addition, the invention includes methods for obtaining data from a multi-probe imaging system, such as a digital camera, which is used to identify the location of the implant in relation to the anatomical portion of the joint.","A system and method for revision orthopedic surgery integrates a hand-held, tracked imaging device with navigation-based implant registration. The system uses real-time radiation imaging from a detector fixed to a radiation source and tracked in six degrees of freedom to acquire intraoperative images of an existing orthopedic implant and surrounding bone and cement. A navigation module registers the patient’s existing implant as a reference structure, fuses the real-time images with preoperative or intraoperative planning data, and generates guidance for controlled removal of bone, bone cement, or prosthetic components. The guidance is provided to navigated, robotic, or articulating hand-held tools, enabling precise, minimally invasive revision and implantation procedures.","A surgical planning and navigation system is disclosed that integrates implant-based planning for total joint arthroplasty with a radiographic imaging device. The system includes an imaging apparatus configured to acquire radiographic data of a target joint and implanted fiducial or trial components, and processing circuitry configured to digitize anatomical and implant-related landmarks from the radiographic data. Using these landmarks, the processing circuitry generates a three-dimensional, implant-based surgical plan and registers the patient’s anatomy to the imaging coordinate system in real time. The combined system enables intraoperative adjustment of implant size, position, and orientation based on updated radiographic images to optimize joint alignment and function.",0.9217906622288097,0.9017714343296093,0.9130996463594772
JP-2016505326-A,US-9588583-B2,"1 The invention comprises a method for establishing a bone satchet relative to the surface of the body of the first osteotomy. The technique is achieved by cutting a portion of a bone satchet into the surface of the body of the first osteotomy. The insertion point of the insertion point is controlled by a coupling tool, which provides a positional adjustment of the insertion point relative to the surface of the body of the first osteotomy. The coupling tool provides a positional adjustment of the insertion point relative to the surface.","A system and method for computer-assisted osteotomy planning and execution integrates a virtual haptic environment with a physical fixation plate and bone cutting procedure. A computer generates a virtual model of a bone and associated fixation plate having first and second openings corresponding to first and second voids formed in the bone, and defines first and second subsets of haptic interaction primitives for simulating plate positioning and wedge-opening manipulation in respective haptic subspaces. During a simulated osteotomy, the system determines haptic forces in the first subspace to guide drilling and initial plate fixation, and determines haptic forces in the second subspace to guide relative movement of first and second bone cut surfaces until alignment of the second openings is achieved. The system further outputs real-time haptic feedback to a virtual tool to improve surgical accuracy and stability in translating the planned virtual cuts and plate placement to a physical procedure.","A system and method are provided for planning and performing osteotomy procedures with substantially stable haptic feedback. The system generates a three-dimensional surgical plan for bone cutting based on patient-specific anatomical data and simulates the intended osteotomy trajectory. A haptic interface device coupled to the planning and navigation module delivers stable, high-fidelity tactile and force cues to guide the surgeon’s tool along the planned cutting path while compensating for disturbances and hand tremor. The system thereby enhances surgical accuracy, reduces the risk of unintended bone removal, and improves reproducibility of osteotomy outcomes.",0.8858743222807725,0.8714471172787788,0.8844014480454617
US-10716630-B2,US-2014031664-A1,"An imaging system includes a radiation source formed to capture a photon of a radiation source, a handheld device disposed on a fixed surface, and a method of adjusting the position of the handheld device, a handheld device disposed on a fixed surface, and a navigation device disposed on the handheld device.","A system for performing implant revision surgery comprises a hand-held imaging device including a radiation source and a detector configured to acquire real-time image data of an implant-bone interface, and a navigation system configured to track a pose of the hand-held imaging device in physical space. A processor is configured to register the real-time image data with a three-dimensional model of the implant and bone, determine information related to an interface area between the implant component and the bone based on the registered data, and generate a planned virtual boundary associated with a portion of the interface area to be removed. A tracked cutting tool is correlated with a virtual tool in the three-dimensional model, and the processor is further configured to impose motion constraints on the cutting tool based on a relationship between the virtual tool and the planned virtual boundary. Removal of the portion of the interface area is guided by the motion constraints to facilitate separation and extraction of the implant component from the bone.","A system and method are provided for robotic-assisted surgical revision procedures utilizing integrated radiographic imaging. The system includes a radiographic imaging device configured to generate real-time or near real-time images of a target anatomical region and a robotic manipulator configured to perform revision tasks based on those images. A control unit registers the radiographic images with a pre-operative or intra-operative model and computes updated trajectories, constraints, and tool positions for the robotic system during the revision procedure. The integrated system enables automated or semi-automated guidance, verification, and adjustment of implant placement or hardware removal under continuous radiographic feedback.",0.8746684681566027,0.9033977984297135,0.9089392101227812
JP-2014531920-A,US-2014031664-A1,"1 An orthopaedic surgery device comprising a base unit is configured to generate an image of a patient's position relative to a target joint. The device comprises a control mechanism for adjusting the position of a target joint. The device comprises a control mechanism for adjusting the position of a target joint relative to a target joint. In addition, the invention permits the use of a plurality of optical probes, including a hand-held device and a computer-aided image processing system.","A system and method are provided for patient-specific joint repair that integrates handheld intraoperative imaging with customized surgical tools and implants. The system comprises a hand-held radiation-based imaging device with an associated navigation system configured to track its pose relative to a patient’s joint and to acquire real-time image data of a damaged or failed implant and surrounding anatomy. A planning module uses the image data to design or select patient-specific replacement implants and matching surgical instruments, and to generate a surgical plan for partial or total joint arthroplasty or revision. The navigation system further guides the customized tools during the procedure to optimize implant fit, alignment, and functional outcome.","A system and method for intraoperative radiographic planning and guidance of revision arthroplasty procedures is disclosed. The system comprises an imaging device configured to obtain real-time radiographic images of a joint region and a set of revision implants and tools configured for removal and replacement of existing joint arthroplasty components. The imaging device and revision tools are operatively integrated such that radiographic data is used to register the position, orientation, and fixation status of the implanted components and surrounding bone, and to guide tool placement, cutting paths, and implant sizing. In certain embodiments, the system provides automated or semi-automated image analysis to generate recommended revision plans and to verify implant positioning during and after the revision procedure.",0.8828857161583233,0.8905762660355301,0.8959950768651165
WO-2016089870-A1,US-9588583-B2,"A method of the invention relates to a computer-controlled system for generating a virtual haptic representation of a surgical procedure by using a combination of a simulated haptic model and a predetermined haptic model. The predetermined haptic model is then analyzed for morphological features, such as bone structure and joint surface area. Two methods of the invention are described for generating a virtual haptic representation of a surgical procedure by using a predetermined haptic model and adjusting a predetermined haptic model to a target.","A system and method for image-free, haptically guided orthopedic implant revision surgery are disclosed. A 3D model of a target bone is generated from predefined anatomical parameters and iteratively reshaped using surface points collected intraoperatively. A virtual surgical tool is associated with haptic interaction geometric primitives partitioned into a first subset defining stable guidance forces for gross bone preparation and a second subset defining fine correction forces in a different subspace corresponding to localized reshaping. The system computes and renders haptic forces from both subsets to provide substantially stable, multi-resolution tactile feedback while the surgeon modifies the bone to conform to the planned revision model.","A system and method are provided for performing image-free revision implant surgery using substantially stable haptics. The system includes a surgical instrument and a haptic interface configured to generate spatially bounded force-feedback fields corresponding to anatomical and implant reference data obtained without intraoperative imaging. A controller computes virtual constraints and safe operating regions based on preexisting implant geometry and intraoperative tracking, and applies haptic guidance forces to the instrument to assist the surgeon in accurately locating, modifying, or replacing the implant. The stable haptic feedback reduces unintended motion and improves precision and safety during revision procedures conducted without real-time imaging.",0.8891148264511792,0.883082993707528,0.8925975709541627
US-2012071893-A1,US-9588583-B2,A method for generating and adjusting a computer-based haptic simulation of a surgical intervention system is described. The method consists of determining the articulation of a surgical intervention system with respect to a predetermined articulation of a virtual device. One or more parameters of the virtual device are mapped to a predetermined articulation of a surgical intervention system. The user may use a tool to identify the articulation of a surgical intervention system by referring to a predetermined articulation of a virtual device and adjusting the rotational forces,"A system and method for robot-assisted orthopedic surgery provides substantially stable, multi-subspace haptic guidance during bone resection. Patient-specific anatomical data is acquired and used to generate a three-dimensional model of a target joint region and to determine a virtual resection volume defining a dynamic movement limit for a cutting tool. A haptic engine identifies first and second subsets of haptic interaction geometric primitives respectively corresponding to gross positioning and fine boundary control of the tool, and computes haptic forces in distinct haptic subspaces to guide tool motion within the virtual resection volume. The robotic system constrains tool movement in real time based on the computed multi-subspace haptic forces, thereby inhibiting motion outside the planned resection while maintaining stable and intuitive surgeon feedback.","A computer-assisted surgical system for femoral head reshaping is provided that integrates robotic guidance with substantially stable haptic feedback. The system includes a robotic manipulator configured to position and orient a bone-reshaping tool relative to a patient’s femoral head according to a preoperative plan, and a haptic interface configured to provide the surgeon with stable, bounded force feedback during manual refinement of the tool trajectory. A control module combines real-time imaging or tracking data with the robotic guidance parameters to generate safe virtual boundaries and haptic constraints that resist motion outside a planned resection volume. The integrated system enables precise bone removal while preserving surgeon tactile control and reducing the risk of over-resection or joint surface damage.",0.8867430387009617,0.8891401978065852,0.8837530580315689
US-2017172662-A1,EP-3679851-A1,"A surgical imaging system of the present invention includes a method for manipulating an image generated by a surgical instrument to provide a user with a guide to a surgical procedure. A computer-aided image processing tool detects the position of a surgical instrument at a focal point and transmits the image to the surgical instrument. The data generated by the surgical instrument are correlated with the image generated by the surgical instrument. During the operation, an end-to-end visual representation of the image is provided, and multiple images of the image are displayed in three-dimensional space.","A system and method are provided for real-time intra-operative 3D navigation that combines Q3D endoscopic imaging with multi-camera IR-based anatomical reconstruction. A patient’s anatomical region is scanned and integrated with reflected IR images from multiple instruments and external cameras to generate a dynamic, parallax-enhanced 3D model of the surgical scene. A processor registers and updates this model with Q3D endoscope data, identifies instruments and critical structures, and determines no-fly zones and predicted instrument paths relative to the reconstructed anatomy. The processor further provides a virtual field of view from any selected instrument or vantage point, enabling continuous 3D tracking and collision-avoidance guidance during surgical procedures.","A system and method are provided for enhanced three-dimensional endoscopic imaging that quantitatively visualizes surgical instruments within an augmented-parallax field of view. The system integrates stereoscopic or multi-view endoscopic image acquisition with real-time geometric calibration to determine precise 3D positions and orientations of instruments relative to anatomical structures. An augmented-parallax rendering engine adaptively modifies apparent depth cues and baseline disparities to amplify depth perception while maintaining metric accuracy of instrument localization. The resulting visualization enables improved spatial awareness, collision avoidance, and guidance for minimally invasive procedures.",0.9206744967146497,0.9052267136652535,0.8840438104711446
US-2014194732-A1,US-2021289189-A1,"1 An operating room surgical tool system comprises a camera with a viewfinder, a camera with a viewfinder, a camera with a viewfinder, a camera with a viewfinder, a camera with a viewfinder, a camera with a viewfinder, a camera with a viewfinder, a camera with a viewfinder, a camera with a viewfinder, a camera with a viewfinder, and a camera with a viewfinder. 2 An end-axis position is performed to identify the position of a rotating instrument.","A surgical visualization and measurement system for intra-abdominal procedures comprises at least one trocar-mounted retractable camera having a fixed positional relationship with a tracking mark, a laparoscopic or endoscopic wide-field camera, and an optical tracking sensor configured to detect positions of the tracking marks in real time. A processor receives images from the retractable camera and the wide-field camera, determines inter-camera distances and orientations from the tracked marks, and applies image transforms to geometrically register the images. The processor then combines the registered images to generate a stereoscopic three-dimensional representation of tissue structures and to compute accurate three-dimensional shape and distance measurements within the body cavity. The resulting three-dimensional images and measurements are displayed to the surgeon to assist in navigation, manipulation, and planning during minimally invasive surgery.","A prospective invention comprises a minimally invasive surgical assistance system integrating a trocar assembly with a stereoscopic image correction and generation module. The trocar includes one or more imaging channels configured to receive image capture devices that acquire distinct monocular images from different viewpoints within a body cavity. A processing unit corrects image data from the distinct images, compensating for optical distortions, misalignment, and tissue-induced artifacts, and generates real-time stereoscopic three-dimensional images of the surgical field. The resulting 3D visual output is provided to a surgeon via a stereoscopic display or head-mounted device, enhancing depth perception and precision during trocar-based procedures.",0.8799028747285379,0.8984858744954423,0.8945918920503512
US-9861271-B2,EP-3679851-A1,"One method relates to a surgical imaging system comprising a manipulating device, an endoscope, and a camera. The manipulating device generates an image of the anatomical position of a patient in a surgical procedure. The imaging system is augmented to provide a virtual image of the anatomical position of a patient in a surgical procedure. In addition, the image is analyzed for accuracy by a data acquisition process. The data acquisition process may be performed remotely from the imaging system, including the acquisition of three-dimensional images of the anatomical position of objects.","A system and method for intra-operative three-dimensional imaging and motion-compensated guidance of endoscopic procedures is disclosed. An endoscope equipped with a tracking mechanism is navigated to locations at or near moving target tissue, while cyclical organ motion is captured by motion sensors and correlated with endoscope position and orientation data. Simultaneously, a plurality of IR cameras, mounted on surgical instruments or within the operative field, capture IR images that are associated via parallax to generate an integrated 3D image of the anatomical region in real time. The correlated motion data and integrated 3D image are combined to produce a motion-compensated, real-time intra-operative visualization and navigation map for precise targeting and intervention on moving tissue.","A system and method are provided for enhanced endoscopic-guided tumor treatment that integrates tracked bronchoscopy-based motion simulation with augmented parallax endoscopic imaging. A navigation module registers real-time bronchoscope position and orientation with preoperative imaging to model and predict respiratory-induced tumor motion. Simultaneously, an imaging module generates parallax-augmented endoscopic views, providing depth-enhanced visualization of airway and tumor structures. The combined system enables precise, motion-compensated targeting and delivery of diagnostic or therapeutic interventions to tumors within or adjacent to bronchial passages.",0.9105976205858286,0.8987728215462821,0.8624208554195927
US-2017360512-A1,US-2020222205-A1,"A surgical instrument system comprises a robotic tool for manipulating a surgically performed joint and a guide device for adjusting the position of the surgically performed joint relative to the patient's body. The method includes a method of generating force to be applied to the surgically performed joint. The method includes a plurality of end-pieces, including a first-axis receptacle and a cutting device. The receptacle is positioned in a pre-determined position relative to the patient's body, and the cutting device is positioned in.","A system and method for robot-assisted extraction of orthopedic implants is provided. The system includes a robotic arm having an end effector configured to releasably couple to a pivotable implant extractor tool with jaws adapted to engage an implant. A robotic controller monitors a position and orientation of the end effector and applies controlled forces to the implant via the extractor tool while simultaneously determining soft tissue balance using data from a tracking system. The controller adjusts the extraction trajectory and force based on real-time soft tissue balance feedback, and outputs corresponding information to a display to facilitate atraumatic, single-operator implant removal.","A system and method for revision articular surgery integrates real-time soft tissue balancing with an implant extraction tool. The system comprises a sensor-enabled balancing assembly configured to assess ligament tension and joint alignment during removal of an existing implant, and an extractor instrument having adjustable engagement features controlled according to the measured soft tissue parameters. The method includes dynamically modifying extraction force vectors and trajectories to minimize collateral damage to soft tissues and underlying bone while maintaining or improving joint balance. The invention facilitates precise implant removal and preparation for re-implantation while preserving optimal soft tissue tension and joint kinematics.",0.9261671580946987,0.9025509506500067,0.8557752895668361
US-2017360512-A1,US-2010100102-A1,"A method is provided for manipulating a portion of a limb to determine the position of a joint relative to the first and second vertebral bones of the limb. The method includes a force sensor and a reversible alignment device. The force sensor is positioned at the proximal end of the limb, and the reversible alignment device is positioned at the distal end of the limb. The reversible alignment device is covered by a flexible plastic covering system comprising a plurality of movable structures, including a bone.","A system and method for robot-assisted soft tissue balancing during joint arthroplasty is provided. The system includes a robotic arm having an end effector configured to removably couple to a tensor/ligament balancer including first and second paddles and a biasing member operable to apply a substantially constant force between opposing anatomical surfaces. A robotic controller monitors a position and orientation of the end effector and the tensor/ligament balancer using a tracking system, and determines soft tissue balance based on real-time gap measurements produced by displacement of the second paddle under the constant force. The controller outputs quantitative soft tissue balance metrics and optionally adjusts the applied force and end effector position to achieve a desired balance profile.","A system and method for intraoperative soft tissue balancing in articular joint surgery is provided, utilizing a constant-force tensioning apparatus to dynamically assess and adjust ligament balance throughout a range of motion. The invention combines a force-controlled tensor/ligament balancer with real-time measurement of joint gaps, alignment parameters, and soft tissue tension in multiple planes. Using these measurements, the system guides selective soft tissue releases, implant positioning, and component sizing to achieve optimized and reproducible joint kinematics. In certain embodiments, feedback may be provided visually or electronically to the surgeon or a robotic system to automate or semi-automate balancing adjustments.",0.8587322023696422,0.8818320295119251,0.853689966546804
US-10383765-B2,US-11344374-B2,"A method comprises a computer-aided robotic system for detecting and mapping the position of a patient during a surgical procedure. The system generates an image of a device based on the information provided by one or more sensors in the system. The system generates an image of a device based on the information provided by one or more sensors in the system. In addition, the system may be configured to display the orientation and orientation of a reference scene from a physical location to a three-dimensional perspective, and to display the orientation and orientation of a reference scene from a virtual location","A system and method for robotic-assisted microsurgery integrates a global surgical coordinate framework with intelligent motion classification of surgeon-manipulated controllers. A three-dimensional model of the patient’s anatomy is generated using robotic kinematics and depth-resolved imaging, and a virtual safety boundary is defined within this global coordinate system. One or more freely movable input controllers equipped with inertial sensors provide real-time motion data that is analyzed to distinguish intentional from unintentional surgeon movements. Detected unintentional movements are suppressed or compensated within the coordinate system to prevent tool motion beyond the virtual boundary and thereby reduce the risk of inadvertent tissue injury.","A system and method are provided for robot-assisted surgery that integrates a global coordinate framework with user interface motion monitoring. A surgical robot workspace is defined in a unified global coordinate system, within which positions and orientations of surgical instruments are continuously tracked. A user interface device controlling the robot is monitored to detect unintentional or anomalous user movements, such as tremors, slips, or unintended displacements, relative to the global coordinate reference. Upon detection of such unintentional movements, the system automatically modifies, filters, or inhibits corresponding robotic actions to enhance surgical accuracy and patient safety.",0.9270912278441908,0.9016067206474538,0.9027174123502303
US-10383765-B2,US-2022183779-A1,"A surgical apparatus comprises a surgical tool system for generating an image of a surgical instrument and a surgical tool system for manipulating a surgical instrument. The surgical tool system includes a method for determining the relative position of a surgical instrument and a surgical tool system. In addition, the method may be configured to allow a user to rotate the surgical instrument from one end to the other. The method may be configured to allow a user to remove a portion of the surgical instrument from the surgical tool system by means of a first-axis rotation and a third-axis rotation.","A robotic-assisted surgical system for ophthalmic procedures includes a global eye-referenced coordinate framework and a deployable, multi-blade retractor assembly. A robotic manipulator positions the retractor assembly relative to a three-dimensional model of the patient’s eye generated from kinematic data and optical coherence tomography images. The first and second retractor blades are rotatably coupled to a clevis and configured such that controlled torque applied to a first blade selectively rotates the second blade in coordination, while maintaining predetermined virtual safety boundaries within the global coordinate system. The system thereby enables precise, image-guided deployment and adjustment of the retractor blades to stabilize ocular tissues while preventing encroachment into protected anatomical regions.","A robotic surgical system is provided that utilizes a global coordinate framework to manipulate multi-blade medical instruments within a patient’s body. The system includes a robotic arm assembly, a control unit configured to register patient anatomy and instrument position in a unified coordinate space, and at least one surgical device having multiple blades configured for cutting, grasping, or dissecting tissue. The control unit coordinates the motion and orientation of each blade independently or in concert based on the global coordinate data to achieve precise, repeatable tissue interaction. Methods of use include registering anatomical landmarks, planning multi-blade trajectories, and executing robotically controlled surgical maneuvers under image or sensor guidance.",0.9037258397164663,0.8847907877360139,0.9157117986750001
US-10383765-B2,US-2022101745-A1,"One or more methods of executing a surgical system are described, including the manipulation of a virtual object by a computer-aided robotic device to generate an anatomical image of a surgical scene. The system generates an image of the surgical scene based on the user's perception of the location and orientation of the surgical scene. In addition, the system provides a method for identifying and synchronizing a set of data from a sensor in the operating room to a set of data from a camera in the operating room.","A system and method are provided for virtual-reality-based planning, simulation, and execution of robotic-assisted ocular surgery within a unified global coordinate framework. A global coordinate system for a patient’s eye is established using robotic kinematic data and optical coherence tomographic imaging from an overhead optical assembly and a tool-based sensor, thereby generating a computer-registered three-dimensional eye model and associated virtual safety boundaries. A virtual reality environment renders the three-dimensional model and virtual surgical instruments, and receives user inputs to manipulate virtual robotic components corresponding to physical robotic instruments within the established coordinate system. A server-client architecture generates and transmits actuation commands derived from the user inputs and real-time robotic status data, enabling synchronized control and visualization of both the virtual and physical robotic components while enforcing the virtual boundaries to prevent inadvertent injury.","A system and method are provided for immersive teleoperated robotic surgery that integrates a global coordinate system with a virtual reality (VR) simulation environment. A robotic surgical apparatus is tracked in a unified global coordinate frame that aligns real-world instrument positions with a corresponding virtual surgical scene presented to a user through a VR display. The system continuously maps and updates the positions and orientations of robotic instruments and patient anatomy in the global coordinate system, enabling accurate, latency-compensated visual and haptic feedback. The combined framework supports pre-operative simulation, intra-operative guidance, and post-operative review by maintaining a consistent spatial relationship between real and virtual surgical environments.",0.9285607633956598,0.8982126828829902,0.9178175009099788
US-2017258526-A1,US-2019275323-A1,"A method of the present invention relates to providing an electrically actuated device for a surgical procedure to be implanted in a patient's body. The device includes at least one implantable imaging system, a display device, and an input/output device. The display device and the input/output device are configured to monitor the patient's physiological characteristics, such as sensitivity, temperature, and focal length, by a combination of a signal processing device and a signal processing device.","A system and method are provided for visually guided electrical stimulation of tissue during surgical procedures using an optical head mounted display (HMD). The system includes an electrical stimulator having at least one electrode and a power supply configured to deliver capacitive discharge stimulation energy to tissue proximate a target anatomy to induce an observable response. The HMD is configured to receive stimulation parameters and response data and to display, in real time, visual guidance overlays indicative of electrode position, stimulation settings, and tissue responses in the surgeon’s field of view. The integrated system enables precise localization, assessment, and modulation of target anatomical structures during surgery.","A system and method are provided for performing minimally invasive surgery with integrated intracorporeal smooth muscle stimulation. The system includes a surgical device configured for access to a target anatomical site and a delivery subsystem adapted to position one or more stimulation electrodes or actuators adjacent smooth muscle tissue. A controller coordinates surgical manipulation with controlled delivery of electrical and/or mechanical stimuli to modulate smooth muscle tone, peristalsis, or sphincter function during the procedure. The invention improves visualization, access, and functional assessment of organs by dynamically adjusting smooth muscle activity in real time while surgery is being performed.",0.8947326458525733,0.8700883630580398,0.877589671864426
US-2017258526-A1,WO-2013132501-A1,"This invention relates to a surgical imaging device comprising a method for displaying an image of a patient during a surgical procedure, a technique for manipulating an image of a patient, and an endoscope for guiding the image of a patient to a desired location. In addition, the apparatus may be accessed from a computer-based system comprising a positional camera, a positional camera, a positional camera, a positional camera, a positional camera, a positional camera and a positional camera.","A system and method are provided for visually guided, robot-assisted endoscopic surgery using an optical head-mounted display. The system comprises an endoscope configured to provide real-time images of a field of view (FOV) within a body cavity, a maneuvering system defining its own x, y, z axes, and a data processing unit adapted to control the maneuvering system relative to the FOV axes independently of the maneuvering system axes. The head-mounted display presents the endoscopic images and superimposed guidance cues, and receives user inputs corresponding to desired movements of the FOV. The data processing unit translates these user inputs into control signals for the maneuvering system so as to reposition the endoscope in the body cavity according to the FOV-referenced commands while maintaining visual alignment for the surgical procedure.","A system and method are provided for integrated surgical control combining robotic surgical devices with a global endoscopic command platform. The invention includes a set of surgical instruments and actuators configured for minimally invasive procedures, operatively coupled to an endoscopic imaging and control unit providing multi-axis visualization and manipulation. A central controller coordinates real-time input from the endoscope, surgeon interfaces, and auxiliary sensors to drive precise instrument positioning, tissue interaction, and safety interlocks. The system enables unified control of imaging, navigation, and operative functions to enhance accuracy, reduce operative time, and facilitate complex endoscopic and laparoscopic surgeries.",0.8971955228881733,0.8906203659274008,0.9052915132657434
US-2013211792-A1,US-9655683-B2,"A method for providing guidance to a user of a virtual anatomical implant device involves generating a virtual anatomical representation of a target anatomical position in relation to a computer-generated haptic parameter. The haptic parameter is mapped to a virtual anatomical representation of a target anatomical position in relation to a computer-generated haptic parameter. One or more of the methods described in the present invention are applied to a virtual anatomical implant device, allowing the user to adjust the positioning of the device and adjusting the orientation.","A computer-implemented method for patient-specific haptic guidance of a surgical instrument is provided. The method comprises generating a virtual implant model and a virtual anatomical model of a patient, identifying one or more reference features of the virtual implant model, and determining intersections between the reference features and the anatomical model to define at least one patient-specific haptic boundary. The method further comprises determining, by a processor, a current orientation angle of an axis of a surgical instrument relative to a target axis associated with the reference features, and dynamically adjusting the patient-specific haptic boundary based on the determined orientation angle. The haptic boundary is configured to constrain the instrument from deviating beyond a defined angular and spatial limit while guiding the instrument along a path optimized for the patient-specific anatomy and implant position.","A system and method are provided for dynamically generating and adapting haptic guidance boundaries with collapsing geometries for instrument navigation in virtual, augmented, or mixed-reality environments. The system defines customizable interactive haptic boundaries around virtual objects or target paths and couples them to a haptically rendered object that progressively collapses in geometry as the instrument approaches a desired trajectory or endpoint. Real-time sensor data and user interaction parameters are used to modify boundary stiffness, shape, and collapse behavior to provide context-sensitive guidance and error correction. The system thereby enables precise, intuitive control of tools or instruments while reducing cognitive load and improving task performance.",0.8786167165486729,0.8945730502038435,0.8843038956893217
US-11484368-B2,US-2019133791-A1,A computer-based surgical method is disclosed for obtaining a bone plan for a prosthetic implant in a patient's arthroscopic surgery. The method includes tools for manipulating the articular surface of a prosthetic implant and adjusting the relative positioning of the articular surface of a prosthetic implant. The method also includes a tool system for determining the alignment of the articular surface of a prosthetic implant and adjusting the relative positioning of the articular surface of a prosthetic implant. These components may be used in the preparation of a surgery.,"A system and method for intraoperatively planning and executing revision arthroplasty using robotic assistance and bone-density-based virtual boundaries. The method includes capturing positions of a tracked probe as it contacts an interface area between bone and an implanted component, and generating, without pre-operative imaging, a first virtual boundary defining material to be removed to detach the component. Bone density data obtained intraoperatively or from limited imaging is further used to generate a second set of virtual objects defining optimal regions for re-implantation, such that distal portions of a revision implant are located in higher-density bone. A robotic guidance station constrains operation of a cutting or machining tool based on both the removal boundary and the density-optimized re-implantation boundaries to facilitate component removal and preparation of bone for revision implantation.","A system and method are provided for robotic-assisted revision shoulder arthroplasty utilizing stemless implant components. The system includes a robotic manipulator, imaging and planning software configured to identify and assess previously implanted shoulder components, and tools for atraumatic removal of failed or malpositioned implants. Based on preoperative and intraoperative data, the system generates a revision plan that defines bone resection, preparation, and placement of stemless glenoid and humeral components while accounting for existing bone loss and implant fixation sites. The robotic manipulator then guides execution of the revision plan with real-time feedback to optimize joint alignment, fixation stability, and preservation of remaining bone stock.",0.9185561564842591,0.8946257932642563,0.874910298568171
US-2015057756-A1,US-2008056433-A1,"A method is disclosed for creating bone-based orthopaedic implants for the proximal part of the femur joint. In addition, the method includes a system of repositioning a bone-based orthopaedic implant into the proximal part of the femur joint. The methods are characterized by a first and second scan of the articular surface of the bone and a second and third scan of the articular surface of the bone. In addition, measurements of the articular surface of the bone are used to guide the procedure","Systems and methods are provided for patient-specific hip joint arthroplasty that integrate frontal pelvic plane determination with intraoperative kinematic optimization. A pelvic reference frame is established by ascertaining the location of the frontal pelvic plane from x-ray recordings using a pubic point and rear-projection of a straight line through a pelvic contour. Patient-adapted implant components and surgical tools are then aligned and positioned relative to the determined frontal pelvic plane, while intraoperative measurements of joint kinematics are acquired. Implant orientation and sizing are iteratively adjusted in real time based on the pelvic reference and measured kinematics to optimize joint function and stability.","A computer-assisted surgical system for hip joint arthroplasty is disclosed, comprising patient-specific implants and cutting guides configured using automatically determined pelvic planes. A pelvic localization device acquires anatomical landmark data and computes functional pelvic reference planes, which are registered to preoperative imaging. Based on the registered pelvic planes, a planning module generates a patient-adapted joint reconstruction plan and associated surgical tools or guides for accurate component positioning. The system thereby enables reproducible alignment of acetabular and femoral components relative to true pelvic orientation, improving fit, biomechanics, and clinical outcomes.",0.8934633651812129,0.8635078785292679,0.8761271479393298
US-2015057756-A1,US-10813715-B1,"The disclosed methods include a device for generating an orthopaedic representation of a patient's body during an arthroplasty procedure. In addition, the disclosed methods include a system for generating an orthopaedic representation of a patient's body during an arthroplasty procedure. In particular, a series of computer-aided devices are incorporated into a device for the purpose of measuring, adjusting, and prioritizing the orientation of two or more articular planes of a patient's body, based on three-dimensional imaging data.","Systems and methods are provided for patient-specific joint arthroplasty planning and implant design using 3D body reconstruction from 2D imaging. A consumer-grade 2D camera and motion sensors acquire images of a patient in an unconstrained environment, and automatic segmentation and pose estimation generate a 3D skeletal and soft-tissue model of the relevant joint region. The 3D model is used to derive joint morphology, kinematic parameters, and loading characteristics, which are then employed to design and virtually evaluate patient-adapted implant components and surgical tools. The resulting implant geometries, kinematic simulations, and procedural plans may be shared via networked platforms for remote surgical planning, optimization, and manufacturing.","A system and method are provided for patient-specific joint arthroplasty planning and execution using single-image mobile device body scanning and 3D model generation. A mobile device acquires at least one image of a target limb or joint region, from which a calibrated three-dimensional anatomical model is automatically constructed and analyzed to determine joint geometry, alignment, and pathology. Based on the patient-adapted 3D model, customized prosthetic components, cutting guides, and/or surgical tools are virtually designed and output as digital files suitable for fabrication. The system further provides preoperative planning, intraoperative guidance, and postoperative assessment functionalities by integrating mobile-acquired models with patient-adapted arthroplasty workflows.",0.9042109266955705,0.9034253454151355,0.90191081489539
US-2017258526-A1,US-2021093393-A1,"A surgical method relating to the present invention includes a device for displaying a virtual anatomical representation of a patient in the operating room, a surgical tool for determining the anatomical position of a surgical implant, and a surgical tool for determining the anatomical orientation of a surgical implant. One or more data acquisition systems are accessed from a user interface. The data acquisition system is augmented by a guiding lens, which is augmented by a guiding lens, which is augmented by a guiding lens and a guiding lens.","A system and method for visually guided hip joint access using an optical head mounted display is disclosed. Pre-operative image data are processed to generate three-dimensional models of the pelvis and femur, which are intra-operatively registered to patient anatomy using tracked probes to form aligned anatomical models and an entry vector cone to a target location. The head mounted display presents, in real time, augmented reality guidance including the aligned models, target location, and entry vector cone overlaid on the patient. A navigated guide wire or instrument is advanced under this visual guidance to achieve accurate and minimally invasive access to the hip joint.","A system and method are provided for performing minimally invasive joint surgery that integrates advanced surgical devices with optimized arthroscopic access techniques. The method includes establishing portals to a joint using image-guided or navigation-assisted access procedures, followed by insertion of multifunctional surgical instruments configured for cutting, grasping, tissue resection, and fixation. The devices may include articulating or shape-memory shafts, integrated visualization, fluid management, and energy-delivery elements adapted for use through the established arthroscopic portals. The combined approach enables improved reach, precision, and safety for diagnostic and therapeutic interventions in joints such as the knee, shoulder, hip, and ankle.",0.9126291756829953,0.8699080605168712,0.9032676989464561
US-2010153076-A1,US-2004116835-A1,"An apparatus of the invention includes a method for determining a bone alignment relative to a proximal articular joint, a method for generating a bone alignment relative to a distal articular joint, and a method for generating a bone alignment relative to a proximal articular joint. The first and second components of the device, including a loading plate, are inserted into the insertion space to provide a repositioning force to be applied to the insertion space by means of a compression device.","A system and method are provided for planning and executing spinal implant procedures using cartilage-based anatomical modeling and mechanically guided distraction. A three-dimensional representation of vertebral bone and associated cartilage regions is generated from measured cartilage points, the regions being defined by control points and projected areas corresponding to candidate implant components. A distractor arm assembly having pivotal segments and a jackscrew-driven collar is registered to the anatomical model and actuated to produce controlled intervertebral distraction and angular adjustment according to a precomputed implant plan. The system displays updated bone and cartilage representations during distraction to guide optimal positioning and selection of spinal implants that accommodate cartilage thickness and spinal instability parameters.","A system and method are provided for pre-operative planning and assessment of spinal motion segment units that integrates cartilage-based joint surface modeling with quantitative instability measurement. Imaging data of vertebral bodies and adjacent cartilage or disc-equivalent regions are processed to generate three-dimensional areas representing load-bearing cartilage interfaces within the spine. Motion of the motion segment unit is then measured under controlled loading conditions, and instability metrics are computed by correlating displacement and rotational behavior with the modeled cartilage areas. The combined data are used to plan implant placement, size, and orientation to restore or optimize spinal stability while preserving or mimicking native cartilage contact mechanics.",0.8665780014251133,0.8482283582518145,0.8439073004840562
US-10537388-B2,US-2022160440-A1,"A method of generating a robotic surgical system based on a computer-aided visualization of the patient's anatomy is disclosed. The method includes techniques for adjusting the orthopaedic positioning of a surgical implant in relation to the orthopaedic features of the implant. In addition, a series of tools may be used to obtain a 3-dimensional model of a surgical procedure, such as arthroplasty, arthroplasty, and arthroplasty, to be performed within the patient's own joint space.","Systems and methods are disclosed for performing image-free robotic implant revision surgery. A three-dimensional model of a target bone is generated from pre-defined anatomical parameters and iteratively reshaped using surface points acquired intraoperatively. A surgical robotic arm, registered to an external vision system via fiducial markers, positions and orients cutting or drilling tools to execute the revision plan derived from the reshaped 3D model. The robotic arm operates under processor control to guide bone resection and implant placement in real time based on continuous comparison between planned and actual bone geometry.","A system and method are provided for performing image-free implant revision surgery using a surgical assistive robotic arm. The system includes a robotic arm configured to hold and manipulate surgical instruments relative to a patient’s anatomy, and a control unit executing image-free planning algorithms to determine optimal implant revision parameters based on intraoperative sensor data and anatomical landmarks. The control unit guides the robotic arm along planned trajectories to prepare bone surfaces, remove failed implants, and position revision implants without reliance on preoperative medical imaging. The system may further provide real-time feedback and adjustment of the robotic arm motion in response to intraoperative measurements to improve implant alignment, fixation, and overall surgical accuracy.",0.922429169187451,0.9065336178090891,0.9039132429099731
US-2007270685-A1,US-10575913-B2,"A method for actuating a surgical instrument comprises a computer-generated image of a surgical tool and a method for determining the relative position of a surgical instrument at a given surgical location. The method includes a method for generating a first-person feedback signal from a surgical tool and a method for determining the position of a surgical instrument at a given surgical location. In addition, the data collected by the system may be correlated with the data stored in the system, which may be used to calibrate and modify the data stored in the system at various surgical locations.","A system and method for task-oriented calibration and control of a robotic surgical device is provided. The method includes calibrating a plurality of objects disposed on an end effector of the robotic surgical device by determining positions and/or orientations of the plurality of objects relative to one another and to a reference location on the device. The method further includes generating a plurality of virtual geometries associated with respective surgical tasks based at least in part on the calibrated positions and/or orientations, tracking a position and/or an orientation of the end effector, and determining whether the end effector is at a location corresponding to a selected virtual geometry. In response to determining that the end effector is at the location corresponding to the selected virtual geometry, the system automatically controls the robotic device to facilitate completion of the surgical task associated with the selected virtual geometry.","A system and method are provided for dynamically guiding user interactions with a haptic device using selectively activatable virtual guide geometries. The invention integrates a haptic control apparatus configured to render variable force feedback with software modules that generate, modify, and activate virtual geometric constraints in response to task context, user input, and environmental data. Virtual guide geometries are selectively engaged to assist the user in performing precise movements, limit motion to safe or optimal paths, and provide context-aware tactile cues. The system further adapts guide activation parameters based on learned user behavior and performance metrics to optimize guidance, comfort, and task efficiency.",0.9100070943941895,0.8973147547613378,0.8853714516741215
US-2018049895-A1,US-2009198240-A1,"A device is provided for insertion into the proximal and distal portions of the femur bone and tibia during a knee joint alignment procedure. The device includes a guide for measuring the force exerted on the proximal and distal portions of the femur bone and tibia bone. The guide can be rotated in a fixed position, thereby reducing the stress on the femur bone. An alternative method of adjusting the first and second articulating tips of the guide for insertion into the femur.","A system, devices, and methods are provided for dynamically balancing ligament forces during knee replacement surgery using an integrated force-sensing spreader assembly. The system can include a femoral-tibial spreader having opposed forward ends configured to engage the distal femur and proximal tibia, a height-adjustable sensor platform disposed between the forward ends, and multiple force sensors configured to independently measure medial and lateral compartment forces as the spreader is actuated. A radial or digital gauge can display both the distraction distance and the compartmental forces in real time as the handle members are squeezed to tension the ligaments. A method can include inserting the spreader assembly into the joint gap, adjusting both the distraction height and balance between medial and lateral forces, and displaying quantitative force and gap data to guide intraoperative ligament balancing and implant positioning.","A computerized knee balancing system is disclosed that integrates a femoral-tibial spreader with real-time tensor measurement for use during knee arthroplasty. The system includes a sensorized spreader assembly configured to be positioned between femoral and tibial bone surfaces, and a control unit that calculates compartmental gap distances, angular alignment, and soft tissue tension throughout a range of flexion. A processor executes algorithms that correlate measured tensor data with predefined balancing parameters and generates guidance signals for intraoperative adjustment of bone resections, implant positioning, and ligament releases. Methods of use are provided for dynamically optimizing knee balance and joint line restoration based on iterative measurements and automated feedback.",0.8426101023859014,0.8428339532933726,0.8589868182282269
US-8118815-B2,US-2009198240-A1,A device for insertion into the proximal and distal portions of the femur bone (tibia) is provided. The device includes a guide sleeve that can be used to measure the amount of pressure exerted on the proximal and distal portions of the femur bone during arthroscopic surgery. The guide sleeve includes a pivoting mechanism for adjusting the alignment of a joint. A second pivoting mechanism for adjusting the alignment of a joint is provided herein by means of a crossmember.,"Systems and methods are disclosed for computer-assisted joint replacement incorporating force-sensing distraction during intraoperative alignment. A surgical orientation device and reference sensor establish a three-dimensional axis and cutting plane orientation for a joint, while a ligament-tensioning spreader having an integrated radial force gauge is positioned between opposing bones. Real-time force data from the spreader is correlated with orientation sensor data to dynamically adjust one or more cutting planes and implant positioning to achieve desired soft-tissue balance. The system thereby enables coordinated optimization of bony resection geometry and ligament tension for improved joint kinematics.","A system and method for computer-assisted knee joint replacement is disclosed, integrating joint replacement planning with dynamic ligament tension measurement. The system comprises a femoral-tibial spreader having integrated tensor sensors communicatively coupled to a surgical navigation platform that plans and guides implant selection, positioning, and alignment. During trialing and final implantation, the spreader measures compartmental gap distances and ligament tension across flexion ranges, and the system automatically adjusts or recommends implant sizing, positioning, and soft-tissue balancing steps. The combined data-driven workflow improves joint kinematics, reduces instability, and enhances post-operative functional outcomes.",0.8488812337474807,0.8759146216883149,0.8889481722215666
US-2018177612-A1,US-2009198240-A1,"A bone alignment device is provided for inserting into the proximal and distal portions of the femur and tibia at the knee joint. The device includes a guide for measuring the pressure exerted by the insertion into the proximal and distal portions of the femur. The guide can be retracted to allow the insertion into the proximal or distal portions of the femur. A second instrument, having a pivotal sleeve, is used to provide a pivotal tool for removing.",A surgical knee balancing system is configured to both distract a joint compartment to a predetermined load value and quantitatively measure ligamentous tension during bone preparation for prosthetic implantation. The system includes a femoral-tibial spreader having force-sensing indicia and a moving support structure that pivots relative to a fixed support structure to establish an initial distraction under controlled load. A distraction lock mechanism and an M-L tilt mechanism are selectively engageable to first capture the load-based joint space condition and then forcibly equalize medial and lateral compartments while monitoring changes in measured ligament force. Resultant M-L tilt angles and force measurements are used to guide one or more bone cuts so that the implanted prosthetic component achieves improved alignment and soft-tissue balance.,"A surgical system for knee arthroplasty is provided that integrates prosthetic component alignment support with dynamic femoral-tibial gap balancing. The system comprises a femoral-tibial spreader having a tensor measurement module configured to quantify joint space tension and ligament balance, and an alignment guide configured to position and orient a prosthetic component with reduced alignment error based on the measured tensor values. A processor is operatively coupled to the tensor measurement module and the alignment guide to calculate optimal implant placement parameters and to provide real-time feedback to the surgeon. The combined functionality enables intraoperative adjustment of both soft-tissue tension and component alignment to achieve a more stable and accurately aligned prosthetic joint.",0.8470682926683063,0.8540641985151036,0.8651004208512351
US-2017189131-A1,US-2016007827-A1,A robotic surgical system comprises a tool for manipulating a surgical instrument and a device for controlling the movement of a surgical instrument relative to a surgical instrument. Methods are provided for identifying the surgical instrument at a first-hand location and the surgical instrument at a second-hand location. One or more actuators may be attached to the surgical instrument to provide an end-to-end transmission of a data path and a data orientation to the surgical instrument. The method of operation described herein may be configured to operate within a specified orientation.,"A system and method for coordinated control of multiple robotic surgical instruments is provided. A robotic surgical platform manipulates a plurality of surgical tools simultaneously within a patient, while a real-time 3D localization subsystem tracks the spatial positions and movements of each tool. A controller references a movement database and a rules database defining ALLOWED and RESTRICTED movements, including collision prevention, field-of-view, no-fly zones, and tool- and operator-dependent constraints, to dynamically govern each instrument’s motion. The system thereby enables safe, rule-based, and coordinated multi-instrument robotic interventions in real time.","A system and method are provided for controlling movement of a robotic surgical system using a rule-based assistance framework for laparoscopic procedures. The system comprises one or more robotic arms configured for minimally invasive access, sensors for capturing intraoperative data, and a controller executing a set of procedural and safety rules derived from laparoscopic surgery best practices. The controller dynamically interprets surgeon inputs, anatomical context, and instrument states to generate constrained motion commands that prevent unsafe trajectories, collisions, or tissue damage. In some embodiments, the system provides real-time guidance, automated subtasks, and context-aware movement limits to enhance precision, consistency, and safety of laparoscopic robotic surgery.",0.9274123774297589,0.902557973305718,0.907872373295984
US-2017189131-A1,US-2014005684-A1,"A robotic surgical system comprises a method for manipulating a surgical instrument, a surgical tool, and an endoscope. The method may be coupled to an electrically operated surgical instrument, a surgical tool, and an endoscope. The method may be coupled to a patient-centered positioning assister. One or more of the robots in the invention are able to provide control over the movement of a surgical instrument in relation to a corresponding positioning assister, thereby minimizing the need for a surgical tool to be discarded during the procedure.","A system and method are provided for coordinated autonomous control of multiple robotic surgical instruments during a medical procedure. A robotic surgical platform supports a plurality of instruments, at least one of which is controlled in supervised autonomy to execute surgical subtasks based on one or more intraoperative imaging modalities. An operating system dynamically plans and updates instrument trajectories to track mobile and deformable targets in an unstructured environment while synchronizing motion among the instruments. The system improves precision, efficiency, and safety by enabling cooperative, image-guided execution of complex multi-instrument surgical workflows.","A prospective system provides fully- or semi-automated execution of robotic surgical and interventional procedures using advanced motion control of a robotic surgical platform. The system includes one or more robotic arms, sensors, and a control unit configured to receive preoperative imaging, intraoperative feedback, and surgeon inputs to generate optimized tool trajectories and movement profiles. The control unit dynamically constrains, synchronizes, and adjusts robotic movement in real time to maintain safe clearances, enforce tissue-specific motion parameters, and coordinate multiple instruments during an automated or guided procedure. In some embodiments, the system executes predefined procedural workflows that integrate automated tool positioning, path planning, and intervention steps while allowing surgeon override and fine manipulation through the same motion control framework.",0.926789076638715,0.9106929709695137,0.9184654683955924
US-2017189131-A1,US-2011058033-A1,"A robotic surgical instrument system comprises a plurality of manipulators, including a first-generation manipulator and an endoscope. The manipulators are positioned relative to the endoscope, and a guide mechanism is provided to move the manipulator from one position to the other. An image acquisition device comprising a lattice-transistor motor coupled to a power supply is provided to operate the manipulator. The device is capable of detecting the position of an arm relative to a focal point, thereby minimizing the need for a cutting tool.","A robotic surgical system is provided that integrates a precision motion imaging platform with one or more robotically controlled surgical instruments. A high-resolution imaging device is carried on a motion stage under a large-field-coverage lens and is configured to capture both instantaneous telephoto views and wide-angle coverage via temporal integration during a surgical procedure. The robotic controller coordinates instrument motion with dynamic repositioning of the imager to automate tracking of anatomical targets, enhance spatial resolution, and reduce motion blur from either tool or tissue movement. In certain embodiments, multiple coordinated imaging platforms provide depth and range information for improved guidance, without requiring post-processing epipolar rectification.","A robotic surgical system is provided that integrates a dynamically positionable imaging assembly for real-time track and range capture of surgical instruments and target anatomy. The system includes a robotic manipulator configured to control movement of one or more surgical tools and a moving imager camera mounted on a controllable support that translates and/or rotates relative to the patient and tools. The controller coordinates motion of the robotic manipulator and the moving imager camera based on intraoperative image data, predicted tool trajectories, and range measurements to maintain an optimal imaging perspective and safe tool path. The integrated control enables continuous, automatic adjustment of both robot kinematics and imaging parameters to improve targeting accuracy, depth perception, and situational awareness during minimally invasive procedures.",0.909687047338664,0.9192496816052723,0.9206501779837167
US-7104997-B2,US-2017165006-A1,"A portion of the invention relates to a medical imaging device for dissection of the proximal femur. The device includes a trailing guide, a guide lens, and a tool for adjusting the orientation of a trailing guide lens within the body cavity. The device is equipped with a first-in-one orientation adjustment method, which allows the device to be inserted into a patient's body cavity. The device includes a sleeve containing an anchor point and a sleeve containing an anchor point and an anchor.","A computer-assisted knee arthroplasty system is provided that integrates a cutting guide apparatus with an optical tracking device for real-time navigation. The cutting guide includes fixed and adjustable cutting blocks having multiple saw slots to perform all required femoral cuts without removal of the guide from the distal femur. The cutting guide further supports an optical tracking head carrying a plurality of light emitters enclosed by dome-shaped lenses of substantially uniform wall thickness to minimize refraction and improve positional accuracy. The system and methods allow precise intraoperative alignment and adjustment of the cutting guide based on tracked spatial data, thereby enhancing implant positioning and surgical outcomes.","A prospective invention relates to a computer-assisted knee arthroplasty system employing tracked cutting guides integrated with surgical navigation. The system includes a cutting guide apparatus configured to be fixed to the distal femur and/or proximal tibia and one or more compact tracking devices rigidly mounted to the guide, each tracking device having features manufactured for accurate detection by an optical or electromagnetic navigation system. Real-time positional data from the tracking devices is used to dynamically adjust the orientation and position of the cutting guide relative to patient-specific anatomical landmarks, thereby enhancing accuracy of bone resections. Methods are provided for configuring, calibrating, and using the tracked cutting guide during surgery, as well as for manufacturing the integrated tracking devices to preserve sterility, robustness, and positional precision.",0.8763921803292883,0.8821476767385565,0.8873425908242213
WO-2007030866-A1,US-2017086941-A1,"This invention comprises a bone anchorage device suitable for the insertion of a first-position guidepiece, a second-position guidepiece, and a third-position guidepiece. The invention comprises a mounting device comprising a disc positioned on the outer surface of the guidepiece. The disc positioned on the outer surface of the guidepiece is disposed on the inner surface of the guidepiece. The disc positioned on the outer surface of the guidepiece is disposed on the inner surface of the guidepiece, and the disc positioned on the inner surface of the guidepiece is removable.","A surgical bone marking and resection guidance system is provided, comprising a bone marker device configured to be fixed to a bone segment destined to be resected, and a guidance device removably attachable adjacent to an articular region of the patient. The guidance device includes at least one guiding element with a slot configured to receive a resection instrument and to define a precise cutting plane. The bone marker and/or guidance device further comprise a support having a front and back surface with at least three predetermined openings and a light generating element fixed on the back surface so as to be detectable through the openings by an optical tracking system. The light generating element is reversibly attachable, removable, or replaceable during the operation, thereby enabling real-time tracked positioning and adjustment of the resection guide relative to the bone.","A system and method are provided for image-guided surgery integrating an optical tracking marker with intraoperative imaging. The system comprises at least one medical instrument or patient reference outfitted with a marker configured for robust optical detection, the spatial pose of which is continuously tracked by an optical tracking system. The tracked marker position is registered in real time with preoperative and/or intraoperative medical images to update the displayed anatomical overlays and guidance trajectories. This combined approach enables precise localization and manipulation of surgical tools within the patient’s anatomy, improving accuracy and safety of image-guided interventions.",0.8546796966129968,0.8801078407881437,0.9014714466969048
US-2011060341-A1,DE-202010000518-U1,"This invention provides a method for positioning an implantable device, comprising a first phase assembly comprising a first phase assembly comprising a first phase assembly comprising a first phase assembly comprising a first phase assembly comprising a second phase assembly comprising a second phase assembly comprising a second phase assembly comprising a second phase assembly comprising a second phase assembly comprising a second phase assembly comprising a second phase assembly comprising a second phase assembly comprising a second phase assembly comprising a second phase assembly comprising a second phase clamp.","A surgical illumination system is provided that combines a multi-degree-of-freedom intraoperative alignment guide with a hermetically sealed light-emitting module. The alignment guide includes first, second, and third components configured to provide serial adjustment in five degrees of freedom relative to a bone element, while supporting an integrated lamp unit. The lamp unit comprises a light-emitting diode arranged within a hermetically closed housing having a first housing part carrying the diode and a second transparent housing part metallized at least in the solder region and soldered to the first housing part. The integrated system enables precise positioning of the illumination source in three-dimensional space in coordination with implant alignment, thereby improving visibility and accuracy during surgery.","A computer-assisted surgical illumination system is provided for preparing a bone element for an implant. The system comprises alignment guides configured to interface with a navigation or robotic platform and to define precise cutting or drilling planes, and at least one LED lamp arranged in a hermetically sealed housing. The hermetically sealed LED lamp is integrated with or attachable to the alignment guides to provide sterilizable, shadow-minimized, and directionally controlled illumination of the surgical field in correspondence with the guided alignment axes. The system thereby improves accuracy and visibility during orthopedic procedures while maintaining sterility and durability of the illumination components.",0.8467808079538629,0.8730313755255731,0.866478440149911
US-5037423-A,DE-202005015080-U1,A surgical method for gauging the proximal portion of a femoral skeleton is incorporated. A laser beam is deposited onto the proximal femoral skeleton to generate a first-and second-generation photoreceptors that can be used to adjust the orientation of the femoral skeleton. The system includes a surgical tool for insertion of the implant and a conductive adhesive tape. The conductive adhesive tape is positioned in a fixed position relative to the conductive surface of the implant.,"A computer-assisted revision knee arthroplasty system is disclosed in which a revision femoral component having thicker distal and posterior bearing portions is implanted to restore the natural anatomic transverse joint plane and collateral ligament balance, while being guided by an optical surgical marking system. The system employs at least three marking heads with light spot lamps projecting visible and non-visible wavelength markers onto the distal femur and associated cutting jigs, and a light spot detection system linked to a computer display for real-time alignment and control. The marking heads are used to define and track reference planes for resection and component positioning, thereby improving accuracy in preparing the distal femur for the revision femoral component. The invention further provides software algorithms that integrate optical tracking data with predefined anatomical targets to optimize implant alignment in both extension and flexion.",A computer-assisted system and method for revision knee arthroplasty integrates prosthesis removal instrumentation with an optical surgical marking and alignment subsystem. The system comprises knee prosthesis extraction tools configured to interface with existing implant geometries and at least three light-emitting marking elements affixed to bone-referenced guides or instrument surfaces. A light spot detection unit captures and processes the positions of the marking elements in real time to determine anatomical axes and desired implant orientation. The combined system enables precise removal of a failed knee prosthesis and accurate alignment and placement of a replacement prosthesis based on intraoperative optical tracking.,0.8587525498917392,0.8688755485900248,0.8783422989481782
US-9005207-B2,DE-202005015080-U1,A surgical instrument system comprises a method for determining the orientation of a surgical tool relative to a patient's femoral bone and a method for generating and removing surgical guidepieces. The surgical tool comprises a series of electrodes that are positioned on a surgical surface to be surgically cut. The first electrode is equipped with a photosensitive coating to provide a visible light source. The second electrode is positioned at a pre-determined position relative to the surgical guidepiece and is not subjected to a pressure adjustment during the procedure.,"A patient-specific surgical instrument system is provided that integrates adjustable cutting guides with an optical marking and alignment subsystem. The instrument includes a bone-conforming attachment body derived from patient imaging data, at least one adjustable cutting guide for arthroplasty procedures, and a plurality of marking heads configured to project light spots in visible and/or non-visible wavelengths onto the bone and guide surfaces. A light spot detection system coupled to a computer display tracks the projected marks in real time to verify and adjust the position and orientation of the cutting guide relative to the patient-specific anatomy. The system enables intraoperative soft tissue balancing and precise alignment of bone resections through combined mechanical adjustment and optical feedback.","A computer-assisted surgical system is disclosed comprising a handheld surgical instrument and an integrated optical marking and alignment subsystem. The instrument includes at least one operative end-effector (e.g., cutting, drilling, or suturing element) and a handle configured to receive positional guidance. The marking subsystem comprises at least three marking elements each fitted with a light spot lamp and a light spot detection system arranged to generate and track light spots on the patient’s anatomy or reference surfaces. The detected light spot positions are processed to determine the spatial orientation of the instrument in real time and to guide or constrain the instrument’s operative movements relative to a planned surgical trajectory or target region.",0.8802491796725818,0.8971669091871599,0.9015588249288717
US-5234433-A,US-2017086941-A1,"An alignment device comprises a proximal section of a femoral cross-section, a guide tube extending from the proximal end of the femoral cross-section, and a receptacle extending from the proximal end of the femoral cross-section. The guide tube is inserted into the proximal end of the femoral cross-section to provide a free-standing mounting point for the insertion of a cutting tool. A second mounting point (1) is provided to provide a fixed base.","A surgical navigation system for unicompartmental knee replacement comprises femoral and tibial intramedullary rods carrying adjustable cutting blocks as described for unicompartmental resurfacing, in combination with one or more removable light-generating marker assemblies fixed to the cutting blocks and associated instruments. Each marker assembly includes a support having at least three openings at predetermined positions and a light-generating element fixed to the back of the support so that light is detectable through the openings by an optical tracking system. During surgery, the markers are placed, removed, or replaced on the cutting guides and templates without disturbing their mechanical fixation to bone, thereby enabling real-time tracking and recalibration of the bone preparation and implant positioning steps. The system thus provides computer-assisted, optically tracked guidance for precise alignment, orientation, and depth control of femoral and tibial cuts in unicompartmental knee arthroplasty.","A computer-assisted surgical system and method for unicompartmental total knee arthroplasty is provided, wherein patient-specific bone preparation and implant positioning are guided by an optical tracking subsystem employing specialized markers. The knee arthroplasty instrumentation, including cutting guides and alignment jigs, is configured with integrated optical markers adapted for robust detection and pose estimation by an external optical tracking system. Real-time positional data from the markers are used to register the patient’s anatomy, track instrument movement, and compute optimal implant alignment parameters. The system enhances surgical accuracy by continuously updating the planned bone resection and implant orientation based on the spatial relationship between the tracked instruments and the patient’s unicompartmental knee anatomy.",0.8585536141259877,0.8484894308975094,0.8703605205284984
US-5683397-A,DE-202005015080-U1,A surgical instrument system comprises a detector and a surgical cutting tool. The detector is positioned relative to a surgical eye and a surgical guide is positioned relative to a surgical eye. The surgical guide is positioned relative to a surgical eye and a surgical guide is positioned relative to a surgical eye. One end of the detector comprises a first-order rotational position adjustment mechanism for generating an electrical signal at least 20 nm from a beam of light. The rotational position adjustment mechanism allows the insertion of a second-order rotational position adjustment mechanism.,"A computer-assisted distal femoral cutting system integrates a valgus-adjustable intramedullary cutting block with a multi-head optical marking and alignment subsystem. The cutting block includes a tubular sleeve for receiving an intramedullary rod and a threaded locking mechanism for fixing valgus orientation, as in a conventional distal femoral cutting guide. A plurality of marking heads with light emitters, operable across visible and non-visible wavelengths, are mounted on or referenced to the cutting block to project positional light spots onto the bone or reference surfaces. A light spot detection system linked to a computer display tracks the projected marks in real time and provides feedback to the surgeon for precise alignment and locking of the cutting block in the desired orientation.","A computer-assisted distal femoral resection system is provided for use in knee joint replacement surgery, combining a mechanical cutting guide with an optical surgical marking and alignment subsystem. The cutting guide is configured to be fixed to the distal femur and to define one or more cutting planes for resecting the bone. A plurality of marking elements, each including a light spot lamp and a corresponding light spot detection unit, are arranged on or in association with the cutting guide to project and detect light patterns that indicate positional and angular alignment relative to preselected anatomical or prosthetic reference axes. The integrated system enables real-time visual and/or electronic feedback to accurately orient the cutting guide prior to and during bone resection, thereby improving precision and reproducibility of the distal femoral cut.",0.888629122282047,0.8533205465275888,0.8751882469904868
US-9005207-B2,DE-202010000518-U1,"An embodiment of the invention relates to a surgical instrument suitable for insertion into a pelvic joint. The instrument includes a first method of cutting the instrument, a second method of cutting the instrument, and a second method of adjusting the instrument. The instrument includes a guide shaft, which is positioned at the distal end of the instrument, and a fillet, which is positioned at the proximal end of the instrument. The fillet is provided with a flexible insulating material (including a conductive material) to provide a flexible surface.","A patient-specific surgical instrument system is provided for orthopaedic arthroplasty, comprising a bone-conforming body with an attachment area configured from patient imaging data for unique positioning on a patient’s bone, and at least one adjustable cutting guide. The instrument further comprises an integrated illumination module including a hermetically sealed housing with a light-emitting diode, wherein a first housing part bearing the diode is soldered to a second, transparent housing part having a metallized soldering region. The illumination module is positioned to project light through the transparent housing to delineate cutting planes and/or soft-tissue balancing reference zones on the bone during surgery. An adjustment mechanism is operable to change both the position of the cutting guide and the orientation and/or focus area of the illumination to provide real-time visual guidance.","A surgical illumination system is disclosed, comprising a hand-held surgical instrument and an integrated LED light source arranged in a hermetically sealed housing. The hermetically sealed LED module is disposed at or near the distal end of the instrument to provide localized, shadow-free illumination of a surgical field while protecting the LED and associated electronics from bodily fluids and sterilization media. The housing is configured to withstand repeated sterilization cycles without loss of sealing integrity and to dissipate heat generated by the LED. In some embodiments, the system further comprises control circuitry for adjusting light intensity and/or color temperature to optimize intraoperative visibility.",0.8541740438032013,0.8803065998741173,0.8647683310372563
US-2021393338-A1,US-2019289284-A1,"A medical imaging system of disclosed embodiments includes a device configured to generate an image based on a synchronized motion of a first-person viewfinder and a second-person viewfinder. At least one of the first-person viewfinders is configured to transmit the image to a manipulator. The manipulator is configured to receive signals from a plurality of manipulators. The manipulators are configured to provide a control mechanism for determining the orientation, intensity, and direction of the image at a given point in the system.",Systems and methods are disclosed for mediated-reality control of medical instruments using light-field imaging. Light-field data of an anatomical site is captured by an imaging assembly and used to render one or more virtual cameras corresponding to a first medical instrument and a second medical instrument accessing the anatomical site via different access paths. A head-mounted display presents images from the virtual cameras to a user together with a visual representation of the instruments and their relative orientations. Directional input signals received from an input device are interpreted in view of the virtual camera viewpoints to control movement of at least the second instrument relative to the first instrument in three-dimensional space.,"A system and method are provided for a mixed-reality medical instrument driving platform that integrates light field capture and rendering within a head-mounted display. The system tracks and controls one or more medical instruments while generating a real-time volumetric light field representation of the operative field, including both patient anatomy and instrument position. The head-mounted display renders perspective-correct, depth-accurate views to the operator, enabling precise manipulation of instruments based on immersive visual feedback. The platform further supports remote or semi-autonomous instrument driving by transmitting light field and control data between local and remote operators or robotic subsystems.",0.9010735414736498,0.9001125184195402,0.8888832607370489
US-2010158330-A1,US-2023270562-A1,"The present invention provides a method for performing at least one surgical procedure involving a robotically aligned surgical apparatus. The method includes a method for inserting a surgical apparatus into a patient's body cavity, and a method for extracting bone fragments from the surgical apparatus. The surgical apparatus comprises a plurality of components, each of which is supported by a semi-permanent screw system. The components of the surgical apparatus are configured to be coupled to a self-assembly and/or self-assembly elements.","A system and method for robot-assisted surgical implantation using image-based physiological region analysis is disclosed. The method comprises acquiring a color medical image of a surgical site, calculating at least one pixel color feature (PCF) value for each pixel, and filtering the PCF data with at least one spatial adaptive bandpass filter (ABPF) to segment physiologically significant regions relevant to implant placement. A robotic system having one or more coordinated arms uses the segmented physiological regions to plan trajectories and synchronously insert multiple screws, rods, or implant components while monitoring insertion progress relative to the identified regions. The insertion is completed autonomously or semi-autonomously with dynamic adjustment of robotic motion based on updated image-derived PCF and ABPF outputs.","A system and method for computer-assisted surgical implant planning and placement are disclosed. Medical image data of a patient is processed to generate a three-dimensional anatomical model with segmented regions corresponding to target implantation sites and critical structures. Based on the model, an optimal implant configuration and trajectory are computed, and placement instructions are synchronized with intraoperative tracking of surgical instruments and implant hardware. The system provides real-time guidance to ensure accurate, anatomically conforming, and coordinated placement of multiple implant components.",0.9144347479703459,0.8972739878632233,0.9252209341886355
US-10251714-B2,US-2023270562-A1,"An embodiment of the present invention includes a robotic surgical system for performing a variety of surgical procedures. The robotic surgical system comprises a robot-operated device, a robot-operated device, and a robot-operated device. The robot-operated device is connected to at least one end member of the surgical apparatus. The robot-operated device is shown to facilitate insertion of sutures into the surgical apparatus, and the robot-operated device is connected to the surgical apparatus by means of a movable axis, and the robot-operated device is connected to.","A robotic surgical system is provided for autonomously placing and securing multiple surgical implant components using image-derived non-visible property information. The system comprises a console, multiple coordinated robotic arms carrying implant insertion instruments, and at least one imaging instrument configured to capture images of a region of interest during implant insertion. A controller processes the images with one or more filters to identify non-visible properties of anatomical structures and implanted components, such as tissue density, stress distribution, or implant-bone engagement. Based on the identified properties, the controller synchronizes and dynamically adjusts the insertion trajectories and forces of the multiple robotic arms, and completes the implant placement autonomously or in cooperation with a surgeon.","A system and method are provided for augmented-reality-guided placement of surgical implant hardware using a robotic surgical platform. The system integrates preoperative and intraoperative imaging to generate an augmented surgical scene that overlays virtual models of implants, trajectories, and anatomical landmarks in real time. A robotic manipulator is controlled to position and insert implant hardware along synchronized, system-calculated paths while the augmented reality environment updates based on tool tracking and tissue deformation. The system further enables automated or semi-automated adjustment of implant orientation and depth based on intraoperative feedback to achieve optimal placement accuracy and alignment.",0.9085230316627577,0.9194969835330643,0.9147631537466879
CN-102958426-A,US-2023270562-A1,"The invention provides a surgical technique for manipulating a portion of the body to be surgically implanted into a region of the body to be surgically implanted. A plurality of endoscopes are positioned at least perpendicular to the insertion device. The plurality of endoscopes are positioned at least perpendicular to the insertion device. In this embodiment, a resonant laser beam is generated from the insertion device, and the resonant laser beam is transmitted to the insertion device.","A robotic minimally invasive surgical system integrates multi-arm implant insertion with fluorescence-guided imaging. An illuminator provides intermittent visible color components and fluorescence excitation light to a surgical site while an image capture system acquires corresponding visible images and fluorescence images. A controller generates and displays a real-time background grayscale image of the surgical field with superimposed, color-highlighted fluorescence regions indicating target tissue or critical anatomical structures. The robotic arms autonomously or semi-autonomously coordinate synchronous insertion of screws, rods, or other implant components based on the fluorescence-guided visualization and monitored insertion progress.","A surgical navigation system is disclosed that integrates fluorescence-based background imaging with synchronized placement of implant hardware. The system employs selective spectral illumination to generate enhanced-background surgical images in which anatomical structures and critical tissues are distinguished via fluorescence contrast. Real-time tracking and coordination of implant instruments and hardware are synchronized with the fluorescence-guided display, enabling precise alignment and placement relative to highlighted anatomical landmarks. The method improves accuracy and safety of implant procedures by dynamically adjusting implant positioning based on continuously updated fluorescence-enhanced visual feedback.",0.8681066151502458,0.895324502212438,0.9003398135893517
