id,Degree,Betweenness,Eigenvector,Similarity
EP-1226852-A2,0.01816294758692268,0.0,8.774205963673273e-10,0.7142388800945243
JP-2000333464-A,0.01816294758692268,0.0,8.774205963673273e-10,0.7142388800945243
JP-2001212508-A,0.01816294758692268,0.0,8.774205963673273e-10,0.7142388800945243
JP-2002205008-A,0.01816294758692268,0.0,8.774205963673273e-10,0.7142388800945243
JP-2003199974-A,0.01816294758692268,0.0,8.774205963673273e-10,0.7142388800945243
JP-2003345233-A,0.01816294758692268,0.0,8.774205963673273e-10,0.7141242590312263
JP-2004174309-A,0.01816294758692268,0.0,8.774205963673273e-10,0.7142388800945243
JP-2012125135-A,0.01816294758692268,0.0,8.774205963673273e-10,0.7142388800945243
JP-H03113337-A,0.01816294758692268,0.0,8.774205963673273e-10,0.7142388800945243
KR-20100029158-A,0.01816294758692268,0.0,8.774205963673273e-10,0.7142388800945243
KR-20100044381-A,0.01816294758692268,0.0,8.774205963673273e-10,0.7142388800945243
KR-20100125941-A,0.01816294758692268,0.0,8.774205963673273e-10,0.7142388800945243
US-2002024503-A1,0.01816294758692268,0.0,8.774205963673273e-10,0.7194015888334496
US-2002080112-A1,0.019546791212592975,0.0004639008773738627,8.77443961731004e-10,0.6950532663354796
US-2003030619-A1,0.01816294758692268,0.0,8.774205963673273e-10,0.7041505736602308
US-2003038774-A1,0.01816294758692268,0.0,8.774205963673273e-10,0.6916040825100721
US-2004108992-A1,0.01816294758692268,0.0,8.774205963673273e-10,0.7064632574156847
US-2004164959-A1,0.01816294758692268,0.0,8.774205963673273e-10,0.7204373183863895
US-2004169480-A1,0.01816294758692268,0.0,8.774205963673273e-10,0.6787108553187658
US-2004183487-A1,0.01816294758692268,0.0,8.774205963673273e-10,0.6879776716404237
US-2004183782-A1,0.01816294758692268,0.0,8.774205963673273e-10,0.7092687867392732
US-2004227727-A1,0.01816294758692268,0.0,8.774205963673273e-10,0.7067598872347026
US-2004233161-A1,0.01816294758692268,0.0,8.774205963673273e-10,0.6942529948819803
US-2004233167-A1,0.01816294758692268,0.0,8.774205963673273e-10,0.7085724522419006
US-2005030284-A1,0.01816294758692268,0.0,8.774205963673273e-10,0.6950532663354796
US-2005052415-A1,0.01816294758692268,0.0,8.774205963673273e-10,0.6950532663354796
US-2005077845-A1,0.01816294758692268,0.0,8.774205963673273e-10,0.6910245470730852
US-2005128186-A1,0.01816294758692268,0.0,8.774205963673273e-10,0.7137332934656717
US-2005134561-A1,0.01816294758692268,0.0,8.774205963673273e-10,0.6930629374460233
US-2005134562-A1,0.01816294758692268,0.0,8.774205963673273e-10,0.7076352171872734
US-2005195168-A1,0.01816294758692268,0.0,8.774205963673273e-10,0.7042960105420464
US-2005219206-A1,0.01816294758692268,0.0,8.774205963673273e-10,0.6837751481485127
US-2005221894-A1,0.01816294758692268,0.0,8.774205963673273e-10,0.6980296946399434
US-2005237314-A1,0.01816294758692268,0.0,8.774205963673273e-10,0.6977839926091076
US-2006015045-A1,0.01816294758692268,0.0,8.774205963673273e-10,0.7232035305693111
US-2006290662-A1,0.05206711641584501,0.07186923365922437,1.6640332674038924e-09,0.709772731834195
US-2007091063-A1,0.01816294758692268,0.0,8.774205963673273e-10,0.7151330067112429
US-2007236450-A1,0.01816294758692268,0.0,8.774205963673273e-10,0.7041695219356413
US-2007265077-A1,0.01816294758692268,0.0,8.774205963673273e-10,0.6879910459601598
US-2008252594-A1,0.01816294758692268,0.0,8.774205963673273e-10,0.6805172681431131
US-2010245237-A1,0.01816294758692268,0.0,8.774205963673273e-10,0.7071799970628253
US-2010253487-A1,0.019546791212592975,0.00046297307561911496,8.77443961731004e-10,0.6983159722905448
US-2011050404-A1,0.01816294758692268,0.0,8.774205963673273e-10,0.7274754799635951
US-2011124959-A1,0.01816294758692268,0.0,8.774205963673273e-10,0.7210353694420687
US-2012224274-A1,0.01816294758692268,0.0,8.774205963673273e-10,0.7024879722649037
US-2012232780-A1,0.025082165715274173,0.001483507482051394,8.776423334399635e-10,0.7134924670076572
US-2013285490-A1,0.01816294758692268,0.0,8.774205963673273e-10,0.7136625576390473
US-3578102-A,0.01816294758692268,0.0,8.774205963673273e-10,0.7235218543375906
US-3984805-A,0.01816294758692268,0.0,8.774205963673273e-10,0.696068853597425
US-4098133-A,0.01816294758692268,0.0,8.774205963673273e-10,0.710559483018612
US-4710656-A,0.01816294758692268,0.0,8.774205963673273e-10,0.6864502235778707
US-4749891-A,0.01816294758692268,0.0,8.774205963673273e-10,0.7051802399178092
US-4788968-A,0.01816294758692268,0.0,8.774205963673273e-10,0.6912189056713465
US-4982374-A,0.01816294758692268,0.0,8.774205963673273e-10,0.7161115757656185
US-5136194-A,0.01816294758692268,0.0,8.774205963673273e-10,0.6917421524996682
US-5327120-A,0.01816294758692268,0.0,8.774205963673273e-10,0.7186957746919592
US-5589828-A,0.01816294758692268,0.0,8.774205963673273e-10,0.728674844954202
US-5643087-A,0.040823386957273826,0.05987466134185027,9.344884334238685e-07,0.7178770415329626
US-5666138-A,0.01816294758692268,0.0,8.774205963673271e-10,0.706163846033952
US-5780948-A,0.01816294758692268,0.0,8.774205963673271e-10,0.6960177058173476
US-5825663-A,0.01816294758692268,0.0,8.774205963673271e-10,0.6949341721202187
US-5857986-A,0.01816294758692268,0.0,8.774205963673271e-10,0.7009264572626852
US-5903077-A,0.01816294758692268,0.0,8.774205963673271e-10,0.7154452247119416
US-5923317-A,0.01816294758692268,0.0,8.774205963673271e-10,0.6999204232463683
US-5929607-A,0.01816294758692268,0.0,8.774205963673271e-10,0.6835823333882847
US-6002184-A,0.01816294758692268,0.0,8.774205963673271e-10,0.6866504412097515
US-6009986-A,0.01816294758692268,0.0,8.774205963673271e-10,0.6920685489139378
US-6023116-A,0.022314478463933574,0.0005823596703205207,8.77611268603261e-10,0.6873734936582386
US-6147422-A,0.01816294758692268,0.0,8.774205963673271e-10,0.6866504412097515
US-6208497-B1,0.01816294758692268,0.0,8.774205963673271e-10,0.6901783156395298
US-6236125-B1,0.01816294758692268,0.0,8.774205963673271e-10,0.7062504369627483
US-6275213-B1,0.01816294758692268,0.0,8.774205963673271e-10,0.7160314395289455
US-6307285-B1,0.01816294758692268,0.0,8.774205963673271e-10,0.6866504412097515
US-6389941-B1,0.01816294758692268,0.0,8.774205963673271e-10,0.7203555156531605
US-6397285-B1,0.01816294758692268,0.0,8.774205963673271e-10,0.7108542661386824
US-6424333-B1,0.01816294758692268,0.0,8.774205963673271e-10,0.7160101443803387
US-6504278-B1,0.01816294758692268,0.0,8.774205963673271e-10,0.6994647344762965
US-6618646-B1,0.01816294758692268,0.0,8.774205963673271e-10,0.7019574166388389
US-6641480-B2,0.022314478463933574,0.0005835267237680568,8.77611268603261e-10,0.705883353504692
US-6679776-B1,0.01816294758692268,0.0,8.774205963673271e-10,0.706759551458383
US-6693622-B1,0.01816294758692268,0.0,8.774205963673271e-10,0.6935396887735243
US-6704001-B1,0.01816294758692268,0.0,8.774205963673271e-10,0.7067598872347026
US-6742960-B2,0.01816294758692268,0.0,8.774205963673271e-10,0.6936123628565605
US-6809727-B2,0.01816294758692268,0.0,8.774205963673271e-10,0.6916118447061862
US-6824468-B2,0.01816294758692268,0.0,8.774205963673271e-10,0.705883353504692
US-6864877-B2,0.022314478463933574,0.0005823596703205207,8.77611268603261e-10,0.6950532663354796
US-6873067-B2,0.01816294758692268,0.0,8.774205963673271e-10,0.7094706262608627
US-6883373-B2,0.022314478463933574,0.0005823596703205207,8.77611268603261e-10,0.6985952082594212
US-6982696-B1,0.01816294758692268,0.0,8.774205963673271e-10,0.6774520161875238
US-6992462-B1,0.01816294758692268,0.0,8.774205963673271e-10,0.6846763611304464
US-7084854-B1,0.01816294758692268,0.0,8.774205963673271e-10,0.702847776818646
US-7091948-B2,0.01816294758692268,0.0,8.774205963673271e-10,0.701945729014235
US-7182691-B1,0.022314478463933574,0.0005823596703205207,8.77611268603261e-10,0.6946506541458344
US-7209118-B2,0.022314478463933574,0.0005835267237680568,8.77611268603261e-10,0.6946906060292996
US-7218310-B2,0.01816294758692268,0.0,8.774205963673271e-10,0.6906176345837348
US-7315098-B2,0.01816294758692268,0.0,8.774205963673271e-10,0.7130450077495107
US-7446752-B2,0.022314478463933574,0.0005823596703205207,8.77611268603261e-10,0.6908470921706148
US-7561142-B2,0.01816294758692268,0.0,8.774205963673271e-10,0.6942529948819803
US-7683508-B2,0.01816294758692268,0.0,8.774205963673271e-10,0.6910866885374845
US-7916576-B2,0.01816294758692268,0.0,8.774205963673271e-10,0.7323434852612553
US-7919945-B2,0.022314478463933574,0.0005823596703205207,8.77611268603261e-10,0.709772731834195
US-7931605-B2,0.01816294758692268,0.0,8.774205963673271e-10,0.7210353694420687
US-8384316-B2,0.019719771665801765,0.0005047948591201186,8.774380427291703e-10,0.709772731834195
US-8981682-B2,0.023871302542812663,0.0011085089535632308,8.776287149651039e-10,0.7134924670076572
WO-9318475-A1,0.01816294758692268,0.0,8.774205963673271e-10,0.7142388800945243
US-2016225192-A1,0.0008649022660439371,2.603495428738903e-05,8.275580054652581e-07,0.7916657408482664
US-2017258526-A1,0.017471025774087528,0.007136188586451998,0.00010807661777317939,0.7969326351655611
CN-102300498-A,0.004497491783428472,0.0,3.535914736961831e-08,0.7142388800945243
CN-102958426-A,0.004497491783428472,0.0,3.535914736961831e-08,0.7142388800945243
CN-103513951-A,0.004497491783428472,0.0,3.535914736961831e-08,0.7142388800945243
TW-201246125-A,0.004497491783428472,0.0,3.535914736961831e-08,0.7142388800945243
US-10152789-B2,0.004497491783428472,0.0,3.535914736961831e-08,0.7672592257251357
US-10251714-B2,0.004497491783428472,0.0,3.535914736961831e-08,0.8019269556826651
US-10602987-B2,0.004497491783428472,0.0,3.535914736961831e-08,0.7634019362824674
US-10607345-B2,0.004497491783428472,0.0,3.535914736961831e-08,0.7672592257251357
US-2008004603-A1,0.0425531914893617,0.00648062283737025,4.041455129383362e-05,0.7428257535784785
US-2009268010-A1,0.004497491783428472,0.0,3.535914736961831e-08,0.7629515215439457
US-2011135170-A1,0.004497491783428472,0.0,3.535914736961831e-08,0.7436836602112514
US-2012183196-A1,0.004497491783428472,0.0,3.535914736961831e-08,0.738634528621387
US-2013038707-A1,0.004497491783428472,0.0,3.535914736961831e-08,0.7824487725802143
US-2013176411-A1,0.004497491783428472,0.0,3.535914736961831e-08,0.7468626607528657
US-2014072190-A1,0.004497491783428472,0.0,3.535914736961831e-08,0.7160422288791318
US-2015257653-A1,0.004497491783428472,0.0,3.535914736961831e-08,0.746198573615196
US-2016035084-A1,0.004497491783428472,0.0,3.535914736961831e-08,0.7753451958160513
US-2016252650-A1,0.004497491783428472,0.0,3.535914736961831e-08,0.7166489082592633
US-7317841-B2,0.004497491783428472,0.0,3.535914736961831e-08,0.7108734231181535
US-7542622-B1,0.004497491783428472,0.0,3.535914736961831e-08,0.7477257565000068
US-8224425-B2,0.004497491783428472,0.0,3.535914736961831e-08,0.7689786797405136
US-9591968-B2,0.004497491783428472,0.0,3.535914736961831e-08,0.7578881394488014
US-9750420-B1,0.004497491783428472,0.0,3.535914736961831e-08,0.7501266387461825
US-9811901-B2,0.004497491783428472,0.0,3.535914736961831e-08,0.7160422288791318
WO-2009121775-A2,0.004497491783428472,0.0,3.535914736961831e-08,0.7142388800945243
WO-2009121775-A3,0.004497491783428472,0.0,3.535914736961831e-08,0.7142388800945243
WO-2013118065-A1,0.004497491783428472,0.0,3.535914736961831e-08,0.7142388800945243
US-10194991-B2,0.06659747448538315,0.0001058378249195672,0.0006012615243100825,0.8462997488782132
US-10716630-B2,0.0006919218128351496,0.0,1.4189045230085727e-06,0.8026269942470824
US-2012071893-A1,0.0006919218128351496,0.0,1.4189045230085727e-06,0.791455762964794
US-2014208578-A1,0.012281612177823906,5.8723373554476285e-05,8.541018495771456e-05,0.7953328694859272
US-6002859-A,0.061581041342328315,0.00020443337751863713,0.0009723631650582305,0.771893172566107
US-2012158011-A1,0.06054315862307559,0.0003820579893992606,0.00023258918686188835,0.751612852966479
US-2017354470-A1,0.0006919218128351496,0.0,3.0616143858541995e-07,0.8107091308764358
US-2019117111-A1,0.0006919218128351496,0.0,3.0616143858541995e-07,0.7603413439680851
US-2020078097-A1,0.0006919218128351496,0.0,3.0616143858541995e-07,0.789882697224053
US-2021196425-A1,0.06054315862307559,0.00021800588665783676,0.0001232356535132139,0.7968167846072295
US-2021212782-A1,0.0001729804532087874,0.0,2.0545961656488685e-07,0.7914997587846672
US-9600138-B2,0.08614426569797613,0.00017301038062283736,0.00024008161903421574,0.8085878262579139
FR-2898824-A1,0.007265179034769071,0.0,3.8538338409191627e-13,0.7142388800945243
JP-2003256025-A,0.007265179034769071,0.0,3.8538338409191627e-13,0.7142388800945243
JP-2003271975-A,0.007265179034769071,0.0,3.8538338409191627e-13,0.7142388800945243
JP-2004049731-A,0.007265179034769071,0.0,3.8538338409191627e-13,0.7142388800945243
JP-2005131713-A,0.007265179034769071,0.0,3.8538338409191627e-13,0.7142388800945243
JP-2013193202-A,0.007265179034769071,0.0,3.8538338409191627e-13,0.7142388800945243
JP-2016103277-A,0.007265179034769071,0.0,3.8538338409191627e-13,0.7142388800945243
JP-2016146188-A,0.007265179034769071,0.0,3.8538338409191627e-13,0.7142388800945243
US-10571896-B2,0.007265179034769071,0.0,3.8538338409191627e-13,0.7444594643036859
US-10834419-B2,0.007265179034769071,0.0,3.8538338409191627e-13,0.7029197730291746
US-10836183-B2,0.007265179034769071,0.0,3.8538338409191627e-13,0.7082382941560407
US-11148288-B2,0.007265179034769071,0.0,3.8538338409191627e-13,0.7334526566820644
US-11298825-B2,0.007265179034769071,0.0,3.8538338409191627e-13,0.7334526566820644
US-2003120391-A1,0.007265179034769071,0.0,3.8538338409191627e-13,0.7365340959381822
US-2012185096-A1,0.005708354955889984,0.0,3.821897838633248e-13,0.7092820366692322
US-2013245824-A1,0.007265179034769071,0.0,3.8538338409191627e-13,0.7114192201505793
US-2014163730-A1,0.007265179034769071,0.0,3.8538338409191627e-13,0.7347112536350061
US-2016129592-A1,0.019027849852966613,0.00898963832591858,1.1609478860023004e-12,0.7118786700254746
US-2016257000-A1,0.007265179034769071,0.0,3.8538338409191627e-13,0.7145092785838283
US-2017232613-A1,0.007265179034769071,0.0,3.8538338409191627e-13,0.7126633931250406
US-2017343992-A1,0.007265179034769071,0.0,3.8538338409191627e-13,0.7440424116365691
US-2017357270-A1,0.007265179034769071,0.0,3.8538338409191627e-13,0.731659242484319
US-2020070343-A1,0.007265179034769071,0.0,3.8538338409191627e-13,0.7334526566820644
US-2021379748-A1,0.005708354955889984,0.0,3.821897838633248e-13,0.6936358927473777
US-2021379758-A1,0.007265179034769071,0.0,3.8538338409191627e-13,0.7334526566820644
US-2022032458-A1,0.007265179034769071,0.0,3.8538338409191627e-13,0.7334526566820644
US-2022371193-A1,0.007265179034769071,0.0,3.8538338409191627e-13,0.7334526566820644
US-9919232-B2,0.007265179034769071,0.0,3.8538338409191627e-13,0.7160773758377778
US-9926138-B1,0.04151530877010898,0.013876569006757964,4.189260938462409e-10,0.7441107124434992
WO-2004106009-A1,0.007265179034769071,0.0,3.8538338409191627e-13,0.7142388800945243
WO-2006013829-A1,0.007265179034769071,0.0,3.8538338409191627e-13,0.7142388800945243
WO-2018156952-A1,0.007265179034769071,0.0,3.8538338409191627e-13,0.7142388800945243
WO-2020047120-A1,0.007265179034769071,0.0,3.8538338409191627e-13,0.7142388800945243
WO-2022170279-A1,0.007265179034769071,0.0,3.8538338409191627e-13,0.7142388800945243
US-11436748-B2,0.0020757654385054488,0.0,5.777791729306716e-13,0.7339366260317749
US-11482045-B1,0.0020757654385054488,0.0,5.777791729306716e-13,0.7328933600197238
US-2016136808-A1,0.0020757654385054488,0.0,5.777791729306716e-13,0.73404997630599
US-2020078938-A1,0.005881335409098772,0.02517474048442902,5.777919304861493e-13,0.7291941342954367
US-2020122344-A1,0.0020757654385054488,0.0,5.777791729306716e-13,0.7101367711035854
US-2020334835-A1,0.0020757654385054488,0.0,5.777791729306716e-13,0.7022956633376771
US-2020377315-A1,0.027676872513405986,0.009151378763208337,2.2757423861727244e-10,0.7198734620741969
US-2022157063-A1,0.002594706798131811,4.1234140715109575e-06,9.48191936838603e-13,0.7125549555898175
US-2022203547-A1,0.0020757654385054488,0.0,5.777791729306716e-13,0.7242327361767944
US-2022261738-A1,0.002594706798131811,4.1234140715109575e-06,9.48191936838603e-13,0.7332068972604354
US-2022305680-A1,0.0020757654385054488,0.0,5.777791729306716e-13,0.7474859267067114
US-2023150777-A1,0.0020757654385054488,0.0,5.777791729306716e-13,0.7281977995018766
US-9102055-B1,0.03563397336101021,0.017729583295587843,4.1891382970997456e-10,0.7182664935313473
US-10814440-B1,0.002940667704549386,2.8835063437139623e-05,2.0277418085289667e-07,0.7379944703567808
US-2009096148-A1,0.002940667704549386,2.8835063437139623e-05,2.0277418085289667e-07,0.7323227754962808
US-2011270444-A1,0.002940667704549386,2.8835063437139623e-05,2.0277418085289667e-07,0.6992603161633676
US-2014023461-A1,0.0010378827192527244,0.0,1.0541818540529413e-09,0.7219721555005356
US-2018021955-A1,0.002940667704549386,2.8835063437139623e-05,2.0277418085289667e-07,0.7142874269279916
US-2019255708-A1,0.002940667704549386,2.8835063437139623e-05,2.0277418085289667e-07,0.7280827038548262
US-2020122327-A1,0.002940667704549386,2.8835063437139623e-05,2.0277418085289667e-07,0.7216158902033514
US-2013282165-A1,0.033731188375713546,2.2611666081604768e-07,4.1890729028084046e-10,0.715541771684157
US-2019193956-A1,0.033731188375713546,2.2611666081604768e-07,4.1890729028084046e-10,0.7112202788796532
EP-2338530-A2,0.0020757654385054488,0.0,5.14278266387408e-05,0.7142388800945243
US-10342636-B2,0.0070921985815602835,0.0002345219531501626,0.00010679110625705936,0.7662170638555159
US-10426571-B2,0.0070921985815602835,0.00023405290924386228,0.00010679110625705936,0.7965783053496768
US-10993777-B2,0.0020757654385054488,0.0,5.14278266387408e-05,0.7796870515787304
US-2004236424-A1,0.2627573084241481,0.006832155452987414,0.029473305493938038,0.7860745279150522
US-2005267584-A1,0.0020757654385054488,0.0,5.14278266387408e-05,0.7784063387526402
US-2008306490-A1,0.06504065040650407,0.012912556877122434,0.00028498876223278965,0.8391381509862299
US-2010256504-A1,0.20844144611658882,0.004682993926090903,0.029206500161181505,0.7964905454477436
US-2016038291-A1,0.0020757654385054488,0.0,5.14278266387408e-05,0.8124778387377024
US-2018007105-A1,0.0020757654385054488,0.0,5.14278266387408e-05,0.6992270348446121
US-2020030109-A1,0.0020757654385054488,0.0,5.14278266387408e-05,0.8143934222712658
US-8078440-B2,0.07213284898806435,0.0018047303397440981,0.0007037358917355142,0.7908358811581077
US-8883915-B2,0.0020757654385054488,0.0,5.14278266387408e-05,0.6887668963745595
US-2007238981-A1,0.0041515308770108976,0.0,2.6347218770971198e-05,0.7823900840443522
US-2007249967-A1,0.014530358069538143,0.00021135642976870736,0.00013483022500336838,0.8206924383011323
US-2009018445-A1,0.0041515308770108976,0.0,2.6347218770971198e-05,0.793549246998752
US-2011137156-A1,0.0041515308770108976,0.0,2.6347218770971198e-05,0.8116457903512132
US-2013129175-A1,0.0041515308770108976,0.0,2.6347218770971198e-05,0.7780480727345592
US-2013237811-A1,0.020930634838263275,0.0039123482306162175,0.00011099529830807653,0.7733750979756068
US-2013267838-A1,0.0041515308770108976,0.0,2.6347218770971198e-05,0.7733622966384452
US-2016317122-A1,0.0041515308770108976,0.0,2.6347218770971198e-05,0.7648599542918559
US-2018168740-A1,0.004497491783428472,0.00034602076124567473,2.6347257240763654e-05,0.7885516640825214
US-2018185100-A1,0.1551634665282823,0.0075121599429654375,0.0008578316490428187,0.7905629713559114
US-2019110842-A1,0.0041515308770108976,0.0,2.6347218770971198e-05,0.7969326351655611
US-2019239850-A1,0.0041515308770108976,0.0,2.6347218770971198e-05,0.7681776022051783
US-2019254754-A1,0.0041515308770108976,0.0,2.6347218770971198e-05,0.7558382621314893
US-2019289284-A1,0.0041515308770108976,0.0,2.6347218770971198e-05,0.7277139304735177
US-2019339525-A1,0.0041515308770108976,0.0,2.6347218770971198e-05,0.7698344410475421
US-2019349559-A1,0.0041515308770108976,0.0,2.6347218770971198e-05,0.8017854138924689
US-2019380790-A1,0.0041515308770108976,0.0,2.6347218770971198e-05,0.7663398498940097
US-2020059640-A1,0.0041515308770108976,0.0,2.6347218770971198e-05,0.7816803092299994
US-2020064439-A1,0.0041515308770108976,0.0,2.6347218770971198e-05,0.7110748503706377
US-2021045715-A1,0.004497491783428472,0.00034602076124567473,2.6347257240763654e-05,0.7930810240362464
US-2021093400-A1,0.0041515308770108976,0.0,2.6347218770971198e-05,0.795891866562487
US-2021121238-A1,0.0041515308770108976,0.0,2.6347218770971198e-05,0.7868533453252713
US-2021137350-A1,0.0041515308770108976,0.0,2.6347218770971198e-05,0.7800550802324743
WO-2016207628-A1,0.0041515308770108976,0.0,2.6347218770971198e-05,0.7142388800945243
US-11337762-B2,0.002594706798131811,0.0,1.4361007399732442e-10,0.8326694590444038
US-11523916-B2,0.002594706798131811,0.0,1.4361007399732442e-10,0.7752581452600387
US-2007118243-A1,0.002594706798131811,0.0,1.4361007399732442e-10,0.7935963013964447
US-2016231732-A1,0.0039785504238021106,0.004585121107266429,1.6605330552102959e-07,0.7965906795811886
US-2020101273-A1,0.002594706798131811,0.0,1.436100739973244e-10,0.7730910025918969
US-2021177603-A1,0.002594706798131811,0.0,1.436100739973244e-10,0.7942140799001981
US-2021177623-A1,0.002594706798131811,0.0,1.436100739973244e-10,0.7752581452600387
US-2021251704-A1,0.002594706798131811,0.0,1.436100739973244e-10,0.7715571537725414
US-2023107003-A1,0.002594706798131811,0.0,1.436100739973244e-10,0.7882472434444718
US-2023181256-A1,0.002594706798131811,0.0,1.436100739973244e-10,0.8245588279584932
US-2023298728-A1,0.002594706798131811,0.0,1.436100739973244e-10,0.826949182930865
US-2023301791-A1,0.002594706798131811,0.0,1.436100739973244e-10,0.7612731151129901
US-2023363832-A1,0.002594706798131811,0.0,1.436100739973244e-10,0.7761463695815349
US-2023377714-A1,0.002594706798131811,0.0,1.436100739973244e-10,0.8171508023848837
US-2023397964-A1,0.002594706798131811,0.0,1.436100739973244e-10,0.800023713137738
WO-2013177051-A1,0.002594706798131811,0.0,1.436100739973244e-10,0.7142388800945243
US-2004116835-A1,0.008476042207230583,0.002517301038062291,2.942573274710724e-05,0.7474539132080331
US-2011257655-A1,0.0005189413596263622,0.0,2.518495902128812e-08,0.7487638525934419
US-7763028-B2,0.0005189413596263622,0.0,2.518495902128812e-08,0.7499772551298848
US-8828008-B2,0.0005189413596263622,0.0,2.518495902128812e-08,0.7816040588537017
US-2014193053-A1,0.0003459609064175748,0.0,7.247406802954172e-08,0.7884658145696182
US-2017071673-A1,0.0003459609064175748,0.0,7.247406802954172e-08,0.8223343223114186
US-2017367766-A1,0.015741221241999653,0.0023489886347088764,8.474231363423265e-05,0.7865765211801009
US-2005116954-A1,0.0041515308770108976,0.0,1.3418159373128644e-09,0.7155848799933852
US-2006015560-A1,0.0041515308770108976,0.0,1.3418159373128644e-09,0.6879478079135865
US-2006262120-A1,0.0041515308770108976,0.0,1.3418159373128644e-09,0.7472871536605535
US-2007186007-A1,0.0041515308770108976,0.0,1.3418159373128644e-09,0.7196393153720968
US-2008081701-A1,0.0041515308770108976,0.0,1.3418159373128644e-09,0.7204044215582812
US-2008294663-A1,0.0041515308770108976,0.0,1.3418159373128644e-09,0.7153995038507349
US-2009063156-A1,0.0041515308770108976,0.0,1.3418159373128644e-09,0.7334938800106634
US-2011082009-A1,0.004843452689846047,0.004687197231833899,1.3418200336580193e-09,0.7404585089861792
US-2012226987-A1,0.0041515308770108976,0.0,1.3418159373128644e-09,0.7205545807273896
US-2013271457-A1,0.0041515308770108976,0.0,1.3418159373128644e-09,0.7239824971376698
US-2014009490-A1,0.0041515308770108976,0.0,1.3418159373128644e-09,0.7103330273818895
US-2014046829-A1,0.0041515308770108976,0.0,1.3418159373128644e-09,0.717264367780525
US-2014063061-A1,0.0041515308770108976,0.0,1.3418159373128644e-09,0.7195810743809908
US-2014114845-A1,0.011762670818197544,0.003824345550720133,2.090498206837876e-07,0.727280463821709
US-2014306866-A1,0.02871475523265871,0.012122248144533675,1.3191098612358198e-06,0.7239887100099983
US-2015002541-A1,0.0041515308770108976,0.0,1.3418159373128646e-09,0.7149851814964092
US-2015268722-A1,0.006746237675142709,0.0065750865051903,1.3418314524864598e-09,0.6990481966797464
US-2016035140-A1,0.0041515308770108976,0.0,1.3418159373128646e-09,0.7259636040647804
US-2016093108-A1,0.0041515308770108976,0.0,1.3418159373128646e-09,0.7107264643101155
US-2016189494-A1,0.0041515308770108976,0.0,1.3418159373128646e-09,0.7342098580538285
US-2018330549-A1,0.0041515308770108976,0.0,1.3418159373128646e-09,0.7290750710946526
US-2019249908-A1,0.0041515308770108976,0.0,1.3418159373128646e-09,0.6894219495290853
US-2021043011-A1,0.0041515308770108976,0.0,1.3418159373128646e-09,0.7113347787584355
US-5872438-A,0.0041515308770108976,0.0,1.3418159373128646e-09,0.738405601078783
US-6695770-B1,0.0041515308770108976,0.0,1.3418159373128646e-09,0.7190086080160129
US-2018032225-A1,0.007957100847604221,5.822833030465857e-05,1.8332299860055975e-10,0.7261470513741668
US-2019077011-A1,0.0005189413596263622,0.0,4.823923016585158e-13,0.7333172999863886
US-2020269429-A1,0.007784120394395433,5.6938187526015837e-05,1.829528063507719e-10,0.727460204146246
WO-2017093683-A1,0.007957100847604221,5.822833030465857e-05,1.8332299860055975e-10,0.7142388800945243
EP-2011442-A1,0.011243729458571182,5.658922392486403e-06,1.3971563778369132e-06,0.7142388800945243
US-11419595-B2,0.0031136481577581734,0.0,6.003149280889922e-07,0.7485974205392908
US-11666318-B2,0.011416709911779968,5.804580655791726e-06,1.932136757438341e-06,0.7843613484465829
US-2006074431-A1,0.0031136481577581734,0.0,6.003149280889922e-07,0.738062099492663
US-2007162040-A1,0.0031136481577581734,0.0,6.003149280889922e-07,0.7842251668201923
US-2009198240-A1,0.00467047223663726,5.5117063377435665e-05,6.777112782961324e-07,0.7615258724964424
US-2010100102-A1,0.0031136481577581734,0.0,6.003149280889922e-07,0.7481257582935963
US-2011282158-A1,0.0031136481577581734,0.0,6.003149280889922e-07,0.7572153521915881
US-2013079792-A1,0.0031136481577581734,0.0,6.003149280889922e-07,0.7611620090134548
US-2014288658-A1,0.0031136481577581734,0.0,6.003149280889922e-07,0.7766383755945045
US-2016346044-A1,0.017125064867669952,0.00030411276854703113,3.0488161842607106e-05,0.8147414305821743
US-2020222205-A1,0.0031136481577581734,0.0,6.003149280889922e-07,0.767225102132478
US-2020352555-A1,0.017125064867669952,0.00030411276854703113,3.0488161842607106e-05,0.7328826963743595
US-2021298734-A1,0.0031136481577581734,0.0,6.003149280889922e-07,0.7816238139035869
US-2022133291-A1,0.0031136481577581734,0.0,6.003149280889922e-07,0.7277234981536926
US-5431653-A,0.0031136481577581734,0.0,6.003149280889922e-07,0.7541362572485933
US-5800438-A,0.06936516173672375,0.004637767213037275,0.0006004460240030019,0.7742409979909062
US-7615055-B2,0.017125064867669952,0.00030411276854703113,3.0488161842607106e-05,0.8098354044473358
WO-2020033589-A1,0.0031136481577581734,0.0,6.003149280889922e-07,0.7142388800945243
US-10773385-B2,0.0019027849852966616,0.0,2.0188713339010586e-07,0.7311708813450543
US-2013184868-A1,0.0019027849852966616,0.0,2.0188713339010586e-07,0.6974381548281386
US-2016059412-A1,0.06469468950008649,0.16041145864556067,0.00023248838176085027,0.7242004452377191
US-2016075031-A1,0.0019027849852966616,0.0,2.0188713339010586e-07,0.7203701239864829
US-2016239013-A1,0.0019027849852966616,0.0,2.0188713339010586e-07,0.7189482963570152
US-2017106534-A1,0.0019027849852966616,0.0,2.0188713339010586e-07,0.7374668096839702
US-2017173795-A1,0.0019027849852966616,0.0,2.0188713339010586e-07,0.7384196657431883
US-2018361595-A1,0.0019027849852966616,0.0,2.0188713339010586e-07,0.7258457157831645
US-9205558-B1,0.03546099290780142,0.07249612744493349,2.0195637844039073e-07,0.7237176349041667
US-9238304-B1,0.0019027849852966616,0.0,2.0188713339010586e-07,0.7330030658847969
US-9333649-B1,0.0397855042380211,0.07557402104082359,2.0195982381003686e-07,0.7291941342954367
US-9375853-B1,0.0019027849852966616,0.0,2.0188713339010586e-07,0.7171729634865011
CN-101296611-A,0.007611139941186646,0.0,1.8295237366938016e-10,0.7142388800945243
CN-101618544-A,0.007611139941186646,0.0,1.8295237366938016e-10,0.7142388800945243
CN-103043359-A,0.007611139941186646,0.0,1.8295237366938016e-10,0.7141242590312263
CN-104044151-A,0.007611139941186646,0.0,1.8295237366938016e-10,0.7142388800945243
CN-106660207-A,0.007611139941186646,0.0,1.8295237366938016e-10,0.7142388800945243
CN-106660212-A,0.007611139941186646,0.0,1.8295237366938016e-10,0.7142388800945243
CN-107838945-A,0.007611139941186646,0.0,1.8295237366938016e-10,0.7142388800945243
CN-108778636-A,0.007611139941186646,0.0,1.8295237366938016e-10,0.7142388800945243
CN-109129544-A,0.007611139941186646,0.0,1.8295237366938016e-10,0.7142388800945243
CN-109483554-A,0.007611139941186646,0.0,1.8295237366938016e-10,0.7142388800945243
CN-109500810-A,0.007611139941186646,0.0,1.8295237366938016e-10,0.7142388800945243
CN-112405570-A,0.007611139941186646,0.0,1.8295237366938016e-10,0.7142388800945243
JP-2002254380-A,0.007611139941186646,0.0,1.8295237366938016e-10,0.7142388800945243
JP-2010005769-A,0.007611139941186646,0.0,1.8295237366938016e-10,0.7142388800945243
JP-2013154457-A,0.007611139941186646,0.0,1.8295237366938016e-10,0.7142388800945243
JP-2014176926-A,0.007611139941186646,0.0,1.8295237366938016e-10,0.7142388800945243
JP-2018047515-A,0.007611139941186646,0.0,1.8295237366938016e-10,0.7142388800945243
JP-2019085271-A,0.007611139941186646,0.0,1.8295237366938016e-10,0.7142388800945243
JP-2019162685-A,0.007611139941186646,0.0,1.8295237366938016e-10,0.7142388800945243
JP-H0515957-A,0.007611139941186646,0.0,1.8295237366938016e-10,0.7142388800945243
KR-20190068663-A,0.007611139941186646,0.0,1.8295237366938016e-10,0.7142388800945243
US-10124489-B2,0.040823386957273826,0.0002557961285847868,4.251674025146732e-10,0.740860641426819
US-10207868-B1,0.007611139941186646,0.0,1.8295237366938016e-10,0.7289466471778455
US-10576630-B1,0.007611139941186646,0.0,1.8295237366938016e-10,0.7347970961611318
US-11117256-B2,0.007784120394395433,1.922337562475971e-07,1.8332256591916803e-10,0.7177071519284216
US-11345029-B2,0.007611139941186646,0.0,1.8295237366938016e-10,0.723728033886489
US-2010222915-A1,0.04497491783428473,0.0006142793045876383,4.253063966920242e-10,0.7248765496519428
US-2018040132-A1,0.007611139941186646,0.0,1.8295237366938016e-10,0.7256872816046338
US-2018162660-A1,0.007611139941186646,0.0,1.8295237366938016e-10,0.7371387768475226
US-2019030730-A1,0.007611139941186646,0.0,1.8295237366938016e-10,0.7183651209491294
US-2019047158-A1,0.007784120394395433,2.4715768660405336e-07,1.833223923353241e-10,0.7384567228624236
US-2019084012-A1,0.007611139941186646,0.0,1.8295237366938016e-10,0.728847316795378
US-2019263603-A1,0.007611139941186646,0.0,1.8295237366938016e-10,0.7371387768475226
US-2020376662-A1,0.03269330565646082,0.00012168325102490791,4.086583126945422e-10,0.7198717784359167
US-2021024298-A1,0.007611139941186646,0.0,1.8295237366938016e-10,0.7300034878334393
US-2021053216-A1,0.007611139941186646,0.0,1.8295237366938016e-10,0.7177071519284216
US-2021387333-A1,0.007611139941186646,0.0,1.8295237366938016e-10,0.7177071519284216
US-7017961-B1,0.007611139941186646,0.0,1.8295237366938016e-10,0.7180419437235803
US-9089969-B1,0.04722366372599896,0.016096158490053282,4.2519631946997005e-10,0.7409127234853615
US-9393693-B1,0.04099636741048262,0.001617019559133475,4.251684634025132e-10,0.7213441161855821
WO-2019147697-A1,0.007611139941186646,0.0,1.8295237366938016e-10,0.7142388800945243
EP-4052647-A1,0.02456322435564781,0.0,1.318902084755138e-06,0.7142388800945243
JP-5571901-B2,0.02456322435564781,0.0,1.318902084755138e-06,0.7142388800945243
JP-H09245195-A,0.02456322435564781,0.0,1.318902084755138e-06,0.7142388800945243
KR-20130082637-A,0.02456322435564781,0.0,1.318902084755138e-06,0.7142388800945243
KR-20140112207-A,0.02456322435564781,0.0,1.318902084755138e-06,0.7142388800945243
KR-20180068351-A,0.02456322435564781,0.0,1.318902084755138e-06,0.7142388800945243
US-10111583-B1,0.02456322435564781,0.0,1.318902084755138e-06,0.7537503822090986
US-10149958-B1,0.02456322435564781,0.0,1.318902084755138e-06,0.72981552057337
US-10323904-B1,0.02456322435564781,0.0,1.318902084755138e-06,0.726172485208453
US-10345768-B2,0.02456322435564781,0.0,1.318902084755138e-06,0.7302449471462849
US-10638080-B2,0.02456322435564781,0.0,1.318902084755138e-06,0.7480985088506044
US-10874297-B1,0.02456322435564781,0.0,1.318902084755138e-06,0.7537503822090986
US-2002063807-A1,0.02456322435564781,0.0,1.318902084755138e-06,0.7337377679739238
US-2002082498-A1,0.08545234388514097,0.031453922398238916,0.0009722632403635428,0.8136442749611472
US-2003223038-A1,0.02456322435564781,0.0,1.318902084755138e-06,0.7517858720403859
US-2005036109-A1,0.02456322435564781,0.0,1.318902084755138e-06,0.7368842959016282
US-2005168569-A1,0.02456322435564781,0.0,1.318902084755138e-06,0.7120289917730548
US-2005280603-A1,0.02456322435564781,0.0,1.318902084755138e-06,0.7297697941907587
US-2006087746-A1,0.02456322435564781,0.0,1.318902084755138e-06,0.7791905830670327
US-2007121070-A1,0.02456322435564781,0.0,1.318902084755138e-06,0.7452007375383509
US-2009086313-A1,0.02456322435564781,0.0,1.318902084755138e-06,0.7254589643859274
US-2009123036-A1,0.02456322435564781,0.0,1.318902084755138e-06,0.7263223007289251
US-2009128834-A1,0.02456322435564781,0.0,1.318902084755138e-06,0.7264811414903254
US-2009218400-A1,0.02456322435564781,0.0,1.318902084755138e-06,0.7287623169800372
US-2010011959-A1,0.02456322435564781,0.0,1.318902084755138e-06,0.6996616009484913
US-2010079356-A1,0.02456322435564781,0.0,1.318902084755138e-06,0.7246920893402263
US-2010149073-A1,0.02456322435564781,0.0,1.318902084755138e-06,0.7240927533157242
US-2010254017-A1,0.02456322435564781,0.0,1.318902084755138e-06,0.7341750244329927
US-2010277471-A1,0.02456322435564781,0.0,1.318902084755138e-06,0.7135455086717039
US-2011043644-A1,0.02456322435564781,0.0,1.318902084755138e-06,0.716970860471768
US-2012068913-A1,0.02456322435564781,0.0,1.318902084755138e-06,0.7072898323212594
US-2012200595-A1,0.02456322435564781,0.0,1.318902084755138e-06,0.7406358635442274
US-2012281181-A1,0.02456322435564781,0.0,1.318902084755138e-06,0.7006787730994368
US-2012326948-A1,0.02456322435564781,0.0,1.318902084755138e-06,0.7090044914376478
US-2013099700-A1,0.02456322435564781,0.0,1.318902084755138e-06,0.7017806825758381
US-2013155507-A1,0.02456322435564781,0.0,1.318902084755138e-06,0.6981206862889214
US-2013162632-A1,0.02456322435564781,0.0,1.318902084755138e-06,0.739953922518389
US-2013162673-A1,0.02456322435564781,0.0,1.318902084755138e-06,0.7089722687494272
US-2013172902-A1,0.03476907109496627,0.0076418409241031104,6.0518504512856126e-05,0.7958965643222701
US-2013178868-A1,0.02456322435564781,0.0,1.318902084755138e-06,0.7783931792939847
US-2013194254-A1,0.02456322435564781,0.0,1.318902084755138e-06,0.7304794786798272
US-2013215147-A1,0.02456322435564781,0.0,1.318902084755138e-06,0.7444865117190287
US-2013329184-A1,0.02456322435564781,0.0,1.318902084755138e-06,0.7062249994494049
US-2013329190-A1,0.02456322435564781,0.0,1.318902084755138e-06,0.7406358635442274
US-2013335543-A1,0.02456322435564781,0.0,1.318902084755138e-06,0.745091486418719
US-2014002587-A1,0.02456322435564781,0.0,1.318902084755138e-06,0.762069457927157
US-2014002597-A1,0.02456322435564781,0.0,1.318902084755138e-06,0.7297917897700362
US-2014063054-A1,0.02456322435564781,0.0,1.318902084755138e-06,0.7184688620661237
US-2014094655-A1,0.02456322435564781,0.0,1.318902084755138e-06,0.7705653730013476
US-2014098226-A1,0.02456322435564781,0.0,1.318902084755138e-06,0.7363180524571029
US-2014160264-A1,0.02456322435564781,0.0,1.318902084755138e-06,0.7390467871676648
US-2014214122-A1,0.02456322435564781,0.0,1.318902084755138e-06,0.7140679915501582
US-2014232645-A1,0.02456322435564781,0.0,1.318902084755138e-06,0.7315861855905958
US-2014243971-A1,0.02456322435564781,0.0,1.318902084755138e-06,0.7276530409666536
US-2014275760-A1,0.02542812662169175,0.002861937716262981,1.318907009327415e-06,0.7727674953807054
US-2014283429-A1,0.02456322435564781,0.0,1.318902084755138e-06,0.7313627515308005
US-2015084841-A1,0.02456322435564781,0.0,1.318902084755138e-06,0.727832749625188
US-2015193984-A1,0.02456322435564781,0.0,1.318902084755138e-06,0.7072898323212594
US-2015205132-A1,0.02456322435564781,0.0,1.318902084755138e-06,0.7104797645865314
US-2015355481-A1,0.02456322435564781,0.0,1.318902084755138e-06,0.7273260651612997
US-2015362733-A1,0.02456322435564781,0.0,1.318902084755138e-06,0.7395599061701388
US-2015378074-A1,0.02456322435564781,0.0,1.318902084755138e-06,0.7060681603489354
US-2016027216-A1,0.02456322435564781,0.0,1.318902084755138e-06,0.7275287041345384
US-2016037849-A1,0.02456322435564781,0.0,1.318902084755138e-06,0.737442690691544
US-2016055822-A1,0.02456322435564781,0.0,1.318902084755138e-06,0.6945075679605022
US-2016091968-A1,0.02456322435564781,0.0,1.318902084755138e-06,0.7129858184550762
US-2016183779-A1,0.02456322435564781,0.0,1.318902084755138e-06,0.7826124921814214
US-2016196694-A1,0.02456322435564781,0.0,1.318902084755138e-06,0.7155852498904215
US-2016247418-A1,0.02456322435564781,0.0,1.318902084755138e-06,0.786470034781349
US-2016252325-A1,0.02456322435564781,0.0,1.318902084755138e-06,0.7077163953657003
US-2016262608-A1,0.02456322435564781,0.0,1.318902084755138e-06,0.7259570305832421
US-2016267720-A1,0.02456322435564781,0.0,1.318902084755138e-06,0.7261527354537042
US-2016270648-A1,0.02456322435564781,0.0,1.318902084755138e-06,0.7537503822090986
US-2016270656-A1,0.02456322435564781,0.0,1.318902084755138e-06,0.785591600002977
US-2016377871-A1,0.02456322435564781,0.0,1.318902084755138e-06,0.710354659194255
US-2016379593-A1,0.02456322435564781,0.0,1.318902084755138e-06,0.7222699825549895
US-2017007351-A1,0.02456322435564781,0.0,1.318902084755138e-06,0.7555358114848825
US-2017010469-A1,0.02456322435564781,0.0,1.318902084755138e-06,0.785591600002977
US-2017011706-A1,0.02456322435564781,0.0,1.318902084755138e-06,0.722105074367111
US-2017068119-A1,0.02456322435564781,0.0,1.318902084755138e-06,0.7371134120977
US-2017094167-A1,0.02456322435564781,0.0,1.318902084755138e-06,0.7358341882562814
US-2017236332-A1,0.02456322435564781,0.0,1.318902084755138e-06,0.7231350436534584
US-2017242253-A1,0.02456322435564781,0.0,1.318902084755138e-06,0.7269418363472092
US-2017293380-A1,0.02456322435564781,0.0,1.318902084755138e-06,0.70698346802659
US-2017323615-A1,0.02456322435564781,0.0,1.318902084755138e-06,0.7075401417402791
US-2018045964-A1,0.02456322435564781,0.0,1.318902084755138e-06,0.7239945543085665
US-2018116742-A1,0.02456322435564781,0.0,1.318902084755138e-06,0.7861290759990747
US-2018125340-A1,0.02456322435564781,0.0,1.318902084755138e-06,0.7396271860168321
US-2018250085-A1,0.12990832035979935,0.025992833606761623,0.0003211942771613251,0.7887998187329422
US-2018325618-A1,0.026984950700570835,0.001226112892675019,1.830310589677699e-06,0.8248767925538816
US-2019339528-A1,0.02456322435564781,0.0,1.318902084755138e-06,0.7078769407010387
US-2019353457-A1,0.02456322435564781,0.0,1.318902084755138e-06,0.7266987936200183
US-2019359351-A1,0.02456322435564781,0.0,1.318902084755138e-06,0.7245071546346238
US-2020030054-A1,0.02456322435564781,0.0,1.318902084755138e-06,0.8020108457937042
US-2020038120-A1,0.02456322435564781,0.0,1.318902084755138e-06,0.7769247613283602
US-2020281670-A1,0.02456322435564781,0.0,1.318902084755138e-06,0.8001907738135678
US-2021022599-A1,0.02456322435564781,0.0,1.318902084755138e-06,0.7865246420380713
US-2021149173-A1,0.02456322435564781,0.0,1.318902084755138e-06,0.7048073909163585
US-6449103-B1,0.02456322435564781,0.0,1.318902084755138e-06,0.7402449971634544
US-7639208-B1,0.02456322435564781,0.0,1.318902084755138e-06,0.7340572318343004
US-8135227-B2,0.02456322435564781,0.0,1.318902084755138e-06,0.7406358635442274
US-8311328-B2,0.02456322435564781,0.0,1.318902084755138e-06,0.7007817011175185
US-8350898-B2,0.02456322435564781,0.0,1.318902084755138e-06,0.7189257243077481
US-8494298-B2,0.02456322435564781,0.0,1.318902084755138e-06,0.7406358635442274
US-8579194-B2,0.02456322435564781,0.0,1.318902084755138e-06,0.7287623169800372
US-8771805-B2,0.02456322435564781,0.0,1.318902084755138e-06,0.7078654825155803
US-8798756-B2,0.02456322435564781,0.0,1.318902084755138e-06,0.724148949810842
US-8812120-B2,0.02456322435564781,0.0,1.318902084755138e-06,0.7313471069133399
US-8831734-B2,0.02456322435564781,0.0,1.318902084755138e-06,0.7140679915501582
US-8831745-B2,0.02456322435564781,0.0,1.318902084755138e-06,0.7176438305941972
US-8874224-B2,0.02456322435564781,0.0,1.318902084755138e-06,0.7016613825851802
US-8874239-B2,0.02456322435564781,0.0,1.318902084755138e-06,0.7263887578393784
US-8886329-B2,0.02456322435564781,0.0,1.318902084755138e-06,0.7174691342381015
US-8912979-B1,0.02456322435564781,0.0,1.318902084755138e-06,0.7179924272955164
US-8934983-B2,0.02456322435564781,0.0,1.318902084755138e-06,0.7097795723162794
US-8954157-B2,0.02456322435564781,0.0,1.318902084755138e-06,0.7358782082251011
US-8976086-B2,0.02456322435564781,0.0,1.318902084755138e-06,0.727832749625188
US-9002462-B2,0.02456322435564781,0.0,1.318902084755138e-06,0.7408539414178082
US-9042985-B2,0.02456322435564781,0.0,1.318902084755138e-06,0.7454014084200918
US-9044590-B2,0.02456322435564781,0.0,1.318902084755138e-06,0.7218485921709012
US-9044591-B2,0.02456322435564781,0.0,1.318902084755138e-06,0.7553191259849743
US-9050468-B2,0.02456322435564781,0.0,1.318902084755138e-06,0.7516869059821003
US-9061150-B2,0.02456322435564781,0.0,1.318902084755138e-06,0.7340989147272274
US-9072888-B2,0.02456322435564781,0.0,1.318902084755138e-06,0.7264241133363145
US-9072900-B2,0.02456322435564781,0.0,1.318902084755138e-06,0.7479026942195011
US-9078739-B2,0.02456322435564781,0.0,1.318902084755138e-06,0.7236977522511309
US-9084895-B2,0.02456322435564781,0.0,1.318902084755138e-06,0.7247821855025778
US-9089690-B2,0.02456322435564781,0.0,1.318902084755138e-06,0.7254753074462561
US-9089701-B2,0.02456322435564781,0.0,1.318902084755138e-06,0.7187416844521726
US-9089702-B2,0.02456322435564781,0.0,1.318902084755138e-06,0.7547444359220011
US-9095709-B2,0.02456322435564781,0.0,1.318902084755138e-06,0.7358868489858187
US-9095710-B2,0.02456322435564781,0.0,1.318902084755138e-06,0.7354846045724204
US-9095722-B2,0.02456322435564781,0.0,1.318902084755138e-06,0.7439408059845137
US-9097891-B2,0.02456322435564781,0.0,1.318902084755138e-06,0.7109205095634078
US-9651784-B2,0.02456322435564781,0.0,1.318902084755138e-06,0.7284752974732642
US-9651786-B1,0.02456322435564781,0.0,1.318902084755138e-06,0.6968782972390514
US-9955862-B2,0.02456322435564781,0.0,1.318902084755138e-06,0.7537503822090986
WO-2014140849-A2,0.02456322435564781,0.0,1.318902084755138e-06,0.7142388800945243
WO-2016133644-A1,0.02456322435564781,0.0,1.318902084755138e-06,0.7142388800945243
WO-2017064301-A1,0.02456322435564781,0.0,1.318902084755138e-06,0.7143061036224708
WO-2018067611-A1,0.02456322435564781,0.0,1.318902084755138e-06,0.7142388800945243
WO-2020014707-A1,0.02456322435564781,0.0,1.318902084755138e-06,0.7141242590312263
CN-103714192-A,0.007611139941186646,0.0,2.0788903534814122e-07,0.7142388800945243
US-2002163545-A1,0.007611139941186646,0.0,2.0788903534814122e-07,0.7122200409865626
US-2006028436-A1,0.007611139941186646,0.0,2.0788903534814122e-07,0.7127744463074843
US-2007081123-A1,0.007611139941186646,0.0,2.0788903534814122e-07,0.729157299871152
US-2011310227-A1,0.007611139941186646,0.0,2.0788903534814122e-07,0.7280353482766432
US-2012127062-A1,0.007611139941186646,0.0,2.0788903534814122e-07,0.7085074646296107
US-2012162549-A1,0.007611139941186646,0.0,2.0788903534814122e-07,0.7130479778825936
US-2013082922-A1,0.007611139941186646,0.0,2.0788903534814122e-07,0.7318120876717028
US-2013117377-A1,0.007611139941186646,0.0,2.0788903534814122e-07,0.7239887100099983
US-2013125027-A1,0.007611139941186646,0.0,2.0788903534814122e-07,0.7244075798420287
US-2013135344-A1,0.007611139941186646,0.0,2.0788903534814122e-07,0.717018941626316
US-2013208234-A1,0.007611139941186646,0.0,2.0788903534814122e-07,0.7243990316630231
US-2013242262-A1,0.007611139941186646,0.0,2.0788903534814122e-07,0.7243990316630231
US-2014071539-A1,0.007611139941186646,0.0,2.0788903534814122e-07,0.7166059130973538
US-2014177023-A1,0.007611139941186646,0.0,2.0788903534814122e-07,0.7152146878289782
US-2014218468-A1,0.007611139941186646,0.0,2.0788903534814122e-07,0.7240213529530004
US-2014267400-A1,0.007611139941186646,0.0,2.0788903534814122e-07,0.7174244165237748
US-2014267420-A1,0.007611139941186646,0.0,2.0788903534814122e-07,0.7319737904477664
US-2015016777-A1,0.007611139941186646,0.0,2.0788903534814122e-07,0.7021552826136197
US-2015103306-A1,0.007611139941186646,0.0,2.0788903534814122e-07,0.7358614288348362
US-2015112808-A1,0.007611139941186646,0.0,2.0788903534814122e-07,0.7169358478148443
US-2015178939-A1,0.007611139941186646,0.0,2.0788903534814122e-07,0.7268975397648382
US-2015205126-A1,0.007611139941186646,0.0,2.0788903534814122e-07,0.7341507906436554
US-2015309263-A2,0.007611139941186646,0.0,2.0788903534814122e-07,0.7021552826136197
US-2015326570-A1,0.007611139941186646,0.0,2.0788903534814122e-07,0.7335441934055773
US-2015346495-A1,0.007611139941186646,0.0,2.0788903534814122e-07,0.7267712808541655
US-2016011419-A1,0.007611139941186646,0.0,2.0788903534814122e-07,0.7136476199516703
US-2016026253-A1,0.06746237675142709,0.01634017686723913,0.00023249099829903758,0.7357036201236145
US-2017256096-A1,0.007611139941186646,0.0,2.0788903534814122e-07,0.7356557321014964
US-2017332009-A1,0.007611139941186646,0.0,2.0788903534814122e-07,0.7339802131585597
US-2017336862-A1,0.007611139941186646,0.0,2.0788903534814122e-07,0.7189192954666312
US-2018137351-A1,0.007611139941186646,0.0,2.0788903534814122e-07,0.7036734123584316
US-2018315248-A1,0.007611139941186646,0.0,2.0788903534814122e-07,0.7287348344673994
US-2019122440-A1,0.007611139941186646,0.0,2.0788903534814122e-07,0.7311507190521846
US-2019197785-A1,0.007611139941186646,0.0,2.0788903534814122e-07,0.7038292630726303
US-2019258365-A1,0.007611139941186646,0.0,2.0788903534814122e-07,0.7241424952802584
US-2019340818-A1,0.007611139941186646,0.0,2.0788903534814122e-07,0.7104351802182904
US-2020054398-A1,0.007611139941186646,0.0,2.0788903534814122e-07,0.7818160919960562
US-2021173547-A1,0.007611139941186646,0.0,2.0788903534814122e-07,0.7292176919370708
US-6091422-A,0.007611139941186646,0.0,2.0788903534814122e-07,0.7024717138501752
US-6850221-B1,0.007611139941186646,0.0,2.0788903534814122e-07,0.7066853404352385
US-9448687-B1,0.007611139941186646,0.0,2.0788903534814122e-07,0.7015246978017741
WO-2019126238-A1,0.007611139941186646,0.0,2.0788903534814122e-07,0.7142388800945243
WO-2021113322-A1,0.007611139941186646,0.0,2.0788903534814122e-07,0.7142388800945243
US-2009143670-A1,0.0006919218128351496,0.0,7.352929575309383e-07,0.780622217379358
US-2012306850-A1,0.0006919218128351496,0.0,7.352929575309383e-07,0.710391694080178
US-2014200621-A1,0.0006919218128351496,0.0,7.352929575309383e-07,0.7465591743560617
US-2018140328-A1,0.0006919218128351496,0.0,1.5864988753074618e-10,0.7437255736743256
US-2019262617-A1,0.0006919218128351496,0.0,1.5864988753074618e-10,0.7126528553141698
US-2019307516-A1,0.0006919218128351496,0.0,1.5864988753074618e-10,0.7730586490346011
US-2021137634-A1,0.0036325895173845357,0.0006920415224913495,1.8519616171422637e-07,0.7638531764558327
US-2023008264-A1,0.0006919218128351496,0.0,1.5864988753074618e-10,0.7312097389713346
EP-0133981-A2,0.0003459609064175748,0.0,2.7751895083311547e-07,0.7142388800945243
US-2007299427-A1,0.10569105691056911,0.00034602076124567473,0.00032015378427076226,0.777600721544752
US-2015298825-A1,0.0003459609064175748,0.0,2.7751895083311547e-07,0.7244387026865291
AU-2013203626-A1,0.029752637951911434,0.0,1.7782316966045166e-12,0.7142388800945243
CA-2808716-A1,0.029752637951911434,0.0,1.7782316966045166e-12,0.7141242590312263
CN-100468926-C,0.029752637951911434,0.0,1.7782316966045166e-12,0.7142388800945243
CN-103847454-A,0.029752637951911434,0.0,1.7782316966045166e-12,0.7142388800945243
CN-103872875-A,0.029752637951911434,0.0,1.7782316966045166e-12,0.7142388800945243
CN-103918283-A,0.029752637951911434,0.0,1.7782316966045166e-12,0.7141242590312263
EP-0204386-A1,0.029752637951911434,0.0,1.7782316966045166e-12,0.7141242590312263
EP-0229013-A2,0.029752637951911434,0.0,1.7782316966045166e-12,0.7142388800945243
EP-0239333-A2,0.029752637951911434,0.0,1.7782316966045166e-12,0.7142388800945243
EP-1258970-A1,0.029752637951911434,0.0,1.7782316966045166e-12,0.7142388800945243
EP-1282338-A2,0.029752637951911434,0.0,1.7782316966045166e-12,0.7142388800945243
EP-1300932-A2,0.029752637951911434,0.0,1.7782316966045166e-12,0.7142388800945243
EP-1438111-A2,0.029752637951911434,0.0,1.7782316966045166e-12,0.7142388800945243
EP-2183660-A2,0.029752637951911434,0.0,1.7782316966045166e-12,0.7142388800945243
EP-2273346-A1,0.029752637951911434,0.0,1.7782316966045166e-12,0.7142388800945243
EP-2338219-A2,0.029752637951911434,0.0,1.7782316966045166e-12,0.7142388800945243
EP-2626990-A1,0.029752637951911434,0.0,1.7782316966045166e-12,0.7142388800945243
EP-2786591-A1,0.029752637951911434,0.0,1.7782316966045166e-12,0.7142388800945243
EP-2890153-A1,0.029752637951911434,0.0,1.7782316966045166e-12,0.7142388800945243
EP-2977858-A1,0.029752637951911434,0.0,1.7782316966045166e-12,0.7143748803527328
JP-2007043768-A,0.029752637951911434,0.0,1.7782316966045166e-12,0.7142388800945243
KR-101506556-B1,0.029752637951911434,0.0,1.7782316966045166e-12,0.7142388800945243
KR-20160057772-A,0.029752637951911434,0.0,1.7782316966045166e-12,0.7142388800945243
US-10069392-B2,0.029752637951911434,0.0,1.7782316966045166e-12,0.6890497757607099
US-10108265-B2,0.029752637951911434,0.0,1.7782316966045166e-12,0.7180644197739839
US-10126817-B2,0.029752637951911434,0.0,1.7782316966045166e-12,0.7009905512741366
US-10127778-B2,0.029752637951911434,0.0,1.7782316966045166e-12,0.6975924656909381
US-10218250-B2,0.029752637951911434,0.0,1.7782316966045166e-12,0.6981373751489315
US-10236760-B2,0.029752637951911434,0.0,1.7782316966045166e-12,0.7095144695432682
US-10390139-B2,0.029752637951911434,0.0,1.7782316966045166e-12,0.7185561934348177
US-10573139-B2,0.029752637951911434,0.0,1.7782316966045166e-12,0.7184856924945769
US-10642361-B2,0.029752637951911434,0.0,1.7782316966045166e-12,0.6914606877313918
US-10651716-B2,0.029752637951911434,0.0,1.7782316966045166e-12,0.7095144695432682
US-10659885-B2,0.029752637951911434,0.0,1.7782316966045166e-12,0.7297465009618187
US-10812913-B2,0.029752637951911434,0.0,1.7782316966045166e-12,0.7297465009618187
US-10820117-B2,0.029752637951911434,0.0,1.7782316966045166e-12,0.7297465009618187
US-2002001392-A1,0.029752637951911434,0.0,1.7782316966045166e-12,0.7039469594328525
US-2003015929-A1,0.029752637951911434,0.0,1.7782316966045166e-12,0.6864712063442024
US-2004155741-A1,0.029752637951911434,0.0,1.7782316966045166e-12,0.693196778510724
US-2004251750-A1,0.029752637951911434,0.0,1.7782316966045166e-12,0.6776174002947422
US-2005189823-A1,0.029752637951911434,0.0,1.7782316966045166e-12,0.7003232822809293
US-2006045298-A1,0.029752637951911434,0.0,1.7782316966045166e-12,0.7250741039382709
US-2006171553-A1,0.029752637951911434,0.0,1.7782316966045166e-12,0.7141915033015711
US-2006293722-A1,0.029752637951911434,0.0,1.7782316966045166e-12,0.7497962973343946
US-2007146317-A1,0.029752637951911434,0.0,1.7782316966045166e-12,0.6993360271620883
US-2007270196-A1,0.029752637951911434,0.0,1.7782316966045166e-12,0.7110310276097607
US-2007290988-A1,0.029752637951911434,0.0,1.7782316966045166e-12,0.7200190732353575
US-2008001483-A1,0.029752637951911434,0.0,1.7782316966045166e-12,0.6863938453331732
US-2008090622-A1,0.029752637951911434,0.0,1.7782316966045166e-12,0.7088533617283134
US-2008096726-A1,0.029752637951911434,0.0,1.7782316966045166e-12,0.7280614314122523
US-2008194962-A1,0.029752637951911434,0.0,1.7782316966045166e-12,0.7293304644669316
US-2009036212-A1,0.029752637951911434,0.0,1.7782316966045166e-12,0.7263003994782395
US-2009174266-A1,0.029752637951911434,0.0,1.7782316966045166e-12,0.6978070451269093
US-2010046787-A1,0.029752637951911434,0.0,1.7782316966045166e-12,0.7049242325274604
US-2010134225-A1,0.029752637951911434,0.0,1.7782316966045166e-12,0.7472028887912565
US-2010141408-A1,0.029752637951911434,0.0,1.7782316966045166e-12,0.6835436414968813
US-2010316235-A1,0.029752637951911434,0.0,1.7782316966045166e-12,0.7443543468589956
US-2011018365-A1,0.029752637951911434,0.0,1.7782316966045166e-12,0.6846156648928252
US-2011018367-A1,0.029752637951911434,0.0,1.7782316966045166e-12,0.6877661510069262
US-2011101896-A1,0.029752637951911434,0.0,1.7782316966045166e-12,0.7096390820887455
US-2012025742-A1,0.029752637951911434,0.0,1.7782316966045166e-12,0.6940782629003188
US-2012027222-A1,0.029752637951911434,0.0,1.7782316966045166e-12,0.7052257233346987
US-2012032619-A1,0.029752637951911434,0.0,1.7782316966045166e-12,0.69608102379006
US-2012062047-A1,0.029752637951911434,0.0,1.7782316966045166e-12,0.6959717353545168
US-2012163269-A1,0.029752637951911434,0.0,1.7782316966045166e-12,0.7078443871967898
US-2012200021-A1,0.029752637951911434,0.0,1.7782316966045166e-12,0.7005378800329011
US-2012237067-A1,0.029752637951911434,0.0,1.7782316966045166e-12,0.7717930907123752
US-2012249797-A1,0.029752637951911434,0.0,1.7782316966045166e-12,0.7167692991658886
US-2012293022-A1,0.029752637951911434,0.0,1.7782316966045166e-12,0.7055278778822158
US-2013022220-A1,0.029752637951911434,0.0,1.7782316966045166e-12,0.7476780177159691
US-2013033126-A1,0.029752637951911434,0.0,1.7782316966045166e-12,0.7091498571910155
US-2013076652-A1,0.029752637951911434,0.0,1.7782316966045166e-12,0.7172387554974003
US-2013099600-A1,0.029752637951911434,0.0,1.7782316966045166e-12,0.6988653339717138
US-2013113305-A1,0.029752637951911434,0.0,1.7782316966045166e-12,0.7070611149780005
US-2013204169-A1,0.029752637951911434,0.0,1.7782316966045166e-12,0.7337301845424528
US-2013225915-A1,0.029752637951911434,0.0,1.7782316966045166e-12,0.7743346330104217
US-2013322676-A1,0.029752637951911434,0.0,1.7782316966045166e-12,0.7147578612446033
US-2013339850-A1,0.029752637951911434,0.0,1.7782316966045166e-12,0.7122318594492361
US-2013342521-A1,0.029752637951911434,0.0,1.7782316966045166e-12,0.7001915791674834
US-2014009005-A1,0.029752637951911434,0.0,1.7782316966045166e-12,0.694683503688365
US-2014056459-A1,0.029752637951911434,0.0,1.7782316966045166e-12,0.7165176706292062
US-2014064536-A1,0.029752637951911434,0.0,1.7782316966045166e-12,0.7508479966305319
US-2014125558-A1,0.029752637951911434,0.0,1.7782316966045166e-12,0.731643503341008
US-2015070274-A1,0.029752637951911434,0.0,1.7782316966045166e-12,0.7219188696432035
US-2015081110-A1,0.03684483653347172,0.0003011422072710204,1.096178676085155e-11,0.701762135679546
US-2015109223-A1,0.029752637951911434,0.0,1.7782316966045166e-12,0.6914606877313918
US-2015110277-A1,0.029752637951911434,0.0,1.7782316966045166e-12,0.7034507993405035
US-2015123498-A1,0.029752637951911434,0.0,1.7782316966045166e-12,0.6994233566082931
US-2015177899-A1,0.029752637951911434,0.0,1.7782316966045166e-12,0.6971569961079777
US-2015181338-A1,0.029752637951911434,0.0,1.7782316966045166e-12,0.7358841967953882
US-2015195663-A1,0.029752637951911434,0.0,1.7782316966045166e-12,0.7182078424140883
US-2015214822-A1,0.029752637951911434,0.0,1.7782316966045166e-12,0.7018746213842053
US-2015242608-A1,0.029752637951911434,0.0,1.7782316966045166e-12,0.7529391503511493
US-2015289034-A1,0.029752637951911434,0.0,1.7782316966045166e-12,0.7149314236039078
US-2015319546-A1,0.029752637951911434,0.0,1.7782316966045166e-12,0.7145349147106339
US-2016056701-A1,0.029752637951911434,0.0,1.7782316966045166e-12,0.7030601754831817
US-2016105089-A1,0.029752637951911434,0.0,1.7782316966045166e-12,0.7106262019798247
US-2016173318-A1,0.029752637951911434,0.0,1.7782316966045166e-12,0.6988891996932028
US-2016181904-A1,0.029752637951911434,0.0,1.7782316966045166e-12,0.6906176658811956
US-2016209648-A1,0.029752637951911434,0.0,1.7782316966045166e-12,0.7167692991658886
US-2016212515-A1,0.029752637951911434,0.0,1.7782316966045166e-12,0.7343947979104751
US-2016216943-A1,0.029752637951911434,0.0,1.7782316966045166e-12,0.7030910483098504
US-2016234588-A1,0.029752637951911434,0.0,1.7782316966045166e-12,0.6999575784748907
US-2017059871-A1,0.029752637951911434,0.0,1.7782316966045166e-12,0.7153073109658584
US-2017110951-A1,0.029752637951911434,0.0,1.7782316966045166e-12,0.703325798172754
US-2017123499-A1,0.029752637951911434,0.0,1.7782316966045166e-12,0.7022455727501263
US-2017171666-A1,0.029752637951911434,0.0,1.7782316966045166e-12,0.7297465009618187
US-2017180863-A1,0.029752637951911434,0.0,1.7782316966045166e-12,0.7186619193923611
US-2017227778-A1,0.029752637951911434,0.0,1.7782316966045166e-12,0.7276851768347897
US-2019189106-A1,0.029752637951911434,0.0,1.7782316966045166e-12,0.6977053075772419
US-2019261088-A1,0.029752637951911434,0.0,1.7782316966045166e-12,0.6979013119479086
US-2021219062-A1,0.029752637951911434,0.0,1.7782316966045166e-12,0.7297465009618187
US-3919607-A,0.029752637951911434,0.0,1.7782316966045166e-12,0.6902846715321695
US-4017694-A,0.029752637951911434,0.0,1.7782316966045166e-12,0.6739604048503656
US-5296790-A,0.029752637951911434,0.0,1.7782316966045166e-12,0.7078995995949403
US-5621293-A,0.029752637951911434,0.0,1.7782316966045166e-12,0.7044056438133732
US-5717767-A,0.029752637951911434,0.0,1.7782316966045166e-12,0.7170746182361415
US-5783899-A,0.029752637951911434,0.0,1.7782316966045166e-12,0.7051213548582297
US-5921149-A,0.029752637951911434,0.0,1.7782316966045166e-12,0.6959327349175021
US-6023515-A,0.029752637951911434,0.0,1.7782316966045166e-12,0.7249173250196617
US-6603863-B1,0.029752637951911434,0.0,1.7782316966045166e-12,0.7076118355949307
US-7071584-B2,0.029752637951911434,0.0,1.7782316966045166e-12,0.6961801719218125
US-8097988-B2,0.029752637951911434,0.0,1.7782316966045166e-12,0.6846156648928252
US-8134259-B2,0.029752637951911434,0.0,1.7782316966045166e-12,0.6928685583569458
US-8242642-B2,0.029752637951911434,0.0,1.7782316966045166e-12,0.6752002846964137
US-8253282-B2,0.029752637951911434,0.0,1.7782316966045166e-12,0.7090067494682378
US-8398570-B2,0.029752637951911434,0.0,1.7782316966045166e-12,0.7068927065913024
US-8400027-B2,0.029752637951911434,0.0,1.7782316966045166e-12,0.7158643277329975
US-8461728-B2,0.029752637951911434,0.0,1.7782316966045166e-12,0.7019834514525478
US-8492938-B2,0.029752637951911434,0.0,1.7782316966045166e-12,0.7086590849030889
US-8502864-B1,0.029752637951911434,0.0,1.7782316966045166e-12,0.7128793663873594
US-8598750-B2,0.029752637951911434,0.0,1.7782316966045166e-12,0.7091783174995113
US-8669679-B2,0.029752637951911434,0.0,1.7782316966045166e-12,0.7012471327363922
US-8767996-B1,0.029752637951911434,0.0,1.7782316966045166e-12,0.7082452763975566
US-8797295-B2,0.029752637951911434,0.0,1.7782316966045166e-12,0.7113237619014569
US-8860262-B2,0.029752637951911434,0.0,1.7782316966045166e-12,0.6945748259540636
US-8860263-B2,0.029752637951911434,0.0,1.7782316966045166e-12,0.693603341002009
US-8892233-B1,0.029752637951911434,0.0,1.7782316966045166e-12,0.7165215309879249
US-8963695-B2,0.029752637951911434,0.0,1.7782316966045166e-12,0.7064501212193471
US-8977376-B1,0.029752637951911434,0.0,1.7782316966045166e-12,0.7097040066783203
US-9106986-B2,0.029752637951911434,0.0,1.7782316966045166e-12,0.7273370184414261
US-9107011-B2,0.029752637951911434,0.0,1.7782316966045166e-12,0.7039102766664005
US-9110536-B2,0.029752637951911434,0.0,1.7782316966045166e-12,0.7065302749999569
US-9201458-B2,0.029752637951911434,0.0,1.7782316966045166e-12,0.7314272752857048
US-9263983-B2,0.029752637951911434,0.0,1.7782316966045166e-12,0.6940782629003188
US-9277320-B1,0.029752637951911434,0.0,1.7782316966045166e-12,0.7014803028324299
US-9277334-B1,0.029752637951911434,0.0,1.7782316966045166e-12,0.760858187855662
US-9306429-B2,0.029752637951911434,0.0,1.7782316966045166e-12,0.6922927450935858
US-9312744-B2,0.029752637951911434,0.0,1.7782316966045166e-12,0.6994639666402155
US-9430921-B2,0.029752637951911434,0.0,1.7782316966045166e-12,0.729725539209039
US-9535501-B1,0.029752637951911434,0.0,1.7782316966045166e-12,0.7117876039662919
US-9548646-B2,0.029752637951911434,0.0,1.7782316966045166e-12,0.6911492372238952
US-9590463-B2,0.029752637951911434,0.0,1.7782316966045166e-12,0.7072279979524323
US-9594429-B2,0.029752637951911434,0.0,1.7782316966045166e-12,0.7143306067534949
US-9608506-B2,0.029752637951911434,0.0,1.7782316966045166e-12,0.6890497757607099
US-9630213-B2,0.029752637951911434,0.0,1.7782316966045166e-12,0.686119561531488
US-9652040-B2,0.029752637951911434,0.0,1.7782316966045166e-12,0.7152086800764487
US-9680672-B2,0.029752637951911434,0.0,1.7782316966045166e-12,0.6915155359785552
US-9748827-B2,0.029752637951911434,0.0,1.7782316966045166e-12,0.6965610707513735
US-9815085-B2,0.029752637951911434,0.0,1.7782316966045166e-12,0.7066738281682414
US-9830782-B2,0.029752637951911434,0.0,1.7782316966045166e-12,0.7163402111685523
US-9850957-B2,0.029752637951911434,0.0,1.7782316966045166e-12,0.7120523097868905
US-9928950-B2,0.029752637951911434,0.0,1.7782316966045166e-12,0.6876698865227266
US-9936273-B2,0.029752637951911434,0.0,1.7782316966045166e-12,0.7343947979104751
US-9966825-B2,0.029752637951911434,0.0,1.7782316966045166e-12,0.6945606294470824
WO-2006001436-A1,0.029752637951911434,0.0,1.7782316966045166e-12,0.7142388800945243
WO-2012173669-A2,0.029752637951911434,0.0,1.7782316966045166e-12,0.7142388800945243
WO-2013134388-A1,0.03528801245459263,0.0001759103641456585,9.448843108540026e-12,0.7142388800945243
WO-2014031756-A2,0.029752637951911434,0.0,1.7782316966045166e-12,0.7142388800945243
WO-2014147946-A1,0.029752637951911434,0.0,1.7782316966045166e-12,0.7142388800945243
WO-2014179969-A1,0.029752637951911434,0.0,1.7782316966045166e-12,0.7142388800945243
WO-2016007920-A1,0.029752637951911434,0.0,1.7782316966045166e-12,0.7142388800945243
EP-1886711-B1,0.047569624632416534,2.1141266121723497e-05,4.1798915857521836e-05,0.7142388800945243
EP-3305173-A1,0.0397855042380211,0.0,1.4500011820376373e-05,0.7142388800945243
EP-3679851-A1,0.0397855042380211,0.0,1.4500011820376373e-05,0.7141242590312263
EP-3845192-A1,0.0397855042380211,0.0,1.4500011820376373e-05,0.7142388800945243
EP-3845193-A1,0.0397855042380211,0.0,1.4500011820376373e-05,0.7142388800945243
US-10092738-B2,0.047569624632416534,2.1141266121723497e-05,4.1798915857521836e-05,0.7295203798334071
US-10159487-B2,0.0397855042380211,0.0,1.4500011820376373e-05,0.7546088425073415
US-10179024-B2,0.047569624632416534,2.1141266121723497e-05,4.1798915857521836e-05,0.7582505111543373
US-10206682-B2,0.047569624632416534,2.1141266121723497e-05,4.1798915857521836e-05,0.7536806434110574
US-10245069-B2,0.059851236810240446,7.342221722655446e-05,0.00012303481098668062,0.7763209396794136
US-10492788-B2,0.047569624632416534,2.1141266121723497e-05,4.1798915857521836e-05,0.7844401528937994
US-10517600-B2,0.047569624632416534,2.1183633388500496e-05,4.1798915857521836e-05,0.7498792635589813
US-10569071-B2,0.047569624632416534,2.1141266121723497e-05,4.1798915857521836e-05,0.7909496581160906
US-10607738-B2,0.0397855042380211,0.0,1.4500011820376373e-05,0.7781892951967805
US-10639104-B1,0.0397855042380211,0.0,1.4500011820376373e-05,0.8030651329203096
US-10716564-B2,0.047569624632416534,2.1141266121723497e-05,4.1798915857521836e-05,0.775021010984559
US-10722301-B2,0.0397855042380211,0.0,1.4500011820376373e-05,0.7448627157557773
US-10751117-B2,0.047569624632416534,2.1141266121723497e-05,4.1798915857521836e-05,0.7523399938541918
US-10779831-B2,0.047569624632416534,2.1141266121723497e-05,4.1798915857521836e-05,0.7430063539812274
US-10792034-B2,0.059851236810240446,7.342221722655446e-05,0.00012303481098668062,0.7931552146804475
US-10856928-B2,0.047569624632416534,2.1141266121723497e-05,4.1798915857521836e-05,0.8109634191420205
US-10925598-B2,0.059851236810240446,7.342221722655446e-05,0.00012303481098668062,0.783672447688465
US-11033272-B2,0.047569624632416534,2.1141266121723497e-05,4.1798915857521836e-05,0.7380672885260233
US-11051876-B2,0.059851236810240446,7.356935593843132e-05,0.00012303481098668062,0.7968054124343928
US-11751877-B2,0.0397855042380211,0.0,1.4500011820376373e-05,0.762082502128857
US-11864764-B2,0.0397855042380211,0.0,1.4500011820376373e-05,0.762082502128857
US-2005277998-A1,0.047569624632416534,2.1183633388500496e-05,4.1798915857521836e-05,0.7403023322595366
US-2006195146-A1,0.047569624632416534,2.1141266121723497e-05,4.1798915857521836e-05,0.7417524124693554
US-2006195153-A1,0.047569624632416534,2.1141266121723497e-05,4.1798915857521836e-05,0.7385584943827995
US-2007113860-A1,0.0397855042380211,0.0,1.4500011820376373e-05,0.8016669705880832
US-2007185541-A1,0.047569624632416534,2.1141266121723497e-05,4.1798915857521836e-05,0.7820406759921971
US-2008132962-A1,0.047569624632416534,2.1183633388500496e-05,4.1798915857521836e-05,0.7451061957966106
US-2008147146-A1,0.047569624632416534,2.1141266121723497e-05,4.1798915857521836e-05,0.7407306021089998
US-2008312498-A1,0.0397855042380211,0.0,1.4500011820376373e-05,0.7844264525088389
US-2009062792-A1,0.047569624632416534,2.1183633388500496e-05,4.1798915857521836e-05,0.760152624294322
US-2009132018-A1,0.047569624632416534,2.1141266121723497e-05,4.1798915857521836e-05,0.7274294218030548
US-2009135280-A1,0.0397855042380211,0.0,1.4500011820376373e-05,0.7396481927965319
US-2009137868-A1,0.0397855042380211,0.0,1.4500011820376373e-05,0.7311979509811587
US-2009137893-A1,0.0397855042380211,0.0,1.4500011820376373e-05,0.7351042485156127
US-2009149918-A1,0.047569624632416534,2.1183633388500496e-05,4.1798915857521836e-05,0.7520076144287023
US-2009157149-A1,0.047569624632416534,2.1141266121723497e-05,4.1798915857521836e-05,0.733169207513639
US-2010161001-A1,0.047569624632416534,2.1141266121723497e-05,4.1798915857521836e-05,0.7149225994770381
US-2010161005-A1,0.047569624632416534,2.1141266121723497e-05,4.1798915857521836e-05,0.7185078574929257
US-2010191267-A1,0.047569624632416534,2.1141266121723497e-05,4.1798915857521836e-05,0.7720431366150303
US-2010239648-A1,0.047569624632416534,2.1141266121723497e-05,4.1798915857521836e-05,0.7656252471430331
US-2011094773-A1,0.047569624632416534,2.1141266121723497e-05,4.1798915857521836e-05,0.7210065893050847
US-2011118708-A1,0.047569624632416534,2.1141266121723497e-05,4.1798915857521836e-05,0.7608159974040154
US-2012150192-A1,0.047569624632416534,2.1141266121723497e-05,4.1798915857521836e-05,0.7398278153098923
US-2012209314-A1,0.050164331430548346,0.001580858554835345,9.571958268237294e-05,0.7810276888544436
US-2012245576-A1,0.0397855042380211,0.0,1.4500011820376373e-05,0.7865258223331674
US-2013105545-A1,0.047569624632416534,2.1141266121723497e-05,4.1798915857521836e-05,0.7809385510206306
US-2013105552-A1,0.047569624632416534,2.1141266121723497e-05,4.1798915857521836e-05,0.7728247619461383
US-2013146643-A1,0.047569624632416534,2.1141266121723497e-05,4.1798915857521836e-05,0.7715839980804526
US-2013221065-A1,0.047569624632416534,2.1141266121723497e-05,4.1798915857521836e-05,0.7306598980933835
US-2013256377-A1,0.047569624632416534,2.1141266121723497e-05,4.1798915857521836e-05,0.7518838983080915
US-2014066717-A1,0.059851236810240446,7.342221722655446e-05,0.00012303481098668062,0.7763209396794136
US-2014121678-A1,0.047569624632416534,2.1141266121723497e-05,4.1798915857521836e-05,0.7674591161016143
US-2014253684-A1,0.0397855042380211,0.0,1.4500011820376373e-05,0.7855580400679584
US-2014268046-A1,0.0397855042380211,0.0,1.4500011820376373e-05,0.7426956353684784
US-2015129634-A1,0.047569624632416534,2.1183633388500496e-05,4.1798915857521836e-05,0.7725579536822362
US-2015133995-A1,0.047569624632416534,2.1141266121723497e-05,4.1798915857521836e-05,0.7758691231083462
US-2015133996-A1,0.047569624632416534,2.1183633388500496e-05,4.1798915857521836e-05,0.7780411039239148
US-2015134076-A1,0.047569624632416534,2.1141266121723497e-05,4.1798915857521836e-05,0.773992649097555
US-2015134077-A1,0.047569624632416534,2.1141266121723497e-05,4.1798915857521836e-05,0.7696932656018783
US-2015238268-A1,0.047569624632416534,2.1141266121723497e-05,4.1798915857521836e-05,0.7810727844914582
US-2015257841-A1,0.047569624632416534,2.1141266121723497e-05,4.1798915857521836e-05,0.7704228761137331
US-2015257842-A1,0.047569624632416534,2.1141266121723497e-05,4.1798915857521836e-05,0.7702849465287894
US-2015272575-A1,0.047569624632416534,2.1141266121723497e-05,4.1798915857521836e-05,0.7880787474582069
US-2015282736-A1,0.0397855042380211,0.0,1.4500011820376373e-05,0.7973154702695976
US-2015351758-A1,0.047569624632416534,2.1183633388500496e-05,4.1798915857521836e-05,0.7753155962421789
US-2016015469-A1,0.05258605777547137,0.008333479705288083,4.174929666524641e-05,0.7777469032847382
US-2016128782-A1,0.0397855042380211,0.0,1.4500011820376373e-05,0.7891978059051742
US-2016256071-A1,0.047569624632416534,2.1141266121723497e-05,4.1798915857521836e-05,0.7568743998564779
US-2016262761-A1,0.047569624632416534,2.1183633388500496e-05,4.1798915857521836e-05,0.7498792635589813
US-2016303743-A1,0.15187683791731535,0.004231487609795712,0.000358916241596215,0.7727111776781856
US-2016324523-A1,0.0397855042380211,0.0,1.4500011820376373e-05,0.7430063539812274
US-2016331473-A1,0.05275903822868016,3.8134376069990745e-05,9.615284123476944e-05,0.8145145657412802
US-2017035425-A1,0.047569624632416534,2.1141266121723497e-05,4.1798915857521836e-05,0.7380672885260233
US-2017055819-A1,0.059851236810240446,7.342221722655446e-05,0.00012303481098668062,0.793429627052675
US-2017071693-A1,0.047569624632416534,2.1141266121723497e-05,4.1798915857521836e-05,0.7771918111642162
US-2017128041-A1,0.059851236810240446,7.342221722655446e-05,0.00012303481098668062,0.798015200177271
US-2017128144-A1,0.059851236810240446,7.342221722655446e-05,0.00012303481098668062,0.798015200177271
US-2017128145-A1,0.059851236810240446,7.342221722655446e-05,0.00012303481098668062,0.798015200177271
US-2017202591-A1,0.047569624632416534,2.1141266121723497e-05,4.1798915857521836e-05,0.7998359651415701
US-2017251900-A1,0.059851236810240446,7.342221722655446e-05,0.00012303481098668062,0.7774075058681147
US-2017265866-A1,0.05189413596263622,0.0003938603371068839,4.300986124068685e-05,0.7677043075836063
US-2018028187-A1,0.0397855042380211,0.0,1.4500011820376373e-05,0.7546088425073415
US-2018049820-A1,0.047569624632416534,2.1141266121723497e-05,4.1798915857521836e-05,0.7693717332888682
US-2018049821-A1,0.05275903822868016,3.8134376069990745e-05,9.615284123476944e-05,0.7693717332888682
US-2018146839-A1,0.0397855042380211,0.0,1.4500011820376373e-05,0.7672701844304737
US-2018168757-A1,0.0397855042380211,0.0,1.4500011820376373e-05,0.8270467035275813
US-2018177556-A1,0.059851236810240446,7.342221722655446e-05,0.00012303481098668062,0.7730005675076739
US-2018256008-A1,0.052932018681888945,4.0055634595224183e-05,9.625865756655006e-05,0.7715996887771462
US-2018353174-A1,0.047569624632416534,2.1141266121723497e-05,4.1798915857521836e-05,0.771988994776284
US-2019099209-A1,0.047569624632416534,2.1183633388500496e-05,4.1798915857521836e-05,0.754931597870074
US-2019125431-A1,0.047569624632416534,2.1141266121723497e-05,4.1798915857521836e-05,0.8031621668276567
US-2019125457-A1,0.03995848469122989,3.1532329763435735e-08,1.4604253506768384e-05,0.7935560758073648
US-2019200844-A1,0.059851236810240446,7.342221722655446e-05,0.00012303481098668062,0.7872595247080367
US-2019200905-A1,0.047569624632416534,2.1141266121723497e-05,4.1798915857521836e-05,0.793048754898388
US-2019200981-A1,0.059851236810240446,7.342221722655446e-05,0.00012303481098668062,0.7972533486011862
US-2019201046-A1,0.059851236810240446,7.342221722655446e-05,0.00012303481098668062,0.7317923370366132
US-2019201088-A1,0.059851236810240446,7.342221722655446e-05,0.00012303481098668062,0.7472107842228538
US-2019201114-A1,0.059851236810240446,7.342221722655446e-05,0.00012303481098668062,0.781399690647856
US-2019201136-A1,0.059851236810240446,7.342221722655446e-05,0.00012303481098668062,0.773714360504746
US-2019201140-A1,0.059851236810240446,7.356935593843132e-05,0.00012303481098668062,0.8000531678262933
US-2019204201-A1,0.059851236810240446,7.342221722655446e-05,0.00012303481098668062,0.8043366885738766
US-2019206004-A1,0.059851236810240446,7.356935593843132e-05,0.00012303481098668062,0.7823054136995156
US-2019206050-A1,0.047569624632416534,2.1141266121723497e-05,4.1798915857521836e-05,0.7852515832920847
US-2019206555-A1,0.059851236810240446,7.342221722655446e-05,0.00012303481098668062,0.7964984341373126
US-2019207857-A1,0.059851236810240446,7.356935593843132e-05,0.00012303481098668062,0.7737461918851539
US-2019290247-A1,0.05275903822868016,3.8134376069990745e-05,9.615284123476944e-05,0.76345728719849
US-2019307331-A1,0.0397855042380211,0.0,1.4500011820376373e-05,0.738471349935206
US-2020000530-A1,0.059851236810240446,7.342221722655446e-05,0.00012303481098668062,0.8042305557914088
US-2020015668-A1,0.059851236810240446,7.342221722655446e-05,0.00012303481098668062,0.7180812322662158
US-2020015897-A1,0.059851236810240446,7.342221722655446e-05,0.00012303481098668062,0.7823725168483897
US-2020015898-A1,0.062272963155163466,0.0018981272718858677,0.00012344229716630768,0.7767975671119376
US-2020015899-A1,0.059851236810240446,7.342221722655446e-05,0.00012303481098668062,0.7931552146804475
US-2020015900-A1,0.059851236810240446,7.342221722655446e-05,0.00012303481098668062,0.7786574947956714
US-2020015901-A1,0.059851236810240446,7.342221722655446e-05,0.00012303481098668062,0.7865786082820816
US-2020015902-A1,0.059851236810240446,7.342221722655446e-05,0.00012303481098668062,0.7899279400069236
US-2020015903-A1,0.059851236810240446,7.342221722655446e-05,0.00012303481098668062,0.7931473359763122
US-2020015906-A1,0.059851236810240446,7.342221722655446e-05,0.00012303481098668062,0.7878279939315359
US-2020015907-A1,0.059851236810240446,7.342221722655446e-05,0.00012303481098668062,0.7871260904319615
US-2020015914-A1,0.059851236810240446,7.342221722655446e-05,0.00012303481098668062,0.7737803356173257
US-2020015923-A1,0.06071613907628438,0.0009384741203407423,0.00012303526263207406,0.7931552146804475
US-2020015924-A1,0.06400276768725134,0.00048711256643170053,0.00012387217759722712,0.7872844771447801
US-2020015925-A1,0.059851236810240446,7.342221722655446e-05,0.00012303481098668062,0.7558243400568099
US-2020078109-A1,0.047569624632416534,2.1141266121723497e-05,4.1798915857521836e-05,0.7842646709598566
US-2020085516-A1,0.1963328143919737,0.01071050160104125,0.0005825536724518268,0.8049509647695593
US-2020100855-A1,0.1771319840857983,0.007596966286714597,0.0004757571467655461,0.8062793679303173
US-2020170720-A1,0.1963328143919737,0.01071050160104125,0.0005825536724518268,0.746993075929615
US-2020188041-A1,0.0397855042380211,0.0,1.4500011820376373e-05,0.7564217375851751
US-2020188043-A1,0.1963328143919737,0.01071050160104125,0.0005825536724518268,0.7797032474911217
US-2020222146-A1,0.0397855042380211,0.0,1.4500011820376373e-05,0.7881785364444771
US-2020229866-A1,0.03995848469122989,8.92447960399603e-07,1.4605828152156994e-05,0.7494049061931418
US-2020297403-A1,0.0397855042380211,0.0,1.4500011820376373e-05,0.7528262268259929
US-2020315723-A1,0.1963328143919737,0.01071050160104125,0.0005825536724518268,0.767998523681651
US-2020391053-A1,0.0397855042380211,0.0,1.4500011820376373e-05,0.7778184102387725
US-2021085410-A1,0.059851236810240446,7.356935593843132e-05,0.00012303481098668062,0.7807281926593242
US-2021196108-A1,0.059851236810240446,7.342221722655446e-05,0.00012303481098668062,0.7817689391579623
US-2021196109-A1,0.059851236810240446,7.342221722655446e-05,0.00012303481098668062,0.7954863299486672
US-2021196381-A1,0.059851236810240446,7.342221722655446e-05,0.00012303481098668062,0.8009169292648869
US-2021196383-A1,0.059851236810240446,7.342221722655446e-05,0.00012303481098668062,0.8077668915986773
US-2021196384-A1,0.06054315862307559,0.0002941809512772774,0.00012305808431313812,0.7860911570817531
US-2021196385-A1,0.059851236810240446,7.342221722655446e-05,0.00012303481098668062,0.8204036419555346
US-2021196386-A1,0.059851236810240446,7.342221722655446e-05,0.00012303481098668062,0.8097852112716843
US-2021196423-A1,0.06555959176613042,0.0011276573498762367,0.00012443380183452255,0.7737255521752996
US-2021196424-A1,0.059851236810240446,7.342221722655446e-05,0.00012303481098668062,0.784020827184388
US-2021199557-A1,0.06555959176613042,0.0011276573498762367,0.00012443380183452255,0.786407065007503
US-2021289189-A1,0.0397855042380211,0.0,1.4500011820376373e-05,0.7862040213512442
US-2021307687-A1,0.0397855042380211,0.0,1.4500011820376373e-05,0.7084180831283547
US-2022192758-A1,0.0397855042380211,0.0,1.4500011820376373e-05,0.798012957505984
US-2022218435-A1,0.0397855042380211,0.0,1.4500011820376373e-05,0.7881110757003176
US-2022395342-A1,0.0397855042380211,0.0,1.4500011820376373e-05,0.7406363632510041
US-2023015694-A1,0.0397855042380211,0.0,1.4500011820376373e-05,0.7464289554069496
US-2023096406-A1,0.0397855042380211,0.0,1.4500011820376373e-05,0.7834671628422462
US-2023097906-A1,0.0397855042380211,0.0,1.4500011820376373e-05,0.7834223452204035
US-2023098670-A1,0.0397855042380211,0.0,1.4500011820376373e-05,0.7834223452204035
US-2023116781-A1,0.0397855042380211,0.0,1.4500011820376373e-05,0.7834223452204035
US-5188104-A,0.047569624632416534,2.1141266121723497e-05,4.1798915857521836e-05,0.7277068224819647
US-5231988-A,0.047569624632416534,2.1141266121723497e-05,4.1798915857521836e-05,0.732488933539183
US-5256149-A,0.047569624632416534,2.1141266121723497e-05,4.1798915857521836e-05,0.7733079282192683
US-5263480-A,0.047569624632416534,2.1183633388500496e-05,4.1798915857521836e-05,0.7277584655541819
US-5540730-A,0.047569624632416534,2.1141266121723497e-05,4.1798915857521836e-05,0.7233247518092268
US-5558671-A,0.047569624632416534,2.1141266121723497e-05,4.1798915857521836e-05,0.7458605687759853
US-6086528-A,0.047569624632416534,2.1183633388500496e-05,4.1798915857521836e-05,0.7708872988014949
US-6332089-B1,0.0397855042380211,0.0,1.4500011820376373e-05,0.8016128700013119
US-6471172-B1,0.0397855042380211,0.0,1.4500011820376373e-05,0.7885903803553991
US-7143925-B2,0.047569624632416534,2.1141266121723497e-05,4.1798915857521836e-05,0.7526471639518156
US-7585290-B2,0.047569624632416534,2.1141266121723497e-05,4.1798915857521836e-05,0.7900190473338566
US-7601118-B2,0.047569624632416534,2.1141266121723497e-05,4.1798915857521836e-05,0.7608774549419663
US-8068649-B2,0.059851236810240446,7.342221722655446e-05,0.00012303481098668062,0.7559183704471366
US-8317070-B2,0.047569624632416534,2.1141266121723497e-05,4.1798915857521836e-05,0.7677606143483307
US-8352026-B2,0.047569624632416534,2.1141266121723497e-05,4.1798915857521836e-05,0.7385388022372491
US-8393514-B2,0.047569624632416534,2.1141266121723497e-05,4.1798915857521836e-05,0.7697002230791633
US-8465417-B2,0.0397855042380211,0.0,1.4500011820376373e-05,0.7311979509811587
US-8517933-B2,0.059851236810240446,7.342221722655446e-05,0.00012303481098668062,0.7769970301946872
US-8545515-B2,0.059851236810240446,7.342221722655446e-05,0.00012303481098668062,0.7950564880934705
US-8551115-B2,0.08389551980626189,0.0044180175423989216,0.00018478310284993367,0.7944471180671637
US-8623028-B2,0.059851236810240446,7.356935593843132e-05,0.00012303481098668062,0.79298513869842
US-8632462-B2,0.047569624632416534,2.1183633388500496e-05,4.1798915857521836e-05,0.762865290790901
US-8636751-B2,0.047569624632416534,2.1141266121723497e-05,4.1798915857521836e-05,0.7545211328016734
US-8734478-B2,0.047569624632416534,2.1141266121723497e-05,4.1798915857521836e-05,0.7726947366893345
US-8753338-B2,0.047569624632416534,2.1183633388500496e-05,4.1798915857521836e-05,0.787565848729791
US-8771180-B2,0.059851236810240446,7.342221722655446e-05,0.00012303481098668062,0.7769970301946872
US-8812100-B2,0.047569624632416534,2.1141266121723497e-05,4.1798915857521836e-05,0.7381142982146465
US-8831782-B2,0.059851236810240446,7.342221722655446e-05,0.00012303481098668062,0.7932283454264841
US-8888789-B2,0.059851236810240446,7.342221722655446e-05,0.00012303481098668062,0.795642548895164
US-8919348-B2,0.047569624632416534,2.1141266121723497e-05,4.1798915857521836e-05,0.7988978563385523
US-8961406-B2,0.047569624632416534,2.1141266121723497e-05,4.1798915857521836e-05,0.7895782951405809
US-9044606-B2,0.047569624632416534,2.1141266121723497e-05,4.1798915857521836e-05,0.7447442931023956
US-9072535-B2,0.047569624632416534,2.1141266121723497e-05,4.1798915857521836e-05,0.7759717061121882
US-9072536-B2,0.047569624632416534,2.1141266121723497e-05,4.1798915857521836e-05,0.7600397764075564
US-9204879-B2,0.047569624632416534,2.1141266121723497e-05,4.1798915857521836e-05,0.7598882796257448
US-9216062-B2,0.047569624632416534,2.1141266121723497e-05,4.1798915857521836e-05,0.7479362232854919
US-9254178-B2,0.059851236810240446,7.342221722655446e-05,0.00012303481098668062,0.7950564880934705
US-9274047-B2,0.059851236810240446,7.342221722655446e-05,0.00012303481098668062,0.7205711344154117
US-9283050-B2,0.059851236810240446,7.342221722655446e-05,0.00012303481098668062,0.795642548895164
US-9320416-B2,0.059851236810240446,7.342221722655446e-05,0.00012303481098668062,0.7874405982716703
US-9339341-B2,0.059851236810240446,7.342221722655446e-05,0.00012303481098668062,0.7760536540109871
US-9358074-B2,0.059851236810240446,7.342221722655446e-05,0.00012303481098668062,0.7874423858253587
US-9393017-B2,0.047569624632416534,2.1141266121723497e-05,4.1798915857521836e-05,0.7466530802394282
US-9561038-B2,0.047569624632416534,2.1141266121723497e-05,4.1798915857521836e-05,0.7764549224168636
US-9572481-B2,0.059851236810240446,7.342221722655446e-05,0.00012303481098668062,0.7680214512566811
US-9636186-B2,0.059851236810240446,7.342221722655446e-05,0.00012303481098668062,0.8000798689619247
US-9757128-B2,0.047569624632416534,2.1183633388500496e-05,4.1798915857521836e-05,0.7372823319585646
US-9833254-B1,0.0397855042380211,0.0,1.4500011820376373e-05,0.8039564784014293
US-9962161-B2,0.047569624632416534,2.1141266121723497e-05,4.1798915857521836e-05,0.7513349517280318
WO-0211639-A1,0.0397855042380211,0.0,1.4500011820376373e-05,0.7142388800945243
WO-2012007052-A1,0.047569624632416534,2.1141266121723497e-05,4.1798915857521836e-05,0.7142388800945243
WO-2014151621-A1,0.059851236810240446,7.342221722655446e-05,0.00012303481098668062,0.7142388800945243
WO-2015142814-A1,0.047569624632416534,2.1183633388500496e-05,4.1798915857521836e-05,0.7142388800945243
WO-2015148378-A1,0.0397855042380211,0.0,1.4500011820376373e-05,0.7143748803527328
WO-2015153636-A1,0.047569624632416534,2.1141266121723497e-05,4.1798915857521836e-05,0.7142388800945243
WO-2015153642-A1,0.047569624632416534,2.1183633388500496e-05,4.1798915857521836e-05,0.7142388800945243
WO-2016144937-A1,0.047569624632416534,2.1141266121723497e-05,4.1798915857521836e-05,0.7142388800945243
WO-2016144998-A1,0.047569624632416534,2.1141266121723497e-05,4.1798915857521836e-05,0.7142388800945243
WO-2016183054-A1,0.047569624632416534,2.1141266121723497e-05,4.1798915857521836e-05,0.7142388800945243
WO-2016205266-A1,0.047569624632416534,2.1141266121723497e-05,4.1798915857521836e-05,0.7142388800945243
WO-2016205452-A1,0.047569624632416534,2.1141266121723497e-05,4.1798915857521836e-05,0.7142388800945243
WO-2016209769-A1,0.047569624632416534,2.1141266121723497e-05,4.1798915857521836e-05,0.7142388800945243
WO-2017044406-A1,0.047569624632416534,2.1141266121723497e-05,4.1798915857521836e-05,0.7142388800945243
WO-2017053358-A1,0.047569624632416534,2.1141266121723497e-05,4.1798915857521836e-05,0.7142388800945243
WO-2017053363-A1,0.047569624632416534,2.1141266121723497e-05,4.1798915857521836e-05,0.7142388800945243
WO-2017053507-A1,0.047569624632416534,2.1141266121723497e-05,4.1798915857521836e-05,0.7142388800945243
WO-2017053698-A1,0.047569624632416534,2.1141266121723497e-05,4.1798915857521836e-05,0.7142388800945243
WO-2017075121-A1,0.047569624632416534,2.1141266121723497e-05,4.1798915857521836e-05,0.7142388800945243
WO-2017116793-A1,0.047569624632416534,2.1141266121723497e-05,4.1798915857521836e-05,0.7141242590312263
WO-2018226050-A1,0.0397855042380211,0.0,1.4500011820376373e-05,0.7142388800945243
WO-2020243432-A1,0.0397855042380211,0.0,1.4500011820376373e-05,0.7142388800945243
US-11304760-B1,0.0008649022660439371,0.0,8.749255440856196e-07,0.7980992162559646
US-11357582-B1,0.03909358242518595,0.0005043702652697846,4.1253425769070655e-05,0.800945054961302
US-11389248-B1,0.0008649022660439371,0.0,8.749255440856196e-07,0.7927730486075929
US-2018333207-A1,0.009686905379692095,0.0033635882120224754,8.233325762028165e-05,0.7945126807121955
US-2019069962-A1,0.17246151184916106,0.009245098711241047,0.0008941295523376097,0.8098734652825049
US-2022031412-A1,0.0008649022660439371,0.0,8.749255440856196e-07,0.7693221338062729
US-2017151027-A1,0.0003459609064175748,0.0,2.253073332512502e-08,0.7854660857361996
US-2017312032-A1,0.0003459609064175748,0.0,2.253073332512502e-08,0.8000329507251188
CN-101579269-A,0.08597128524476734,0.0,0.00024008144301750127,0.7142388800945243
CN-101579269-B,0.08597128524476734,0.0,0.00024008144301750127,0.7142388800945243
CN-101700184-A,0.08597128524476734,0.0,0.00024008144301750127,0.7142388800945243
CN-101700184-B,0.08597128524476734,0.0,0.00024008144301750127,0.7142388800945243
CN-101853333-A,0.08597128524476734,0.0,0.00024008144301750127,0.7142388800945243
CN-101853333-B,0.08597128524476734,0.0,0.00024008144301750127,0.7142388800945243
CN-105101891-A,0.08597128524476734,0.0,0.00024008144301750127,0.7142388800945243
CN-105169570-A,0.08597128524476734,0.0,0.00024008144301750127,0.7142388800945243
CN-105208962-A,0.08597128524476734,0.0,0.00024008144301750127,0.7142388800945243
CN-107898594-A,0.08597128524476734,0.0,0.00024008144301750127,0.7142388800945243
CN-201422918-Y,0.08597128524476734,0.0,0.00024008144301750127,0.7142388800945243
CN-201542641-U,0.08597128524476734,0.0,0.00024008144301750127,0.7142388800945243
JP-2015533304-A,0.08597128524476734,0.0,0.00024008144301750127,0.7142388800945243
US-10004562-B2,0.08597128524476734,0.0,0.00024008144301750127,0.7925745978614066
US-10028722-B2,0.08597128524476734,0.0,0.00024008144301750127,0.7964905454477436
US-10028800-B2,0.08597128524476734,0.0,0.00024008144301750127,0.7573106526869918
US-10034753-B2,0.08597128524476734,0.0,0.00024008144301750127,0.8061347228804817
US-10076385-B2,0.08597128524476734,0.0,0.00024008144301750127,0.7854187133863371
US-10080509-B2,0.08597128524476734,0.0,0.00024008144301750127,0.8041119909544895
US-10080615-B2,0.08597128524476734,0.0,0.00024008144301750127,0.8127406961854758
US-10085786-B2,0.08597128524476734,0.0,0.00024008144301750127,0.7935946397462447
US-11219487-B2,0.08597128524476734,0.0,0.00024008144301750127,0.7721610325266136
US-2003173096-A1,0.08597128524476734,0.0,0.00024008144301750127,0.6989289222074485
US-2005149050-A1,0.08597128524476734,0.0,0.00024008144301750127,0.7883047582002277
US-2005171557-A1,0.08597128524476734,0.0,0.00024008144301750127,0.8377244508293757
US-2006036264-A1,0.08597128524476734,0.0,0.00024008144301750127,0.7878307079393727
US-2006142657-A1,0.3679294239750908,0.03181105416492038,0.029590404479738736,0.8139832378526674
US-2007058406-A1,0.08597128524476734,0.0,0.00024008144301750127,0.7021668553088561
US-2007093689-A1,0.08597128524476734,0.0,0.00024008144301750127,0.8144803827706377
US-2007156157-A1,0.08597128524476734,0.0,0.00024008144301750127,0.7879202345937875
US-2007250078-A1,0.08597128524476734,0.0,0.00024008144301750127,0.7816435747152671
US-2008004634-A1,0.08597128524476734,0.0,0.00024008144301750127,0.7855046133698295
US-2008058837-A1,0.08597128524476734,0.0,0.00024008144301750127,0.8144803827706377
US-2008071374-A1,0.08597128524476734,0.0,0.00024008144301750127,0.8144803827706377
US-2008108994-A1,0.08597128524476734,0.0,0.00024008144301750127,0.8144803827706377
US-2008114376-A1,0.08597128524476734,0.0,0.00024008144301750127,0.8144803827706377
US-2008147188-A1,0.08597128524476734,0.0,0.00024008144301750127,0.8144803827706377
US-2008281332-A1,0.08597128524476734,0.0,0.00024008144301750127,0.7789040008960438
US-2009182348-A1,0.08597128524476734,0.0,0.00024008144301750127,0.787443691668492
US-2010137871-A1,0.08597128524476734,0.0,0.00024008144301750127,0.7949706545630124
US-2010204714-A1,0.08597128524476734,0.0,0.00024008144301750127,0.8005952611136942
US-2010241129-A1,0.08597128524476734,0.0,0.00024008144301750127,0.7676739847241182
US-2011015649-A1,0.08666320705760248,0.000527028798151176,0.00024059762762045553,0.8040206416957505
US-2011066160-A1,0.08597128524476734,0.0,0.00024008144301750127,0.7763114540190256
US-2011092859-A1,0.08597128524476734,0.0,0.00024008144301750127,0.7872676511837384
US-2011306873-A1,0.145649541601799,0.01292237987759008,0.00047175542575256566,0.8003131044392543
US-2012046665-A1,0.08597128524476734,0.0,0.00024008144301750127,0.7797141185635093
US-2012209117-A1,0.08597128524476734,0.0,0.00024008144301750127,0.7701778317163032
US-2012283747-A1,0.19304618578100674,0.013012156672596545,0.0005583615246088686,0.7727257710075015
US-2013004918-A1,0.08597128524476734,0.0,0.00024008144301750127,0.7914389844760623
US-2013307955-A1,0.101712506486767,0.003036124702034745,0.0002995214300609563,0.7717854337317684
US-2013345718-A1,0.08597128524476734,0.0,0.00024008144301750127,0.763878431242358
US-2014031722-A1,0.08597128524476734,0.0,0.00024008144301750127,0.7760711715043291
US-2014052150-A1,0.10984258778758,0.002877579592852398,0.00030147213615333535,0.7654230760971855
US-2014058406-A1,0.08597128524476734,0.0,0.00024008144301750127,0.7821519051522273
US-2014135791-A1,0.15032001383843627,0.0017870189933504325,0.0008322145381611528,0.77616055809486
US-2014135796-A1,0.08597128524476734,0.0,0.00024008144301750127,0.7644405695459224
US-2014180290-A1,0.09496626881162429,0.0030157039556224082,0.0002719586605706764,0.7927602395646164
US-2014222012-A1,0.08597128524476734,0.0,0.00024008144301750127,0.7738371195781951
US-2014257296-A1,0.08597128524476734,0.0,0.00024008144301750127,0.7794305211754906
US-2014275955-A1,0.08597128524476734,0.0,0.00024008144301750127,0.7889648374443462
US-2014309560-A1,0.08597128524476734,0.0,0.00024008144301750127,0.7485928156223614
US-2014316436-A1,0.08597128524476734,0.0,0.00024008144301750127,0.813601386622739
US-2014360305-A1,0.08597128524476734,0.0,0.00024008144301750127,0.7368179456039062
US-2014371577-A1,0.08597128524476734,0.0,0.00024008144301750127,0.7908406735713476
US-2014378999-A1,0.08597128524476734,0.0,0.00024008144301750127,0.8263033206887925
US-2015031985-A1,0.08597128524476734,0.0,0.00024008144301750127,0.7509216558116328
US-2015032164-A1,0.08597128524476734,0.0,0.00024008144301750127,0.8263033206887925
US-2015066043-A1,0.08597128524476734,0.0,0.00024008144301750127,0.7334830075043282
US-2015100066-A1,0.08597128524476734,0.0,0.00024008144301750127,0.7880569829169984
US-2015112344-A1,0.08597128524476734,0.0,0.00024008144301750127,0.7970463536616871
US-2015142372-A1,0.08597128524476734,0.0,0.00024008144301750127,0.7669448479364503
US-2015182285-A1,0.08597128524476734,0.0,0.00024008144301750127,0.781243319016242
US-2015196326-A1,0.08597128524476734,0.0,0.00024008144301750127,0.7868097721729737
US-2015196365-A1,0.08597128524476734,0.0,0.00024008144301750127,0.8053012984664987
US-2015202009-A1,0.08597128524476734,0.0,0.00024008144301750127,0.7544118916758691
US-2015209056-A1,0.09565819062445943,0.00034374819764766435,0.00029592830312985974,0.7854187133863371
US-2015209119-A1,0.08597128524476734,0.0,0.00024008144301750127,0.7722899188282284
US-2015223897-A1,0.08597128524476734,0.0,0.00024008144301750127,0.7727162750730372
US-2015223906-A1,0.08597128524476734,0.0,0.00024008144301750127,0.7884854382511585
US-2015238206-A1,0.08597128524476734,0.0,0.00024008144301750127,0.7957373796147745
US-2015272696-A1,0.08597128524476734,0.0,0.00024008144301750127,0.8081137577081581
US-2015289992-A1,0.08597128524476734,0.0,0.00024008144301750127,0.7687617997405087
US-2015305817-A1,0.08597128524476734,0.0,0.00024008144301750127,0.7925745978614066
US-2015313684-A1,0.08597128524476734,0.0,0.00024008144301750127,0.8031932507489549
US-2015327948-A1,0.08597128524476734,0.0,0.00024008144301750127,0.7258109368493793
US-2015335386-A1,0.08597128524476734,0.0,0.00024008144301750127,0.7944565638439135
US-2015351860-A1,0.08597128524476734,0.0,0.00024008144301750127,0.7990735200643108
US-2015366624-A1,0.08597128524476734,0.0,0.00024008144301750127,0.7796423749650299
US-2016000512-A1,0.08597128524476734,0.0,0.00024008144301750127,0.7840920388897131
US-2016008011-A1,0.08597128524476734,0.0,0.00024008144301750127,0.8117842673074303
US-2016030117-A1,0.08597128524476734,0.0,0.00024008144301750127,0.7742378111719399
US-2016038238-A1,0.08597128524476734,0.0,0.00024008144301750127,0.7855296133224087
US-2016038242-A1,0.08597128524476734,0.0,0.00024008144301750127,0.808966243501167
US-2016081753-A1,0.08597128524476734,0.0,0.00024008144301750127,0.7799721860968466
US-2016081754-A1,0.08597128524476734,0.0,0.00024008144301750127,0.788000362454112
US-2016081819-A1,0.08597128524476734,0.0,0.00024008144301750127,0.7852589679694881
US-2016089121-A1,0.08597128524476734,0.0,0.00024008144301750127,0.7572090404538154
US-2016095631-A1,0.08597128524476734,0.0,0.00024008144301750127,0.7456049731373726
US-2016095720-A1,0.08597128524476734,0.0,0.00024008144301750127,0.7996040616530244
US-2016120612-A1,0.08597128524476734,0.0,0.00024008144301750127,0.7864719536133153
US-2016128789-A1,0.08597128524476734,0.0,0.00024008144301750127,0.8053012984664987
US-2016151120-A1,0.08597128524476734,0.0,0.00024008144301750127,0.8175968964412114
US-2016157941-A1,0.08597128524476734,0.0,0.00024008144301750127,0.7688100132755529
US-2016175110-A1,0.08597128524476734,0.0,0.00024008144301750127,0.793258717232677
US-2016206347-A1,0.08597128524476734,0.0,0.00024008144301750127,0.7506993734803372
US-2016220315-A1,0.08597128524476734,0.0,0.00024008144301750127,0.778737580325196
US-2016220320-A1,0.08597128524476734,0.0,0.00024008144301750127,0.7820925554664576
US-2016220385-A1,0.08597128524476734,0.0,0.00024008144301750127,0.7460819809794427
US-2016228133-A1,0.08597128524476734,0.0,0.00024008144301750127,0.7803637773840867
US-2016235490-A1,0.08597128524476734,0.0,0.00024008144301750127,0.7851573054880315
US-2016235492-A1,0.08597128524476734,0.0,0.00024008144301750127,0.8009146770521042
US-2016235493-A1,0.08597128524476734,0.0,0.00024008144301750127,0.7179663032045853
US-2016242860-A1,0.08597128524476734,0.0,0.00024008144301750127,0.7525205123002687
US-2016242934-A1,0.08873897249610795,0.0010133751016229648,0.0002657226939539633,0.7933084270003811
US-2016256225-A1,0.08597128524476734,0.0,0.00024008144301750127,0.7923201912044099
US-2016278875-A1,0.08597128524476734,0.0,0.00024008144301750127,0.7877735562516933
US-2016278941-A1,0.08597128524476734,0.0,0.00024008144301750127,0.7886633373385319
US-2016296266-A1,0.08597128524476734,0.0,0.00024008144301750127,0.7935946397462447
US-2016310218-A1,0.08597128524476734,0.0,0.00024008144301750127,0.771088722344168
US-2016310221-A1,0.08597128524476734,0.0,0.00024008144301750127,0.7994494589874411
US-2016331479-A1,0.08597128524476734,0.0,0.00024008144301750127,0.8035052553585391
US-2016331481-A1,0.08597128524476734,0.0,0.00024008144301750127,0.8014037949084958
US-2016374769-A1,0.08597128524476734,0.0,0.00024008144301750127,0.7806845768649127
US-2017000572-A1,0.08597128524476734,0.0,0.00024008144301750127,0.7891502641096262
US-2017007334-A1,0.08597128524476734,0.0,0.00024008144301750127,0.8011787291082092
US-2017020630-A1,0.08597128524476734,0.0,0.00024008144301750127,0.7732934870509112
US-2017027652-A1,0.08597128524476734,0.0,0.00024008144301750127,0.7641372230707981
US-2017042620-A1,0.08597128524476734,0.0,0.00024008144301750127,0.8127406961854758
US-2017055940-A1,0.08597128524476734,0.0,0.00024008144301750127,0.7865838205203226
US-2017056086-A1,0.08597128524476734,0.0,0.00024008144301750127,0.7679570882643103
US-2017056116-A1,0.08597128524476734,0.0,0.00024008144301750127,0.8180974370772404
US-2017065428-A1,0.08597128524476734,0.0,0.00024008144301750127,0.7762299333029185
US-2017065432-A1,0.08597128524476734,0.0,0.00024008144301750127,0.7669355857129008
US-2017071682-A1,0.08597128524476734,0.0,0.00024008144301750127,0.7868097721729737
US-2017071685-A1,0.08597128524476734,0.0,0.00024008144301750127,0.7946019098781737
US-2017071691-A1,0.08597128524476734,0.0,0.00024008144301750127,0.8232269867952692
US-2017071759-A1,0.08597128524476734,0.0,0.00024008144301750127,0.793258717232677
US-2017079727-A1,0.09565819062445943,0.00034374819764766435,0.00029592830312985974,0.7727933636166334
US-2017086896-A1,0.08597128524476734,0.0,0.00024008144301750127,0.7989643563754474
US-2017086927-A1,0.12402698495070057,0.01439197621482745,0.0002802555577063557,0.7860818201005385
US-2017086928-A1,0.08597128524476734,0.0,0.00024008144301750127,0.7860818201005385
US-2017086932-A1,0.08597128524476734,0.0,0.00024008144301750127,0.7860818201005385
US-2017105846-A1,0.08597128524476734,0.0,0.00024008144301750127,0.7933221063505569
US-2017119339-A1,0.08597128524476734,0.0,0.00024008144301750127,0.793486080094939
US-2017119472-A1,0.08597128524476734,0.0,0.00024008144301750127,0.7819486838959082
US-2017132789-A1,0.08597128524476734,0.0,0.00024008144301750127,0.7717854337317684
US-2017143426-A1,0.08597128524476734,0.0,0.00024008144301750127,0.7800239390174
US-2017143429-A1,0.145649541601799,0.01292237987759008,0.00047175542575256566,0.7820578176567305
US-2017151025-A1,0.08597128524476734,0.0,0.00024008144301750127,0.7527275230298045
US-2017156805-A1,0.08597128524476734,0.0,0.00024008144301750127,0.7782536578850764
US-2017156816-A1,0.08597128524476734,0.0,0.00024008144301750127,0.774887645279914
US-2017172669-A1,0.08597128524476734,0.0,0.00024008144301750127,0.8029033122477099
US-2017172762-A1,0.08597128524476734,0.0,0.00024008144301750127,0.7778784598618464
US-2017178349-A1,0.08597128524476734,0.0,0.00024008144301750127,0.762775254096316
US-2017181774-A1,0.08597128524476734,0.0,0.00024008144301750127,0.7606003325239857
US-2017186180-A1,0.08597128524476734,0.0,0.00024008144301750127,0.7654554185987303
US-2017196506-A1,0.08597128524476734,0.0,0.00024008144301750127,0.7958959041862544
US-2017196597-A1,0.08597128524476734,0.0,0.00024008144301750127,0.7824029343027522
US-2017196599-A1,0.08597128524476734,0.0,0.00024008144301750127,0.7852159053773541
US-2017196641-A1,0.08597128524476734,0.0,0.00024008144301750127,0.7913414324996015
US-2017196701-A1,0.08597128524476734,0.0,0.00024008144301750127,0.779808035295476
US-2017196705-A1,0.08597128524476734,0.0,0.00024008144301750127,0.7810546845792308
US-2017196706-A1,0.08597128524476734,0.0,0.00024008144301750127,0.7810546845792308
US-2017196708-A1,0.08597128524476734,0.0,0.00024008144301750127,0.7958959041862544
US-2017196710-A1,0.08597128524476734,0.0,0.00024008144301750127,0.7716693195911284
US-2017196711-A1,0.08597128524476734,0.0,0.00024008144301750127,0.7557314379414353
US-2017202628-A1,0.08597128524476734,0.0,0.00024008144301750127,0.7859601234644645
US-2017202629-A1,0.08597128524476734,0.0,0.00024008144301750127,0.7990267620541437
US-2017202683-A1,0.08597128524476734,0.0,0.00024008144301750127,0.7762299333029185
US-2017215825-A1,0.08597128524476734,0.0,0.00024008144301750127,0.7753281935567254
US-2017215826-A1,0.08597128524476734,0.0,0.00024008144301750127,0.7892643604777191
US-2017215827-A1,0.08597128524476734,0.0,0.00024008144301750127,0.7911480344083672
US-2017224358-A1,0.08597128524476734,0.0,0.00024008144301750127,0.8117842673074303
US-2017231702-A1,0.08597128524476734,0.0,0.00024008144301750127,0.763878431242358
US-2017239002-A1,0.08597128524476734,0.0,0.00024008144301750127,0.7637798427073226
US-2017239003-A1,0.08597128524476734,0.0,0.00024008144301750127,0.7637746220026811
US-2017239006-A1,0.08597128524476734,0.0,0.00024008144301750127,0.763878431242358
US-2017239007-A1,0.08597128524476734,0.0,0.00024008144301750127,0.763878431242358
US-2017239451-A1,0.08597128524476734,0.0,0.00024008144301750127,0.7477100282467785
US-2017239452-A1,0.08597128524476734,0.0,0.00024008144301750127,0.7477100282467785
US-2017245951-A1,0.08597128524476734,0.0,0.00024008144301750127,0.763878431242358
US-2017252112-A1,0.15032001383843627,0.0017870189933504325,0.0008322145381611528,0.763878431242358
US-2017252114-A1,0.28766649368621344,0.007299692685532437,0.029318450510986815,0.7923201912044099
US-2017258469-A1,0.08597128524476734,0.0,0.00024008144301750127,0.7881325243527764
US-2017258533-A1,0.08597128524476734,0.0,0.00024008144301750127,0.763878431242358
US-2017258535-A1,0.08597128524476734,0.0,0.00024008144301750127,0.7923201912044099
US-2017261348-A1,0.08597128524476734,0.0,0.00024008144301750127,0.7648505778262957
US-2017265774-A1,0.08597128524476734,0.0,0.00024008144301750127,0.7679232377474068
US-2017281145-A1,0.08597128524476734,0.0,0.00024008144301750127,0.7653774536366926
US-2017290666-A1,0.08597128524476734,0.0,0.00024008144301750127,0.7872700386387802
US-2017296274-A1,0.08597128524476734,0.0,0.00024008144301750127,0.7773070471110809
US-2017296276-A1,0.08597128524476734,0.0,0.00024008144301750127,0.8277265005806548
US-2017312039-A1,0.09565819062445943,0.00034374819764766435,0.00029592830312985974,0.7727933636166334
US-2017316561-A1,0.08597128524476734,0.0,0.00024008144301750127,0.7577286837067962
US-2017325892-A1,0.08873897249610795,0.0010113483514197189,0.0002657226939539633,0.8207572449534565
US-2017333057-A1,0.08597128524476734,0.0,0.00024008144301750127,0.8053012984664987
US-2017333136-A1,0.08597128524476734,0.0,0.00024008144301750127,0.7618079246832913
US-2017333137-A1,0.08787407023006401,0.0018259584475924303,0.00024028601375325774,0.7816621757905302
US-2017340448-A1,0.08597128524476734,0.0,0.00024008144301750127,0.8054926976837311
US-2017340456-A1,0.08597128524476734,0.0,0.00024008144301750127,0.7949705675320837
US-2017348037-A1,0.08597128524476734,0.0,0.00024008144301750127,0.7286600577800493
US-2017354368-A1,0.08597128524476734,0.0,0.00024008144301750127,0.7958959041862544
US-2017354468-A1,0.08597128524476734,0.0,0.00024008144301750127,0.772822035451235
US-2017360493-A1,0.08597128524476734,0.0,0.00024008144301750127,0.780179354832389
US-2017360575-A1,0.08597128524476734,0.0,0.00024008144301750127,0.76925230915902
US-2017367847-A1,0.08597128524476734,0.0,0.00024008144301750127,0.734191585531632
US-2018000543-A1,0.08597128524476734,0.0,0.00024008144301750127,0.7832124497496108
US-2018008324-A1,0.08597128524476734,0.0,0.00024008144301750127,0.7827152011498366
US-2018008353-A1,0.08597128524476734,0.0,0.00024008144301750127,0.7968170700737985
US-2018008358-A1,0.08597128524476734,0.0,0.00024008144301750127,0.788000362454112
US-2018021096-A1,0.08597128524476734,0.0,0.00024008144301750127,0.788000362454112
US-2018042650-A1,0.08597128524476734,0.0,0.00024008144301750127,0.6713986326358832
US-2018042684-A1,0.09565819062445943,0.00034374819764766435,0.00029592830312985974,0.7968170700737985
US-2018049823-A1,0.08597128524476734,0.0,0.00024008144301750127,0.7626351180292615
US-2018049832-A1,0.08597128524476734,0.0,0.00024008144301750127,0.7684175794545658
US-2018078201-A1,0.09565819062445943,0.00034374819764766435,0.00029592830312985974,0.7958959041862544
US-2018078266-A1,0.08597128524476734,0.0,0.00024008144301750127,0.7872932617660214
US-2018092648-A1,0.08597128524476734,0.0,0.00024008144301750127,0.8164825995745038
US-2018092757-A1,0.08597128524476734,0.0,0.00024008144301750127,0.7557314379414353
US-2018110573-A1,0.09565819062445943,0.00034374819764766435,0.00029592830312985974,0.7783729857666811
US-2018147018-A1,0.08597128524476734,0.0,0.00024008144301750127,0.7792594159537621
US-2018168539-A1,0.08597128524476734,0.0,0.00024008144301750127,0.8116099925150276
US-2018185107-A1,0.08597128524476734,0.0,0.00024008144301750127,0.7653657342188942
US-2018193171-A1,0.08597128524476734,0.0,0.00024008144301750127,0.7931585702354084
US-2018199951-A1,0.09565819062445943,0.00034374819764766435,0.00029592830312985974,0.784977612374962
US-2018199999-A1,0.08597128524476734,0.0,0.00024008144301750127,0.8112036750420879
US-2018200002-A1,0.08666320705760248,0.000527028798151176,0.00024059762762045553,0.7943330728452855
US-2018200016-A1,0.08597128524476734,0.0,0.00024008144301750127,0.784977612374962
US-2018214223-A1,0.08597128524476734,0.0,0.00024008144301750127,0.7829397278141424
US-2018221097-A1,0.08597128524476734,0.0,0.00024008144301750127,0.8014037949084958
US-2018250077-A1,0.08597128524476734,0.0,0.00024008144301750127,0.7632115798232787
US-2018250144-A1,0.08597128524476734,0.0,0.00024008144301750127,0.7458883278841851
US-2018256259-A1,0.0864902266043937,3.0183428164258008e-05,0.00024089580076402077,0.8312925581017868
US-2018263714-A1,0.08787407023006401,0.0012978887727766056,0.0002407633470905368,0.7943330728452855
US-2018325608-A1,0.10102058467393185,0.001569587022223456,0.00030119968311576663,0.8194010480706205
US-2019090966-A1,0.09652309289050337,0.0012012872861138246,0.0002964449255086631,0.7944469032599376
US-2019269469-A1,0.08787407023006401,0.00018789241588654823,0.0002655282642080892,0.7885268986552774
US-4124026-A,0.08597128524476734,0.0,0.00024008144301750127,0.7491689458851297
US-4359906-A,0.08597128524476734,0.0,0.00024008144301750127,0.773236881934972
US-5014794-A,0.08597128524476734,0.0,0.00024008144301750127,0.7030086071149992
US-5320115-A,0.08597128524476734,0.0,0.00024008144301750127,0.7836390251009264
US-5507211-A,0.08597128524476734,0.0,0.00024008144301750127,0.7454354863333736
US-5799055-A,0.1454765611485902,0.002721365180278578,0.001178000608176127,0.7962944950927874
US-6228089-B1,0.15135789655768897,0.009768294008910468,0.0011786056965225136,0.7853624397338721
US-6236875-B1,0.08597128524476734,0.0,0.00024008144301750127,0.8000803800011771
US-6246200-B1,0.28766649368621344,0.007299692685532437,0.029318450510986815,0.7914185600313292
US-6535756-B1,0.08597128524476734,0.0,0.00024008144301750127,0.7893278352845706
US-6711432-B1,0.1454765611485902,0.002721365180278578,0.001178000608176127,0.824711289818077
US-6772002-B2,0.08597128524476734,0.0,0.00024008144301750127,0.7100471193263962
US-6785572-B2,0.1454765611485902,0.0027268188179144066,0.001178000608176127,0.8000281780022213
US-6823207-B1,0.08597128524476734,0.0,0.00024008144301750127,0.7905572163332671
US-6837892-B2,0.28766649368621344,0.007299692685532437,0.029318450510986815,0.8005952611136942
US-6866671-B2,0.08597128524476734,0.0,0.00024008144301750127,0.7558146360052018
US-6877239-B2,0.1454765611485902,0.002721365180278578,0.001178000608176127,0.7745975773135246
US-6920347-B2,0.1454765611485902,0.002721365180278578,0.001178000608176127,0.7893278352845706
US-6947786-B2,0.08597128524476734,0.0,0.00024008144301750127,0.8016703550104345
US-6993374-B2,0.08597128524476734,0.0,0.00024008144301750127,0.8193545735631113
US-7001393-B2,0.08597128524476734,0.0,0.00024008144301750127,0.7716471664841429
US-7048745-B2,0.08597128524476734,0.0,0.00024008144301750127,0.7757231410998989
US-7091683-B1,0.08597128524476734,0.0,0.00024008144301750127,0.6800948230769714
US-7104998-B2,0.08597128524476734,0.0,0.00024008144301750127,0.7635455677416175
US-7107883-B2,0.08597128524476734,0.0,0.00024008144301750127,0.7307338601399334
US-7188626-B2,0.08597128524476734,0.0,0.00024008144301750127,0.7579639851969963
US-7194120-B2,0.08597128524476734,0.0,0.00024008144301750127,0.8109283300263918
US-7235076-B2,0.08597128524476734,0.0,0.00024008144301750127,0.7682428425859303
US-7331965-B2,0.08597128524476734,0.0,0.00024008144301750127,0.7658254379431705
US-7338526-B2,0.08597128524476734,0.0,0.00024008144301750127,0.8144803827706377
US-7396357-B2,0.08597128524476734,0.0,0.00024008144301750127,0.7650445210071807
US-7497868-B2,0.08597128524476734,0.0,0.00024008144301750127,0.8162091752956436
US-7542791-B2,0.08597128524476734,0.0,0.00024008144301750127,0.8025521855478579
US-7570791-B2,0.08597128524476734,0.0,0.00024008144301750127,0.7450356909653033
US-7587235-B2,0.08597128524476734,0.0,0.00024008144301750127,0.7525952742648817
US-7607238-B2,0.08597128524476734,0.0,0.00024008144301750127,0.724622828555482
US-7630753-B2,0.08597128524476734,0.0,0.00024008144301750127,0.8028329093396013
US-7637929-B2,0.08597128524476734,0.0,0.00024008144301750127,0.7745058452519515
US-7670343-B2,0.08597128524476734,0.0,0.00024008144301750127,0.795284516401639
US-7699877-B2,0.08597128524476734,0.0,0.00024008144301750127,0.8114238686635808
US-7722530-B2,0.08597128524476734,0.0,0.00024008144301750127,0.8114238686635808
US-7725162-B2,0.08597128524476734,0.0,0.00024008144301750127,0.7996623155353323
US-7766930-B2,0.08597128524476734,0.0,0.00024008144301750127,0.7794682795477507
US-7799036-B2,0.08597128524476734,0.0,0.00024008144301750127,0.8029877983780261
US-7822244-B2,0.08597128524476734,0.0,0.00024008144301750127,0.7719845615248578
US-7831292-B2,0.14737934613388687,0.0032246341663985266,0.001179613169765151,0.770835138556531
US-7835778-B2,0.08597128524476734,0.0,0.00024008144301750127,0.7875907759103797
US-7835784-B2,0.08597128524476734,0.0,0.00024008144301750127,0.8168759349752779
US-7840253-B2,0.08597128524476734,0.0,0.00024008144301750127,0.8152331542355723
US-7853305-B2,0.08597128524476734,0.0,0.00024008144301750127,0.7644405695459224
US-7887567-B2,0.08597128524476734,0.0,0.00024008144301750127,0.7924326198726652
US-7900524-B2,0.08597128524476734,0.0,0.00024008144301750127,0.7258979266627359
US-8010177-B2,0.08597128524476734,0.0,0.00024008144301750127,0.7838486382781997
US-8010180-B2,0.22470160871821485,0.021555042674622372,0.0018155510732593345,0.8139832378526674
US-8010181-B2,0.08597128524476734,0.0,0.00024008144301750127,0.7756316895122064
US-8016835-B2,0.08597128524476734,0.0,0.00024008144301750127,0.7893543432603951
US-8036441-B2,0.08597128524476734,0.0,0.00024008144301750127,0.7450356909653033
US-8046054-B2,0.08597128524476734,0.0,0.00024008144301750127,0.7935689548481676
US-8052688-B2,0.08597128524476734,0.0,0.00024008144301750127,0.7289868001319965
US-8057407-B2,0.08597128524476734,0.0,0.00024008144301750127,0.7844961484958769
US-8100950-B2,0.08597128524476734,0.0,0.00024008144301750127,0.7554154285710711
US-8133234-B2,0.08597128524476734,0.0,0.00024008144301750127,0.7743536759394485
US-8167823-B2,0.08597128524476734,0.0,0.00024008144301750127,0.7750081657420532
US-8182469-B2,0.08597128524476734,0.0,0.00024008144301750127,0.7706255918745056
US-8182470-B2,0.08597128524476734,0.0,0.00024008144301750127,0.7728376802956346
US-8182491-B2,0.08597128524476734,0.0,0.00024008144301750127,0.7878307079393727
US-8206405-B2,0.08597128524476734,0.0,0.00024008144301750127,0.7744728056170551
US-8219177-B2,0.08597128524476734,0.0,0.00024008144301750127,0.7944565638439135
US-8219178-B2,0.08597128524476734,0.0,0.00024008144301750127,0.7944565638439135
US-8241296-B2,0.08597128524476734,0.0,0.00024008144301750127,0.8041119909544895
US-8271066-B2,0.08597128524476734,0.0,0.00024008144301750127,0.81043060187177
US-8277491-B2,0.08597128524476734,0.0,0.00024008144301750127,0.797148133955072
US-8311611-B2,0.08597128524476734,0.0,0.00024008144301750127,0.8072596421869468
US-8328852-B2,0.08597128524476734,0.0,0.00024008144301750127,0.7599625458644844
US-8335553-B2,0.08597128524476734,0.0,0.00024008144301750127,0.7889771482845617
US-8337426-B2,0.08597128524476734,0.0,0.00024008144301750127,0.7860529221056218
US-8394144-B2,0.08597128524476734,0.0,0.00024008144301750127,0.7774716483695526
US-8419717-B2,0.08597128524476734,0.0,0.00024008144301750127,0.7553417990166278
US-8425522-B2,0.08597128524476734,0.0,0.00024008144301750127,0.8058899110070135
US-8442677-B2,0.08597128524476734,0.0,0.00024008144301750127,0.6954645706796267
US-8454583-B2,0.08597128524476734,0.0,0.00024008144301750127,0.8006177550428245
US-8454619-B1,0.08597128524476734,0.0,0.00024008144301750127,0.7975544348070817
US-8469963-B2,0.08597128524476734,0.0,0.00024008144301750127,0.7862055345891518
US-8491603-B2,0.08597128524476734,0.0,0.00024008144301750127,0.777600721544752
US-8500738-B2,0.08597128524476734,0.0,0.00024008144301750127,0.7362653060925756
US-8509503-B2,0.08597128524476734,0.0,0.00024008144301750127,0.775864869096994
US-8518051-B2,0.08597128524476734,0.0,0.00024008144301750127,0.7829133737360544
US-8571638-B2,0.08597128524476734,0.0,0.00024008144301750127,0.8169383799163136
US-8572860-B2,0.08597128524476734,0.0,0.00024008144301750127,0.7825800452542928
US-8615288-B2,0.08597128524476734,0.0,0.00024008144301750127,0.7689424610702169
US-8620473-B2,0.10984258778758,0.002877579592852398,0.00030147213615333535,0.7525205123002687
US-8634897-B2,0.08597128524476734,0.0,0.00024008144301750124,0.7644405695459224
US-8657829-B2,0.08597128524476734,0.0,0.00024008144301750124,0.7677369672184127
US-8705829-B2,0.08597128524476734,0.0,0.00024008144301750124,0.7450356909653033
US-8706185-B2,0.08597128524476734,0.0,0.00024008144301750124,0.7875907759103797
US-8709016-B2,0.08597128524476734,0.0,0.00024008144301750124,0.7767598325539748
US-8740885-B2,0.08597128524476734,0.0,0.00024008144301750124,0.7998787163225433
US-8747476-B2,0.08597128524476734,0.0,0.00024008144301750124,0.8144803827706377
US-8758413-B2,0.08597128524476734,0.0,0.00024008144301750124,0.7628946776282584
US-8814877-B2,0.08597128524476734,0.0,0.00024008144301750124,0.8041119909544895
US-8814914-B2,0.08597128524476734,0.0,0.00024008144301750124,0.7943278916868852
US-8838205-B2,0.08597128524476734,0.0,0.00024008144301750124,0.7970463536616871
US-8840629-B2,0.08597128524476734,0.0,0.00024008144301750124,0.8060310659030812
US-8864752-B2,0.08597128524476734,0.0,0.00024008144301750124,0.7553417990166278
US-8876837-B2,0.08597128524476734,0.0,0.00024008144301750124,0.7620591395857861
US-8900244-B2,0.08597128524476734,0.0,0.00024008144301750124,0.7857921867740676
US-8911429-B2,0.08597128524476734,0.0,0.00024008144301750124,0.7190463857723929
US-8951256-B2,0.08597128524476734,0.0,0.00024008144301750124,0.7942016699237794
US-8961526-B2,0.08597128524476734,0.0,0.00024008144301750124,0.7942016699237794
US-8974460-B2,0.08597128524476734,0.0,0.00024008144301750124,0.7724577605890955
US-8979859-B2,0.15032001383843627,0.0017870189933504325,0.0008322145381611528,0.7434009737905275
US-8992580-B2,0.08597128524476734,0.0,0.00024008144301750124,0.7868097721729737
US-8998909-B2,0.08597128524476734,0.0,0.00024008144301750124,0.8057312745044766
US-9008757-B2,0.30046704722366374,0.010321280716697464,0.02932725930679241,0.7236994941255839
US-9011456-B2,0.08597128524476734,0.0,0.00024008144301750124,0.8006475065008736
US-9017313-B2,0.08597128524476734,0.0,0.00024008144301750124,0.8144803827706377
US-9042960-B2,0.08597128524476734,0.0,0.00024008144301750124,0.7868146605899701
US-9044190-B2,0.08597128524476734,0.0,0.00024008144301750124,0.7669401637458036
US-9050108-B2,0.08597128524476734,0.0,0.00024008144301750124,0.801272835335443
US-9056015-B2,0.08597128524476734,0.0,0.00024008144301750124,0.7599210184384351
US-9066751-B2,0.08597128524476734,0.0,0.00024008144301750124,0.8261079618610844
US-9066755-B1,0.08597128524476734,0.0,0.00024008144301750124,0.7790113041118211
US-9078685-B2,0.08597128524476734,0.0,0.00024008144301750124,0.7944565638439135
US-9101443-B2,0.08597128524476734,0.0,0.00024008144301750124,0.7811001431197915
US-9107721-B2,0.08597128524476734,0.0,0.00024008144301750124,0.7741569090445489
US-9125556-B2,0.08597128524476734,0.0,0.00024008144301750124,0.8022547259599069
US-9125680-B2,0.08597128524476734,0.0,0.00024008144301750124,0.7855296133224087
US-9131986-B2,0.08597128524476734,0.0,0.00024008144301750124,0.77796609430032
US-9138319-B2,0.08597128524476734,0.0,0.00024008144301750124,0.8031932507489549
US-9149281-B2,0.08597128524476734,0.0,0.00024008144301750124,0.7905545603843727
US-9155544-B2,0.08787407023006401,0.007781988884629221,0.00024008344196883654,0.7919874213248335
US-9161799-B2,0.08597128524476734,0.0,0.00024008144301750124,0.7957373796147745
US-9168154-B2,0.08597128524476734,0.0,0.00024008144301750124,0.793258717232677
US-9192395-B2,0.08597128524476734,0.0,0.00024008144301750124,0.7905545603843727
US-9198731-B2,0.08597128524476734,0.0,0.00024008144301750124,0.8138217115812152
US-9211128-B2,0.08597128524476734,0.0,0.00024008144301750124,0.8058649680301946
US-9220612-B2,0.08597128524476734,0.0,0.00024008144301750124,0.7808351643275362
US-9232906-B2,0.08597128524476734,0.0,0.00024008144301750124,0.7362653060925756
US-9237861-B2,0.08597128524476734,0.0,0.00024008144301750124,0.781730322491328
US-9240046-B2,0.08597128524476734,0.0,0.00024008144301750124,0.7420183081046354
US-9241771-B2,0.08597128524476734,0.0,0.00024008144301750124,0.8053012984664987
US-9243881-B2,0.08597128524476734,0.0,0.00024008144301750124,0.7573106526869918
US-9265551-B2,0.08597128524476734,0.0,0.00024008144301750124,0.7085513999903298
US-9271741-B2,0.08597128524476734,0.0,0.00024008144301750124,0.7208199155747864
US-9271779-B2,0.08597128524476734,0.0,0.00024008144301750124,0.7953107038835904
US-9283048-B2,0.08597128524476734,0.0,0.00024008144301750124,0.7880569829169984
US-9295500-B2,0.08597128524476734,0.0,0.00024008144301750124,0.7727824551231434
US-9308050-B2,0.08597128524476734,0.0,0.00024008144301750124,0.7855296133224087
US-9333042-B2,0.08597128524476734,0.0,0.00024008144301750124,0.7525205123002687
US-9339278-B2,0.08597128524476734,0.0,0.00024008144301750124,0.7803637773840867
US-9339345-B2,0.08597128524476734,0.0,0.00024008144301750124,0.7491580171404383
US-9345387-B2,0.08597128524476734,0.0,0.00024008144301750124,0.8117976370226285
US-9358130-B2,0.08597128524476734,0.0,0.00024008144301750124,0.7886633373385319
US-9398962-B2,0.08597128524476734,0.0,0.00024008144301750124,0.8152370849604241
US-9439675-B2,0.08597128524476734,0.0,0.00024008144301750124,0.7691532132934443
US-9452019-B2,0.08597128524476734,0.0,0.00024008144301750124,0.7770793172557378
US-9456827-B2,0.08597128524476734,0.0,0.00024008144301750124,0.801272835335443
US-9462943-B2,0.08597128524476734,0.0,0.00024008144301750124,0.7575041657014203
US-9468538-B2,0.08597128524476734,0.0,0.00024008144301750124,0.7686896322860163
US-9480516-B2,0.08597128524476734,0.0,0.00024008144301750124,0.7989643563754474
US-9486227-B2,0.08597128524476734,0.0,0.00024008144301750124,0.7776419899969507
US-9491415-B2,0.08597128524476734,0.0,0.00024008144301750124,0.7717854337317684
US-9492241-B2,0.08597128524476734,0.0,0.00024008144301750124,0.8014575881368512
US-9519341-B2,0.08597128524476734,0.0,0.00024008144301750124,0.8024230483504433
US-9532730-B2,0.08597128524476734,0.0,0.00024008144301750124,0.8041119909544895
US-9532849-B2,0.08597128524476734,0.0,0.00024008144301750124,0.7946930748091726
US-9536309-B2,0.08597128524476734,0.0,0.00024008144301750124,0.7978918877493838
US-9539112-B2,0.08597128524476734,0.0,0.00024008144301750124,0.8065572685696646
US-9545233-B2,0.08597128524476734,0.0,0.00024008144301750124,0.8168712814690876
US-9545280-B2,0.08597128524476734,0.0,0.00024008144301750124,0.7989643563754474
US-9549781-B2,0.08597128524476734,0.0,0.00024008144301750124,0.7250484726268924
US-9554864-B2,0.08597128524476734,0.0,0.00024008144301750124,0.7782536578850764
US-9554865-B2,0.08597128524476734,0.0,0.00024008144301750124,0.7190463857723929
US-9561082-B2,0.15032001383843627,0.0017870189933504325,0.0008322145381611528,0.781243319016242
US-9566121-B2,0.08804705068327279,0.0001455758321200666,0.0002425728044713113,0.7462777805065954
US-9566122-B2,0.08597128524476734,0.0,0.00024008144301750124,0.7730249481602294
US-9576353-B2,0.08597128524476734,0.0,0.00024008144301750124,0.7837146253497125
US-9585677-B2,0.08597128524476734,0.0,0.00024008144301750124,0.7848599768614912
US-9585725-B2,0.15032001383843627,0.0017870189933504325,0.0008322145381611528,0.7972234838174618
US-9585768-B2,0.15032001383843627,0.0017870189933504325,0.0008322145381611528,0.7778784598618464
US-9592096-B2,0.08597128524476734,0.0,0.00024008144301750124,0.7990267620541437
US-9622757-B2,0.08597128524476734,0.0,0.00024008144301750124,0.7573106526869918
US-9622779-B2,0.08597128524476734,0.0,0.00024008144301750124,0.756743378845247
US-9629687-B2,0.08597128524476734,0.0,0.00024008144301750124,0.8118167734618253
US-9636162-B2,0.08597128524476734,0.0,0.00024008144301750124,0.7862295398218317
US-9649160-B2,0.08597128524476734,0.0,0.00024008144301750124,0.7773070471110809
US-9649202-B2,0.08597128524476734,0.0,0.00024008144301750124,0.7740950258432321
US-9655649-B2,0.08597128524476734,0.0,0.00024008144301750124,0.7732667448043261
US-9662160-B2,0.08597128524476734,0.0,0.00024008144301750124,0.7663751135726027
US-9662174-B2,0.08597128524476734,0.0,0.00024008144301750124,0.771656523323022
US-9668768-B2,0.1909704203425013,0.006592842102806932,0.0005583094254642421,0.7731426539710106
US-9668875-B2,0.08597128524476734,0.0,0.00024008144301750124,0.8144803827706377
US-9675272-B2,0.08597128524476734,0.0,0.00024008144301750124,0.7882726954381529
US-9687306-B2,0.08597128524476734,0.0,0.00024008144301750124,0.7676739847241182
US-9693878-B2,0.08597128524476734,0.0,0.00024008144301750124,0.7813280555971127
US-9713499-B2,0.08597128524476734,0.0,0.00024008144301750124,0.813601386622739
US-9724167-B2,0.08597128524476734,0.0,0.00024008144301750124,0.7418866730518942
US-9734632-B2,0.08597128524476734,0.0,0.00024008144301750124,0.8085717516211325
US-9743971-B2,0.08597128524476734,0.0,0.00024008144301750124,0.7738371195781951
US-9743995-B2,0.08597128524476734,0.0,0.00024008144301750124,0.7701538955159947
US-9750510-B2,0.08597128524476734,0.0,0.00024008144301750124,0.8053012984664987
US-9750545-B2,0.08597128524476734,0.0,0.00024008144301750124,0.7827572473221478
US-9757087-B2,0.08597128524476734,0.0,0.00024008144301750124,0.8028329093396013
US-9782229-B2,0.25497318802975266,0.015792343848455508,0.0011244081809200727,0.763878431242358
US-9788966-B2,0.08597128524476734,0.0,0.00024008144301750124,0.8230367329886805
US-9795319-B2,0.08597128524476734,0.0,0.00024008144301750124,0.8102410518584712
US-9795394-B2,0.08597128524476734,0.0,0.00024008144301750124,0.8090818133833859
US-9808318-B2,0.08597128524476734,0.0,0.00024008144301750124,0.828304729550067
US-9814535-B2,0.08597128524476734,0.0,0.00024008144301750124,0.7868097721729737
US-9815206-B2,0.08597128524476734,0.0,0.00024008144301750124,0.7229014144748359
US-9833292-B2,0.08597128524476734,0.0,0.00024008144301750124,0.7855296133224087
US-9877793-B2,0.08597128524476734,0.0,0.00024008144301750124,0.8277265005806548
US-9931059-B2,0.08597128524476734,0.0,0.00024008144301750124,0.7949706545630124
US-9987050-B2,0.08597128524476734,0.0,0.00024008144301750124,0.765263950401572
US-9987092-B2,0.15032001383843627,0.0017870189933504325,0.0008322145381611528,0.818510901328963
US-RE46954-E,0.08597128524476734,0.0,0.00024008144301750124,0.7815271520250191
WO-2009092164-A1,0.09565819062445943,0.00034374819764766435,0.00029592830312985974,0.7142388800945243
WO-2011063715-A1,0.08597128524476734,0.0,0.00024008144301750124,0.7142388800945243
WO-2013075500-A1,0.08597128524476734,0.0,0.00024008144301750124,0.7142388800945243
WO-2013192598-A1,0.08597128524476734,0.0,0.00024008144301750124,0.7142388800945243
WO-2014077920-A1,0.08597128524476734,0.0,0.00024008144301750124,0.7142388800945243
WO-2014138916-A1,0.08597128524476734,0.0,0.00024008144301750124,0.7142388800945243
WO-2014139023-A1,0.08597128524476734,0.0,0.00024008144301750124,0.7142388800945243
WO-2014139024-A1,0.08597128524476734,0.0,0.00024008144301750124,0.7142388800945243
WO-2015061638-A1,0.08597128524476734,0.0,0.00024008144301750124,0.7142388800945243
WO-2015087335-A1,0.08597128524476734,0.0,0.00024008144301750124,0.7142388800945243
WO-2015115807-A1,0.08597128524476734,0.0,0.00024008144301750124,0.7144032584254854
WO-2015115809-A1,0.08597128524476734,0.0,0.00024008144301750124,0.7142388800945243
WO-2015166487-A1,0.08597128524476734,0.0,0.00024008144301750124,0.7142388800945243
WO-2015193479-A1,0.08597128524476734,0.0,0.00024008144301750124,0.7142388800945243
WO-2016008880-A1,0.08597128524476734,0.0,0.00024008144301750124,0.7142388800945243
WO-2016042152-A1,0.08597128524476734,0.0,0.00024008144301750124,0.7142388800945243
WO-2016088130-A1,0.08597128524476734,0.0,0.00024008144301750124,0.7142388800945243
WO-2016115423-A1,0.08597128524476734,0.0,0.00024008144301750124,0.7142388800945243
WO-2016118744-A1,0.08597128524476734,0.0,0.00024008144301750124,0.7142388800945243
WO-2017001851-A1,0.08597128524476734,0.0,0.00024008144301750124,0.7141242590312263
WO-2017023825-A1,0.08597128524476734,0.0,0.00024008144301750124,0.7142388800945243
WO-2017027331-A1,0.08597128524476734,0.0,0.00024008144301750124,0.7142388800945243
WO-2017035592-A1,0.08597128524476734,0.0,0.00024008144301750124,0.7142388800945243
WO-2017036340-A1,0.08597128524476734,0.0,0.00024008144301750124,0.7142388800945243
WO-2017037113-A1,0.08597128524476734,0.0,0.00024008144301750124,0.7142388800945243
WO-2017037127-A1,0.08597128524476734,0.0,0.00024008144301750124,0.7142388800945243
WO-2017048736-A1,0.08597128524476734,0.0,0.00024008144301750124,0.7142388800945243
WO-2017064719-A1,0.08597128524476734,0.0,0.00024008144301750124,0.7142388800945243
WO-2017115227-A1,0.08597128524476734,0.0,0.00024008144301750124,0.7142388800945243
WO-2017121874-A2,0.08597128524476734,0.0,0.00024008144301750124,0.7142388800945243
WO-2017122202-A1,0.08597128524476734,0.0,0.00024008144301750124,0.7142388800945243
WO-2017123506-A1,0.08597128524476734,0.0,0.00024008144301750124,0.7142388800945243
WO-2017123506-A9,0.08597128524476734,0.0,0.00024008144301750124,0.7142388800945243
WO-2017136550-A1,0.08597128524476734,0.0,0.00024008144301750124,0.7141242590312263
WO-2017151607-A1,0.08597128524476734,0.0,0.00024008144301750124,0.7142388800945243
WO-2017162981-A1,0.08597128524476734,0.0,0.00024008144301750124,0.7142388800945243
WO-2017177046-A1,0.08597128524476734,0.0,0.00024008144301750124,0.7142388800945243
WO-2017218423-A1,0.08597128524476734,0.0,0.00024008144301750124,0.7142388800945243
WO-2017219207-A1,0.08597128524476734,0.0,0.00024008144301750124,0.7142388800945243
WO-2017219208-A1,0.08597128524476734,0.0,0.00024008144301750124,0.7142388800945243
WO-2018031752-A1,0.08597128524476734,0.0,0.00024008144301750124,0.7142388800945243
WO-2018072003-A1,0.08597128524476734,0.0,0.00024008144301750124,0.7142388800945243
US-2008107305-A1,0.0019027849852966616,0.0,4.1003126370548697e-07,0.7245354569130493
US-2011157373-A1,0.0019027849852966616,0.0,4.1003126370548697e-07,0.724739616624347
US-2012154618-A1,0.0019027849852966616,0.0,4.1003126370548697e-07,0.7282152091160341
US-2016191887-A1,0.0019027849852966616,0.0,4.1003126370548697e-07,0.8017854138924689
US-2016324580-A1,0.06382978723404255,0.004484849411077692,0.0002328048219953968,0.8025397114953391
US-2019339369-A1,0.0019027849852966616,0.0,4.10031263705487e-07,0.7021273839927012
US-2019348169-A1,0.003805569970593323,0.00011133634707349208,7.209162082619796e-07,0.7760533691249079
US-2020372626-A1,0.0019027849852966616,0.0,4.10031263705487e-07,0.7322135999915234
US-9513113-B2,0.003805569970593323,0.00011133634707349208,7.209162082619796e-07,0.7193124140625525
WO-2018226850-A1,0.0019027849852966616,0.0,4.10031263705487e-07,0.7142388800945243
WO-2021003401-A1,0.003805569970593323,0.00011133634707349208,7.209162082619796e-07,0.7143748803527328
US-10758209-B2,0.0008649022660439371,0.0,1.0559710004095954e-07,0.790261887042223
US-11000270-B2,0.0008649022660439371,0.0,1.0559710004095954e-07,0.7931552146804475
US-11625825-B2,0.0008649022660439371,0.0,1.0559710004095954e-07,0.7828311000503909
US-11786106-B2,0.0008649022660439371,0.0,1.0559710004095954e-07,0.7700798877826978
US-2020237187-A1,0.0008649022660439371,0.0,1.0559710004095954e-07,0.7828707726399928
CA-2472434-A1,0.033731188375713546,2.2611666081604768e-07,4.1890729028084046e-10,0.7142388800945243
CN-101145051-A,0.033731188375713546,2.2611666081604768e-07,4.1890729028084046e-10,0.7142388800945243
CN-102556523-A,0.033731188375713546,2.2611666081604768e-07,4.1890729028084046e-10,0.7142388800945243
CN-102725703-A,0.025774087528109325,2.743705441844809e-08,2.2756769918813842e-10,0.7142388800945243
CN-102725703-B,0.033731188375713546,2.2611666081604768e-07,4.1890729028084046e-10,0.7142388800945243
CN-103350908-A,0.033731188375713546,2.2611666081604768e-07,4.1890729028084046e-10,0.7142388800945243
CN-103640729-A,0.033731188375713546,2.2611666081604768e-07,4.1890729028084046e-10,0.7142388800945243
CN-103988214-A,0.026293028887735687,3.528145308419077e-08,2.2866882702213065e-10,0.7142388800945243
CN-103988214-B,0.033731188375713546,2.2611666081604768e-07,4.1890729028084046e-10,0.7142388800945243
CN-105691717-A,0.033731188375713546,2.2611666081604768e-07,4.1890729028084046e-10,0.7142388800945243
CN-107885901-A,0.02594706798131811,3.001929890535611e-08,2.2793505316718716e-10,0.7142388800945243
CN-107885901-B,0.033731188375713546,2.2611666081604768e-07,4.1890729028084046e-10,0.7142388800945243
CN-108064197-A,0.033731188375713546,2.2611666081604768e-07,4.1890729028084046e-10,0.7142388800945243
CN-108748136-A,0.033731188375713546,2.2611666081604768e-07,4.1890729028084046e-10,0.7142388800945243
CN-108776879-A,0.033731188375713546,2.2611666081604768e-07,4.1890729028084046e-10,0.7142388800945243
CN-109132313-A,0.033731188375713546,2.2611666081604768e-07,4.1890729028084046e-10,0.7142388800945243
CN-109353833-A,0.033731188375713546,2.2611666081604768e-07,4.1890729028084046e-10,0.7142388800945243
CN-109359739-A,0.033731188375713546,2.2611666081604768e-07,4.1890729028084046e-10,0.7142388800945243
CN-109382822-A,0.033731188375713546,2.2611666081604768e-07,4.1890729028084046e-10,0.7143748803527328
CN-112009810-A,0.033731188375713546,2.2611666081604768e-07,4.1890729028084046e-10,0.7142388800945243
CN-1277591-A,0.033731188375713546,2.265698004168814e-07,4.1890729028084046e-10,0.7142388800945243
CN-201804260-U,0.033731188375713546,2.2611666081604768e-07,4.1890729028084046e-10,0.7142388800945243
CN-207374734-U,0.033731188375713546,2.2611666081604768e-07,4.1890729028084046e-10,0.7142388800945243
DE-102007001263-B4,0.033731188375713546,2.2611666081604768e-07,4.1890729028084046e-10,0.7142388800945243
DE-102009011294-A1,0.033731188375713546,2.2611666081604768e-07,4.1890729028084046e-10,0.7142388800945243
DE-102009011300-A1,0.033731188375713546,2.2611666081604768e-07,4.1890729028084046e-10,0.7142388800945243
DE-102014005758-B4,0.033731188375713546,2.2611666081604768e-07,4.1890729028084046e-10,0.7142388800945243
DE-102016013497-A1,0.033731188375713546,2.2611666081604768e-07,4.1890729028084046e-10,0.7142388800945243
DE-102017105082-A1,0.033039266562878394,5.620398085654908e-08,4.1810893612724284e-10,0.7142388800945243
DE-102017122361-A1,0.033731188375713546,2.2611666081604768e-07,4.1890729028084046e-10,0.7142388800945243
DE-102018006465-A1,0.033731188375713546,2.2611666081604768e-07,4.1890729028084046e-10,0.7142388800945243
DE-102018008744-A1,0.033731188375713546,2.2611666081604768e-07,4.1890729028084046e-10,0.7142388800945243
DE-10352279-A1,0.033731188375713546,2.2611666081604768e-07,4.1890729028084046e-10,0.7142388800945243
DE-112011105151-B4,0.026120048434526897,3.2620958764346145e-08,2.2830222073870666e-10,0.7142388800945243
DE-69221658-T2,0.033731188375713546,2.2611666081604768e-07,4.1890729028084046e-10,0.7142388800945243
DE-69730758-T2,0.033731188375713546,2.2611666081604768e-07,4.1890729028084046e-10,0.7142388800945243
EP-0507375-A2,0.033731188375713546,2.2611666081604768e-07,4.1890729028084046e-10,0.7142388800945243
EP-2314425-A2,0.033731188375713546,2.2611666081604768e-07,4.1890729028084046e-10,0.7142388800945243
EP-2769341-B1,0.024909185262065387,0.0,2.26400175091227e-10,0.7142388800945243
EP-3104313-A1,0.033731188375713546,2.265698004168814e-07,4.1890729028084046e-10,0.7142388800945243
EP-3437807-A2,0.033731188375713546,2.2611666081604768e-07,4.1890729028084046e-10,0.7142388800945243
JP-2000168958-A,0.033731188375713546,2.2611666081604768e-07,4.1890729028084046e-10,0.7142388800945243
JP-2002154616-A,0.033731188375713546,2.2611666081604768e-07,4.1890729028084046e-10,0.7142388800945243
JP-2002154620-A,0.033731188375713546,2.2611666081604768e-07,4.1890729028084046e-10,0.7142388800945243
JP-2003104563-A,0.033731188375713546,2.2611666081604768e-07,4.1890729028084046e-10,0.7142388800945243
JP-2003335147-A,0.024909185262065387,0.0,2.26400175091227e-10,0.7142388800945243
JP-2004307111-A,0.033731188375713546,2.2611666081604768e-07,4.1890729028084046e-10,0.7142388800945243
JP-2005089067-A,0.033731188375713546,2.2611666081604768e-07,4.1890729028084046e-10,0.7141242590312263
JP-2007291451-A,0.033731188375713546,2.2611666081604768e-07,4.1890729028084046e-10,0.7142388800945243
JP-2017094428-A,0.033731188375713546,2.2611666081604768e-07,4.1890729028084046e-10,0.7142388800945243
JP-2018008824-A,0.033731188375713546,2.2611666081604768e-07,4.1890729028084046e-10,0.7142388800945243
JP-2018052691-A,0.033731188375713546,2.2611666081604768e-07,4.1890729028084046e-10,0.7142388800945243
JP-2018136896-A,0.033731188375713546,2.2611666081604768e-07,4.1890729028084046e-10,0.7142388800945243
JP-2018167950-A,0.033731188375713546,2.2611666081604768e-07,4.1890729028084046e-10,0.7142388800945243
JP-2019025618-A,0.033731188375713546,2.2611666081604768e-07,4.1890729028084046e-10,0.7142388800945243
JP-2019085213-A,0.033731188375713546,2.2611666081604768e-07,4.1890729028084046e-10,0.7142388800945243
JP-3586639-B2,0.033731188375713546,2.2611666081604768e-07,4.1890729028084046e-10,0.7142388800945243
JP-H03162320-A,0.033731188375713546,2.2611666081604768e-07,4.1890729028084046e-10,0.7142388800945243
JP-H04201926-A,0.033731188375713546,2.2611666081604768e-07,4.1890729028084046e-10,0.7142388800945243
JP-H08118274-A,0.033731188375713546,2.2611666081604768e-07,4.1890729028084046e-10,0.7142388800945243
JP-S6219963-A,0.033731188375713546,2.2611666081604768e-07,4.1890729028084046e-10,0.7142388800945243
US-10252870-B2,0.033731188375713546,2.2611666081604768e-07,4.1890729028084046e-10,0.725070766573048
US-10335947-B1,0.033731188375713546,2.2611666081604768e-07,4.1890729028084046e-10,0.7311708813450543
US-10549928-B1,0.033731188375713546,2.2611666081604768e-07,4.1890729028084046e-10,0.7392928471227104
US-10618172-B1,0.04099636741048262,0.015632430680285275,4.194206277578165e-10,0.7302449392579319
US-10647528-B1,0.033731188375713546,2.2611666081604768e-07,4.1890729028084046e-10,0.719762499396736
US-10679379-B1,0.033731188375713546,2.2611666081604768e-07,4.1890729028084046e-10,0.7307586400664358
US-10696493-B1,0.03822868015914202,0.0004129768820523628,4.1904840622373363e-10,0.7402659894325921
US-10696494-B1,0.033731188375713546,2.2611666081604768e-07,4.1890729028084046e-10,0.7244626936554713
US-10953549-B2,0.033731188375713546,2.2611666081604768e-07,4.1890729028084046e-10,0.730220141580853
US-11077554-B2,0.033731188375713546,2.2611666081604768e-07,4.1890729028084046e-10,0.7198717784359167
US-11319166-B2,0.03753675834630687,0.0004120654963125911,4.182500520701361e-10,0.7402659894325921
US-2002057838-A1,0.033731188375713546,2.265698004168814e-07,4.1890729028084046e-10,0.7260747346678105
US-2003110102-A1,0.033731188375713546,2.2611666081604768e-07,4.1890729028084046e-10,0.7237649039140326
US-2004120600-A1,0.033731188375713546,2.265698004168814e-07,4.1890729028084046e-10,0.6931092726561545
US-2005246056-A1,0.033731188375713546,2.265698004168814e-07,4.1890729028084046e-10,0.7139769339418965
US-2008030497-A1,0.033039266562878394,5.631661408471852e-08,4.1810893612724284e-10,0.7714026547058517
US-2008131255-A1,0.033731188375713546,2.2611666081604768e-07,4.1890729028084046e-10,0.7186428370821674
US-2008273801-A1,0.033731188375713546,2.2611666081604768e-07,4.1890729028084046e-10,0.7195165092728347
US-2009069939-A1,0.03822868015914202,0.0004129768820523628,4.1904840622373363e-10,0.7198100269239407
US-2009138121-A1,0.033039266562878394,5.620398085654908e-08,4.1810893612724284e-10,0.7338485120202599
US-2010178149-A1,0.033731188375713546,2.2611666081604768e-07,4.1890729028084046e-10,0.740353695984898
US-2010249989-A1,0.033731188375713546,2.2611666081604768e-07,4.1890729028084046e-10,0.7336135477655295
US-2011013809-A1,0.033731188375713546,2.2611666081604768e-07,4.1890729028084046e-10,0.7326582856319721
US-2011122231-A1,0.03822868015914202,0.0004129768820523628,4.1904840622373363e-10,0.731697163814248
US-2013163879-A1,0.033731188375713546,2.2611666081604768e-07,4.1890729028084046e-10,0.732453567991499
US-2013345870-A1,0.033731188375713546,2.265698004168814e-07,4.1890729028084046e-10,0.7198961109656881
US-2014180479-A1,0.033731188375713546,2.2611666081604768e-07,4.1890729028084046e-10,0.7382863606199138
US-2014374216-A1,0.03822868015914202,0.0004129768820523628,4.1904840622373363e-10,0.7197255666258568
US-2015073588-A1,0.03822868015914202,0.0004129768820523628,4.1904840622373363e-10,0.717406727845826
US-2015166272-A1,0.03822868015914202,0.0004129768820523628,4.1904840622373363e-10,0.7159473201645655
US-2016016311-A1,0.03822868015914202,0.0004129768820523628,4.1904840622373363e-10,0.7351164984712137
US-2016063309-A1,0.03822868015914202,0.00041380449103443163,4.1904840622373363e-10,0.7213857986202926
US-2016288330-A1,0.033731188375713546,2.2611666081604768e-07,4.1890729028084046e-10,0.7168315241137573
US-2016371850-A1,0.033731188375713546,2.2611666081604768e-07,4.1890729028084046e-10,0.7335618795297305
US-2017080566-A1,0.033731188375713546,2.2611666081604768e-07,4.1890729028084046e-10,0.7283988016277206
US-2017134680-A1,0.033731188375713546,2.2611666081604768e-07,4.1890729028084046e-10,0.7221667256021572
US-2017246744-A1,0.0344231101885487,0.00047406559016647745,4.189097185181169e-10,0.740860641426819
US-2017267467-A1,0.033731188375713546,2.2611666081604768e-07,4.1890729028084046e-10,0.7129276160813399
US-2018060765-A1,0.033731188375713546,2.265698004168814e-07,4.1890729028084046e-10,0.7142969855041267
US-2018065818-A1,0.033731188375713546,2.2611666081604768e-07,4.1890729028084046e-10,0.7118273832680606
US-2018304468-A1,0.033731188375713546,2.2611666081604768e-07,4.1890729028084046e-10,0.7395400498638682
US-2018312346-A1,0.033731188375713546,2.2611666081604768e-07,4.1890729028084046e-10,0.719494344438132
US-2019039237-A1,0.033731188375713546,2.2611666081604768e-07,4.1890729028084046e-10,0.715758487073786
US-2019061151-A1,0.033731188375713546,2.2611666081604768e-07,4.1890729028084046e-10,0.7212122085542573
US-2019114250-A1,0.033731188375713546,2.2611666081604768e-07,4.1890729028084046e-10,0.7200005689173209
US-2019143504-A1,0.033731188375713546,2.2611666081604768e-07,4.1890729028084046e-10,0.7245267836704942
US-2019197695-A1,0.033731188375713546,2.2611666081604768e-07,4.1890729028084046e-10,0.7170632277717076
US-2020376670-A1,0.02594706798131811,3.001929890535611e-08,2.2793505316718716e-10,0.730220141580853
US-2020377311-A1,0.029406677045493858,0.0002170924489340338,2.265412910341202e-10,0.7402659894325921
US-2020377312-A1,0.025774087528109325,2.743705441844809e-08,2.2756769918813842e-10,0.7244626936554713
US-2021237274-A1,0.033731188375713546,2.2611666081604768e-07,4.1890729028084046e-10,0.730220141580853
US-2021260762-A1,0.033731188375713546,2.2611666081604768e-07,4.1890729028084046e-10,0.7198717784359167
US-3586176-A,0.033731188375713546,2.2611666081604768e-07,4.1890729028084046e-10,0.7109254234157756
US-4641271-A,0.033731188375713546,2.2611666081604768e-07,4.1890729028084046e-10,0.7395820476761354
US-4676050-A,0.033731188375713546,2.2611666081604768e-07,4.1890729028084046e-10,0.7163601093149633
US-4692876-A,0.033731188375713546,2.2611666081604768e-07,4.1890729028084046e-10,0.7215654085266098
US-5079699-A,0.033731188375713546,2.2611666081604768e-07,4.1890729028084046e-10,0.757037222664364
US-5175692-A,0.033731188375713546,2.2611666081604768e-07,4.1890729028084046e-10,0.7245860253784769
US-5501571-A,0.033731188375713546,2.2611666081604768e-07,4.1890729028084046e-10,0.7259232807775343
US-5908283-A,0.033731188375713546,2.2611666081604768e-07,4.1890729028084046e-10,0.7271979399996545
US-6055462-A,0.03822868015914202,0.0004129768820523628,4.1904840622373363e-10,0.7037612922584181
US-7266422-B1,0.038401660612350806,0.0004143828290465452,4.1920917210960516e-10,0.7249941924778156
US-8290617-B2,0.03822868015914202,0.0004129768820523628,4.1904840622373363e-10,0.7251906210140168
US-9205562-B1,0.03822868015914202,0.0004129768820523628,4.1904840622373363e-10,0.7215130759002487
US-9315344-B1,0.03822868015914202,0.0004129768820523628,4.1904840622373363e-10,0.7138144407049463
US-9424470-B1,0.033731188375713546,2.2611666081604768e-07,4.1890729028084046e-10,0.7214440456412405
US-9457477-B1,0.033731188375713546,2.2611666081604768e-07,4.1890729028084046e-10,0.7317871489093857
US-9457970-B1,0.033731188375713546,2.2611666081604768e-07,4.1890729028084046e-10,0.7080236614258368
US-9688489-B1,0.033731188375713546,2.2611666081604768e-07,4.1890729028084046e-10,0.7333480412545914
US-9714145-B1,0.033731188375713546,2.2611666081604768e-07,4.1890729028084046e-10,0.7138144407049463
US-9866815-B2,0.033731188375713546,2.2611666081604768e-07,4.1890729028084046e-10,0.7513461136427677
WO-2017018113-A1,0.033731188375713546,2.2611666081604768e-07,4.1890729028084046e-10,0.7142388800945243
WO-2018194765-A1,0.033731188375713546,2.2611666081604768e-07,4.1890729028084046e-10,0.7142388800945243
EP-1712205-A2,0.0024217263449230237,0.0,2.6725431137303283e-05,0.7142388800945243
US-10085839-B2,0.0024217263449230237,0.0,2.6725431137303283e-05,0.7961122804229387
US-2012291284-A1,0.0024217263449230237,0.0,2.6725431137303283e-05,0.7588095477295976
US-2019175277-A1,0.0024217263449230237,0.0,2.6725431137303283e-05,0.82389164003529
US-8882847-B2,0.0024217263449230237,0.0,2.6725431137303283e-05,0.7784063387526402
US-8906107-B2,0.0024217263449230237,0.0,2.6725431137303283e-05,0.8055937364563795
WO-2007092841-A2,0.06815429856426224,0.0008241775854730104,0.000626012429347211,0.7142388800945243
US-11259876-B2,0.0010378827192527244,0.0,4.6449804302713e-08,0.7893715416709319
US-2018271601-A1,0.0010378827192527244,0.0,4.6449804302713e-08,0.790661829559729
US-2022175452-A1,0.0010378827192527244,0.0,4.6449804302713e-08,0.776130182541749
US-2022175453-A1,0.0010378827192527244,0.0,4.6449804302713e-08,0.7944681860771521
US-2022375114-A1,0.013492475350285417,0.003265733140103363,2.7078433420803832e-05,0.7821383179578135
US-2022406061-A1,0.012627573084241481,0.000399793648663719,2.7078334330545203e-05,0.7745497238433884
WO-2020086403-A1,0.0012108631724615118,1.6608996539792387e-06,6.96045969871319e-08,0.7142388800945243
US-2004120469-A1,0.0013838436256702993,0.0,9.28995520926694e-08,0.7897161119786005
US-2010256479-A1,0.0013838436256702993,0.0,9.28995520926694e-08,0.7939157882691988
US-2016239632-A1,0.0013838436256702993,0.0,9.28995520926694e-08,0.7969057243824287
US-2017018082-A1,0.0013838436256702993,0.0,9.28995520926694e-08,0.7619736528044971
US-2017323443-A1,0.0013838436256702993,0.0,9.28995520926694e-08,0.7883413846329372
WO-2016116946-A2,0.0013838436256702993,0.0,9.28995520926694e-08,0.7142388800945243
WO-2019180745-A1,0.0013838436256702993,0.0,9.28995520926694e-08,0.7142388800945243
WO-2019180746-A1,0.0013838436256702993,0.0,9.28995520926694e-08,0.7141242590312263
CN-104287836-A,0.011416709911779968,0.0,8.341720497919558e-05,0.7142388800945243
CN-106725711-A,0.011589690364988756,6.873524701734324e-06,8.408451430299143e-05,0.7142388800945243
US-10130477-B2,0.011589690364988756,6.261328060636018e-08,8.367323789337452e-05,0.7661055129496589
US-10245087-B2,0.011416709911779968,0.0,8.341720497919558e-05,0.7756269510829064
US-10433880-B2,0.011589690364988756,6.261328060636018e-08,8.367323789337452e-05,0.7756269510829064
US-10492802-B2,0.011762670818197544,7.630381562366025e-06,0.0001332929013739517,0.7543627384077631
US-10548619-B2,0.011416709911779968,0.0,8.341720497919558e-05,0.8133118547059167
US-10588645-B1,0.011416709911779968,0.0,8.341720497919558e-05,0.7757153434044364
US-2005177169-A1,0.21397682061927004,0.0014675047063337824,0.029212661526962,0.7629941229295408
US-2011190774-A1,0.015395260335582079,0.0007466303461764224,0.00013702962430286347,0.7941994636119594
US-2011245833-A1,0.011416709911779968,0.0,8.341720497919557e-05,0.8065622006749832
US-2012179070-A1,0.011416709911779968,0.0,8.341720497919557e-05,0.757958249442756
US-2014039454-A1,0.011416709911779968,0.0,8.341720497919557e-05,0.7729820832766399
US-2014039517-A1,0.13267600761113993,0.04265101778852999,0.0005374346416236224,0.7839178761859844
US-2014222023-A1,0.011589690364988756,1.6524332665819612e-06,0.00010835715060847595,0.7667120885357527
US-2014276949-A1,0.013492475350285417,6.457807716754509e-05,0.00011054671222788887,0.7462777805065954
US-2015150616-A1,0.011416709911779968,0.0,8.341720497919557e-05,0.7977846593043216
US-2016331467-A1,0.011589690364988756,6.261328060636018e-08,8.367323789337451e-05,0.7953328694859272
US-2016354162-A1,0.01729804532087874,0.0006543651450084043,8.495634302821687e-05,0.7747973200338879
US-2017065347-A1,0.011416709911779968,0.0,8.341720497919557e-05,0.8234402625231841
US-2017325845-A1,0.011416709911779968,0.0,8.341720497919557e-05,0.7756269510829064
US-2018014890-A1,0.011589690364988756,6.873524701734324e-06,8.408451430299145e-05,0.8010209654052934
US-2018014891-A1,0.013838436256702993,0.000582924543696098,0.0001589827707497462,0.8026269942470824
US-2018035893-A1,0.011416709911779968,0.0,8.341720497919557e-05,0.7652816205714595
US-2018092669-A1,0.011416709911779968,0.0,8.341720497919557e-05,0.7846220361125906
US-2018271602-A1,0.011589690364988756,2.626392606594878e-06,8.406420666661472e-05,0.8124928720033303
US-2018289432-A1,0.04999135097733956,0.002293840243097284,0.0001238556818406411,0.8066487753628664
US-2018318019-A1,0.011589690364988756,2.626392606594878e-06,8.406420666661472e-05,0.7779737706529999
US-2019069882-A1,0.011416709911779968,0.0,8.341720497919557e-05,0.7499897458395327
US-2019133663-A1,0.011416709911779968,0.0,8.341720497919557e-05,0.7849540871995346
US-2019209011-A1,0.011416709911779968,0.0,8.341720497919557e-05,0.7630418483716636
US-2019247057-A1,0.011416709911779968,0.0,8.341720497919557e-05,0.7989593638510406
US-2019262078-A1,0.011416709911779968,0.0,8.341720497919557e-05,0.7969326351655611
US-2019314040-A1,0.011589690364988756,1.8004140413343869e-07,0.0001083555137840224,0.786303880735147
US-2019314158-A1,0.011416709911779968,0.0,8.341720497919557e-05,0.7847683943115122
US-2019336220-A1,0.08303061754021795,0.0029938100829320947,0.0007350982721929917,0.828465085058914
US-2019343640-A1,0.011416709911779968,0.0,8.341720497919557e-05,0.7598692815375969
US-2020015909-A1,0.011589690364988756,1.4599785977528977e-06,8.496759350300571e-05,0.7877883172191107
US-2020029979-A1,0.011416709911779968,0.0,8.341720497919557e-05,0.7543627384077631
US-2020054215-A1,0.011416709911779968,0.0,8.341720497919557e-05,0.8109656728572902
US-2020093611-A1,0.011416709911779968,0.0,8.341720497919557e-05,0.8081191314042582
US-2020121404-A1,0.011416709911779968,0.0,8.341720497919557e-05,0.7936244509880198
US-2020324408-A1,0.011416709911779968,0.0,8.341720497919557e-05,0.7888857335818287
US-5299288-A,0.0728247708008995,0.0014285270848710396,0.0010545722362907497,0.7988913728370881
US-8615286-B2,0.011589690364988756,6.873524701734324e-06,8.408451430299145e-05,0.822852293522399
US-8894654-B2,0.012973533990659055,0.00010593316779780769,0.00015898184688286507,0.7492093016577371
US-9119655-B2,0.21570662515135788,0.0019455466169105628,0.02921332410326204,0.784083732754448
US-9131597-B2,0.011416709911779968,0.0,8.341720497919557e-05,0.7705613865846495
US-9179875-B2,0.011416709911779968,0.0,8.341720497919557e-05,0.7623896259856509
US-9314239-B2,0.011589690364988756,1.6524332665819612e-06,0.00010835715060847595,0.7890731375741222
US-9554838-B2,0.011416709911779968,0.0,8.341720497919557e-05,0.78970464444098
US-9603665-B2,0.011589690364988756,1.4599785977528977e-06,8.496759350300571e-05,0.7852270791390339
US-9649164-B2,0.011416709911779968,0.0,8.341720497919557e-05,0.7849453342154914
US-9848834-B2,0.011416709911779968,0.0,8.341720497919557e-05,0.8075812049570772
WO-2017137087-A1,0.011416709911779968,0.0,8.341720497919557e-05,0.7142388800945243
US-2009216116-A1,0.0013838436256702993,0.0,3.4809674535119127e-08,0.8191884703669415
US-2010056900-A1,0.0013838436256702993,0.0,3.4809674535119127e-08,0.8081591411381297
US-2013317353-A1,0.0013838436256702993,0.0,3.4809674535119127e-08,0.7707330658379555
US-2014266591-A1,0.0013838436256702993,0.0,3.4809674535119127e-08,0.730390321283262
US-2019205820-A1,0.0013838436256702993,0.0,3.4809674535119127e-08,0.7387377897243921
US-2021393344-A1,0.04099636741048262,0.00768961937716263,4.0414270768401986e-05,0.7780771027396768
US-2021401507-A1,0.0013838436256702993,0.0,3.4809674535119127e-08,0.7647390496701915
US-2022047745-A1,0.0013838436256702993,0.0,3.4809674535119127e-08,0.7555192424266709
US-5558091-A,0.0013838436256702993,0.0,3.4809674535119127e-08,0.7213896703846976
US-2007270685-A1,0.07074900536239405,0.0023241721558428306,0.0010292914332400546,0.7752581903479123
US-2016228204-A1,0.00467047223663726,0.0004400312457148348,5.44887380847816e-05,0.788205333125951
US-2016338782-A1,0.002594706798131811,0.0,5.400246616006329e-05,0.8032526753907446
US-2018110572-A1,0.004497491783428472,3.411080357588468e-05,7.960833128270458e-05,0.7509756675265246
US-2018168750-A1,0.06832727901747103,0.0003164553651572776,0.0006532429762090217,0.7839144690986534
US-2018353248-A1,0.002594706798131811,0.0,5.400246616006329e-05,0.7723664464868855
US-2019231446-A1,0.002594706798131811,0.0,5.400246616006329e-05,0.7649036804311371
US-2020323540-A1,0.06832727901747103,0.0003164553651572776,0.0006532429762090217,0.7914643850868356
US-8753346-B2,0.002594706798131811,0.0,5.4002466160063305e-05,0.7311748718697529
US-9610689-B2,0.002594706798131811,0.0,5.4002466160063305e-05,0.7338575037838677
US-2011257653-A1,0.006054315862307559,4.6580733913852174e-05,5.408822724530086e-05,0.8348574118609157
US-2019125459-A1,0.0006919218128351496,0.0,1.2778149936676228e-06,0.7822733999080177
US-10285765-B2,0.0019027849852966616,0.0,2.072841195167142e-07,0.7979023589371407
US-2008108873-A1,0.0019027849852966616,0.0,2.072841195167142e-07,0.767899786921672
US-2009248038-A1,0.002940667704549386,0.00010806015847342375,2.604378984574761e-07,0.7717914496571107
US-2011319932-A1,0.0019027849852966616,0.0,2.072841195167142e-07,0.7556698472729091
US-2019192259-A1,0.0019027849852966616,0.0,2.072841195167142e-07,0.7578837955257074
US-2019275323-A1,0.0019027849852966616,0.0,2.072841195167142e-07,0.7357045997285468
US-2023015516-A1,0.0019027849852966616,0.0,2.072841195167142e-07,0.7926736545832896
US-9901401-B2,0.0019027849852966616,0.0,2.072841195167142e-07,0.8040858883571186
WO-2013132501-A1,0.0019027849852966616,0.0,2.072841195167142e-07,0.7141242590312263
WO-2017098503-A1,0.0019027849852966616,0.0,2.072841195167142e-07,0.7142388800945243
WO-2017098507-A1,0.0019027849852966616,0.0,2.072841195167142e-07,0.7142388800945243
JP-2003335417-A,0.03321224701608718,2.0310100343273709e-07,4.1830587841162315e-10,0.7142388800945243
US-2018357552-A1,0.02456322435564781,0.0,2.2549018805358033e-10,0.7087754537140747
US-2020380722-A1,0.02456322435564781,0.0,2.2549018805358033e-10,0.7310328830019308
US-2021138651-A1,0.02456322435564781,0.0,2.2549018805358033e-10,0.6987341837704721
US-2021312706-A1,0.02456322435564781,0.0,2.2549018805358033e-10,0.7423439625356846
EP-2433569-A1,0.0013838436256702993,0.0,9.541381295577083e-08,0.7142388800945243
JP-2013081110-A,0.0013838436256702993,0.0,9.541381295577083e-08,0.7142388800945243
US-10832486-B1,0.0013838436256702993,0.0,9.541381295577083e-08,0.764525452681575
US-2006036162-A1,0.0013838436256702993,0.0,9.541381295577083e-08,0.8177757913565
US-2014046186-A1,0.0013838436256702993,0.0,9.541381295577083e-08,0.7470660759033083
US-2015087987-A1,0.0013838436256702993,0.0,9.541381295577083e-08,0.7460882398027036
US-2018296184-A1,0.0013838436256702993,0.0,9.541381295577083e-08,0.7477212758522402
US-2019216439-A1,0.0013838436256702993,0.0,9.541381295577083e-08,0.7357064218014653
US-2013060146-A1,0.06209998270195468,0.002067704310423547,0.00023259576809467444,0.792514237826661
US-2013274596-A1,0.0024217263449230237,0.0,5.12983982159104e-07,0.7887235863546304
US-2015145966-A1,0.0024217263449230237,0.0,5.12983982159104e-07,0.7437276882114069
US-2017014203-A1,0.0024217263449230237,0.0,5.12983982159104e-07,0.7535597106897323
US-2017017069-A1,0.002594706798131811,6.281941295018348e-05,7.57766481599886e-07,0.72832291622856
US-2022008139-A1,0.0024217263449230237,0.0,5.12983982159104e-07,0.7499477433460184
US-2022087749-A1,0.0024217263449230237,0.0,5.12983982159104e-07,0.7673173345401479
WO-2016044934-A1,0.0024217263449230237,0.0,5.12983982159104e-07,0.7141242590312263
WO-2020012479-A1,0.0024217263449230237,0.0,5.12983982159104e-07,0.7142388800945243
US-2006094958-A1,0.0001729804532087874,0.0,5.130202798377061e-07,0.7316416651991468
US-2016278868-A1,0.06607853312575679,0.00017301038062283736,0.0006003564129711767,0.8191013148418951
CA-2929282-A1,0.015395260335582079,0.0,8.474218986727531e-05,0.7142388800945243
CN-101160104-A,0.015395260335582079,0.0,8.474218986727531e-05,0.7142388800945243
CN-101160104-B,0.015395260335582079,0.0,8.474218986727531e-05,0.7142388800945243
CN-102362302-A,0.015395260335582079,0.0,8.474218986727531e-05,0.7142388800945243
CN-103249368-A,0.015395260335582079,0.0,8.474218986727531e-05,0.7142388800945243
CN-103705306-A,0.015395260335582079,0.0,8.474218986727531e-05,0.7142388800945243
CN-103961178-A,0.015395260335582079,0.0,8.474218986727531e-05,0.7142388800945243
CN-104203078-A,0.015395260335582079,0.0,8.474218986727531e-05,0.7142388800945243
CN-104271046-A,0.015395260335582079,0.0,8.474218986727531e-05,0.7142388800945243
CN-104582624-A,0.015395260335582079,0.0,8.474218986727531e-05,0.7141242590312263
CN-104661612-A,0.015395260335582079,0.0,8.474218986727531e-05,0.7142388800945243
EP-1356781-A2,0.015395260335582079,0.0,8.474218986727531e-05,0.7142388800945243
EP-1443416-A1,0.015395260335582079,0.0,8.474218986727531e-05,0.7142388800945243
JP-2000287986-A,0.015395260335582079,0.0,8.474218986727531e-05,0.7142388800945243
JP-2003150569-A,0.015395260335582079,0.0,8.474218986727531e-05,0.7142388800945243
JP-2007534351-A,0.020411693478636913,0.0005434906314438594,9.116129948070027e-05,0.7142388800945243
JP-2012065698-A,0.015395260335582079,0.0,8.474218986727531e-05,0.7141242590312263
JP-2013543764-A,0.015395260335582079,0.0,8.474218986727531e-05,0.7142388800945243
KR-20150047478-A,0.015395260335582079,0.0,8.474218986727531e-05,0.7142388800945243
US-10912619-B2,0.015395260335582079,0.0,8.474218986727531e-05,0.7953340259979076
US-11058501-B2,0.015395260335582079,0.0,8.474218986727531e-05,0.8013588034051763
US-2003029463-A1,0.015395260335582079,0.0,8.474218986727531e-05,0.778142477470289
US-2003216715-A1,0.015395260335582079,0.0,8.474218986727531e-05,0.7880203806298312
US-2004106916-A1,0.277460646946895,0.009730117409034924,0.029480452609738094,0.7709471196013625
US-2009017430-A1,0.015395260335582079,0.0,8.474218986727531e-05,0.807178657575483
US-2009036775-A1,0.015395260335582079,0.0,8.474218986727531e-05,0.7854855020839756
US-2009036902-A1,0.015395260335582079,0.0,8.474218986727531e-05,0.7894372917228345
US-2009088634-A1,0.21795537104307214,0.004874868776057773,0.029213511396194627,0.7711303395896365
US-2010191071-A1,0.015395260335582079,0.0,8.474218986727531e-05,0.7713145095303234
US-2010248200-A1,0.015395260335582079,0.0,8.474218986727531e-05,0.7923391875305454
US-2011046476-A1,0.015395260335582079,0.0,8.474218986727531e-05,0.7911699765960463
US-2011267450-A1,0.015395260335582079,0.0,8.474218986727531e-05,0.7164618457674002
US-2011295247-A1,0.015395260335582079,0.0,8.474218986727531e-05,0.7812640156608864
US-2011305379-A1,0.01798996713371389,0.000565178189406096,8.814837496301192e-05,0.7960993367980522
US-2012178069-A1,0.015395260335582079,0.0,8.474218986727531e-05,0.7604026183869518
US-2013041368-A1,0.015395260335582079,0.0,8.474218986727531e-05,0.7663231178161422
US-2013331859-A1,0.015395260335582079,0.0,8.474218986727531e-05,0.8000798689619247
US-2014005684-A1,0.015395260335582079,0.0,8.474218986727531e-05,0.7913330141219175
US-2014046128-A1,0.015395260335582079,0.0,8.474218986727531e-05,0.778714889580966
US-2014081659-A1,0.022314478463933574,0.0016434842071927022,0.00011276085189696235,0.8227973959023938
US-2014107471-A1,0.019200830306175403,0.0009254109571546201,0.00011343481064245659,0.7789710868955119
US-2014199673-A1,0.015395260335582079,0.0,8.474218986727531e-05,0.7983511691575362
US-2014200440-A1,0.015395260335582079,0.0,8.474218986727531e-05,0.7250931401067167
US-2014228860-A1,0.027157931153779624,0.008741755013557034,0.00019317651386130744,0.8255612490925383
US-2014272867-A1,0.015395260335582079,0.0,8.474218986727531e-05,0.8053363173389877
US-2014276943-A1,0.015395260335582079,0.0,8.474218986727531e-05,0.7851571859441996
US-2014287393-A1,0.015395260335582079,0.0,8.474218986727531e-05,0.7847843473844462
US-2014343913-A1,0.015395260335582079,0.0,8.474218986727531e-05,0.8128880052036611
US-2014379132-A1,0.015395260335582079,0.0,8.474218986727531e-05,0.6969816603680239
US-2015298318-A1,0.015395260335582079,0.0,8.474218986727531e-05,0.7311246262527512
US-2015356252-A1,0.015395260335582079,0.0,8.474218986727531e-05,0.7815360927415648
US-2016098933-A1,0.015395260335582079,0.0,8.474218986727531e-05,0.7946450232742053
US-2016106616-A1,0.015395260335582079,0.0,8.474218986727531e-05,0.7238246477661082
US-2016157832-A1,0.015395260335582079,0.0,8.474218986727531e-05,0.7298717427844076
US-2018153505-A1,0.015395260335582079,0.0,8.474218986727531e-05,0.7552586638428006
US-2018153632-A1,0.015395260335582079,0.0,8.474218986727531e-05,0.8013588034051763
US-2018345557-A1,0.015395260335582079,0.0,8.474218986727531e-05,0.7117066003052619
US-2019029766-A1,0.015395260335582079,0.0,8.474218986727531e-05,0.8146941637348595
US-2021186634-A1,0.015395260335582079,0.0,8.474218986727531e-05,0.7953340259979076
US-2021282804-A1,0.015395260335582079,0.0,8.474218986727531e-05,0.7819483367810078
US-2021315650-A1,0.015395260335582079,0.0,8.474218986727531e-05,0.8013588034051763
US-4887222-A,0.015395260335582079,0.0,8.474218986727531e-05,0.737203073986586
US-5704791-A,0.0755924580522401,0.0019443748667986838,0.0010035358369533448,0.794988721660351
US-5769640-A,0.06919218128351497,0.0017977570142206087,0.0009563677166940733,0.7971048925649593
US-6074213-A,0.015395260335582079,0.0,8.474218986727531e-05,0.7715211990074305
US-6573889-B1,0.015395260335582079,0.0,8.474218986727531e-05,0.7265666512430557
US-7236618-B1,0.015395260335582079,0.0,8.474218986727531e-05,0.7189952378203165
US-8317744-B2,0.015395260335582079,0.0,8.474218986727531e-05,0.7720600580834465
US-8663122-B2,0.015395260335582079,0.0,8.474218986727531e-05,0.7545708414597964
US-8992230-B2,0.015395260335582079,0.0,8.474218986727531e-05,0.7436185206343847
US-9161817-B2,0.015395260335582079,0.0,8.474218986727531e-05,0.7703639105088501
US-9196176-B2,0.015395260335582079,0.0,8.474218986727531e-05,0.8001846000449845
US-9268915-B2,0.015395260335582079,0.0,8.474218986727531e-05,0.7439937901327579
US-9341704-B2,0.015395260335582079,0.0,8.474218986727531e-05,0.7299021990486696
US-9652591-B2,0.015395260335582079,0.0,8.474218986727531e-05,0.8030322217552601
WO-2006091494-A1,0.08008994983566857,0.0022257431158347156,0.0010314535279063403,0.7142388800945243
WO-2010039394-A1,0.015395260335582079,0.0,8.474218986727531e-05,0.7142388800945243
WO-2012065175-A2,0.015395260335582079,0.0,8.474218986727531e-05,0.7142388800945243
WO-2012158324-A2,0.015395260335582079,0.0,8.474218986727531e-05,0.7142388800945243
WO-2014005139-A2,0.015395260335582079,0.0,8.474218986727531e-05,0.7142388800945243
WO-2014139021-A1,0.015395260335582079,0.0,8.474218986727531e-05,0.7142388800945243
WO-2015066565-A1,0.015395260335582079,0.0,8.474218986727531e-05,0.7142388800945243
WO-2015095715-A1,0.015395260335582079,0.0,8.474218986727531e-05,0.7142388800945243
WO-2016201123-A1,0.015395260335582079,0.0,8.474218986727531e-05,0.7142388800945243
WO-2017083768-A1,0.015395260335582079,0.0,8.474218986727531e-05,0.7142388800945243
CN-113767176-A,0.0015568240788790867,0.0,3.4839737893217285e-08,0.7142388800945243
US-11432828-B1,0.004324511330219685,0.002768166089965398,3.484015439738201e-08,0.7770976196274594
US-2016015471-A1,0.0015568240788790867,0.0,3.4839737893217285e-08,0.7898755186627137
US-2021152802-A1,0.0015568240788790867,0.0,3.4839737893217285e-08,0.726010315835899
US-2023100989-A1,0.0015568240788790867,0.0,3.4839737893217285e-08,0.7443183078017862
US-2023109848-A1,0.0015568240788790867,0.0,3.4839737893217285e-08,0.7443183078017862
WO-2019030235-A1,0.0015568240788790867,0.0,3.4839737893217285e-08,0.7142388800945243
WO-2021019369-A1,0.0015568240788790867,0.0,3.4839737893217285e-08,0.7142388800945243
WO-2021216516-A1,0.0015568240788790867,0.0,3.4839737893217285e-08,0.7142388800945243
US-2004087852-A1,0.005189413596263622,0.0013987651671316917,2.6119917894326954e-05,0.7944350483041692
US-2007198022-A1,0.002940667704549386,0.0,2.6095595868861472e-05,0.7860745279150522
US-2008255584-A1,0.002940667704549386,0.0,2.6095595868861472e-05,0.7744728056170551
US-2008269596-A1,0.005189413596263622,0.0013987651671316917,2.6119917894326954e-05,0.8062167560346893
US-2011130761-A1,0.25203252032520324,0.0070236886803828205,0.029427772228812887,0.8165023117299817
US-2012041446-A1,0.002940667704549386,0.0,2.6095595868861472e-05,0.7860745279150522
US-2014134586-A1,0.002940667704549386,0.0,2.6095595868861472e-05,0.7528808675748131
US-2014343403-A1,0.002940667704549386,0.0,2.6095595868861472e-05,0.817870124416865
US-2015057756-A1,0.013319494897076631,0.0002562232760636413,0.000134578816030482,0.8068980730077516
US-2015182292-A1,0.002940667704549386,0.0,2.6095595868861472e-05,0.818510901328963
US-2017119281-A1,0.002940667704549386,0.0,2.6095595868861472e-05,0.7604882281092917
US-2019298452-A1,0.002940667704549386,0.0,2.6095595868861472e-05,0.7584723876684909
US-2020138518-A1,0.017471025774087528,0.0022373295479093847,5.317585153217898e-05,0.7995057974006655
US-7796791-B2,0.002940667704549386,0.0,2.6095595868861472e-05,0.7705405147317625
US-9603711-B2,0.002940667704549386,0.0,2.6095595868861472e-05,0.8055937364563795
US-2007293792-A1,0.0005189413596263622,0.0,7.514293899925789e-10,0.7635487596255276
US-2013023795-A1,0.00934094447327452,0.0005190311418685121,8.777694336767058e-07,0.7209441432785072
US-2018000348-A1,0.0005189413596263622,0.0,7.51429389992579e-10,0.7868959836650904
US-2019167447-A1,0.0005189413596263622,0.0,7.51429389992579e-10,0.7839219651995817
US-2010217400-A1,0.20861442656979762,0.00510639940053906,0.02921303126860723,0.8258863695108463
US-2019105108-A1,0.0006919218128351496,0.0,2.5023343484573142e-05,0.8462997488782132
US-2022273281-A1,0.0006919218128351496,0.0,2.5023343484573142e-05,0.8187830237040774
WO-2020186194-A9,0.0006919218128351496,0.0,2.5023343484573142e-05,0.7142388800945243
WO-2021003275-A1,0.0006919218128351496,0.0,2.5023343484573142e-05,0.7142388800945243
US-10499996-B2,0.2212419996540391,0.020116748712744974,0.029209404733658302,0.8082443738129351
US-2001016684-A1,0.007438159487977858,0.0,5.4146697148513634e-05,0.8043738002422258
US-2002077543-A1,0.007438159487977858,0.0,5.4146697148513634e-05,0.8206355567949372
US-2002087101-A1,0.007438159487977858,0.0,5.4146697148513634e-05,0.7872079494709463
US-2002147455-A1,0.007438159487977858,0.0,5.4146697148513634e-05,0.8205702751199943
US-2002188194-A1,0.007438159487977858,0.0,5.4146697148513634e-05,0.7881703622718101
US-2003069591-A1,0.2592976993599723,0.007102782530855533,0.029450546601286893,0.8109181348832512
US-2003095186-A1,0.007438159487977858,0.0,5.4146697148513634e-05,0.7158711408698669
US-2003120283-A1,0.007438159487977858,0.0,5.4146697148513634e-05,0.7490487955233409
US-2003130610-A1,0.007438159487977858,0.0,5.4146697148513634e-05,0.7589446565845348
US-2003159141-A1,0.007438159487977858,0.0,5.4146697148513634e-05,0.7789668378699472
US-2006064030-A1,0.007438159487977858,0.0,5.4146697148513634e-05,0.7882300311284871
US-2006089626-A1,0.007438159487977858,0.0,5.4146697148513634e-05,0.8007256494736653
US-2007081695-A1,0.007611139941186646,7.82050756054788e-06,5.502549701329932e-05,0.7121264457813754
US-2009046152-A1,0.007438159487977858,0.0,5.4146697148513634e-05,0.7169346290212817
US-2009105584-A1,0.007438159487977858,0.0,5.4146697148513634e-05,0.7592522326924974
US-2013033700-A1,0.007438159487977858,0.0,5.4146697148513634e-05,0.7692695974591872
US-2015045665-A1,0.007438159487977858,0.0,5.4146697148513634e-05,0.7934209337033672
US-2016073962-A1,0.007438159487977858,0.0,5.4146697148513634e-05,0.7743881081033821
US-2017319143-A1,0.007438159487977858,0.0,5.4146697148513634e-05,0.7743881081033821
US-2019380792-A1,0.08683618751081128,0.01290134103893417,0.0006555450100402878,0.8218999102203911
US-2020231356-A1,0.007438159487977858,0.0,5.4146697148513634e-05,0.7156998536801832
US-2021145608-A1,0.007611139941186646,7.82050756054788e-06,5.502549701329932e-05,0.7847977788170739
US-5594786-A,0.007438159487977858,0.0,5.4146697148513634e-05,0.7624954983981567
US-5782765-A,0.007438159487977858,0.0,5.4146697148513634e-05,0.7845388025928097
US-5873822-A,0.007438159487977858,0.0,5.4146697148513634e-05,0.7792429938157349
US-5967980-A,0.007438159487977858,0.0,5.4146697148513634e-05,0.7792429938157349
US-6006126-A,0.06850025947067981,0.002431953564563679,0.0009993592365114409,0.7631732096722738
US-6122541-A,0.007438159487977858,0.0,5.4146697148513634e-05,0.7924526146303855
US-6127672-A,0.007438159487977858,0.0,5.4146697148513634e-05,0.725189048933391
US-6272370-B1,0.007438159487977858,0.0,5.4146697148513634e-05,0.7581221242537077
US-6273896-B1,0.007438159487977858,0.0,5.4146697148513634e-05,0.7975446559368047
US-6275725-B1,0.007438159487977858,0.0,5.4146697148513634e-05,0.7625957709526983
US-6282437-B1,0.007438159487977858,0.0,5.4146697148513634e-05,0.8060951308507888
US-6298262-B1,0.007438159487977858,0.0,5.4146697148513634e-05,0.7838830014737909
US-6348058-B1,0.007438159487977858,0.0,5.4146697148513634e-05,0.7959983588417219
US-6402762-B2,0.007438159487977858,0.0,5.4146697148513634e-05,0.7953254749880782
US-6491699-B1,0.007438159487977858,0.0,5.4146697148513634e-05,0.7865003535732327
US-6529765-B1,0.007438159487977858,0.0,5.4146697148513634e-05,0.7778234081868027
US-6546277-B1,0.06850025947067981,0.0024370915439107257,0.0009993585263175875,0.8143118169344005
US-6675040-B1,0.007438159487977858,0.0,5.4146697148513634e-05,0.7763084704864733
US-6697664-B2,0.007438159487977858,0.0,5.4146697148513634e-05,0.8010266531457775
US-6837864-B1,0.007611139941186646,7.82050756054788e-06,5.502549701329932e-05,0.7688920029191993
US-9044162-B2,0.007438159487977858,0.0,5.4146697148513634e-05,0.7484833572518
US-2002087048-A1,0.20532779795883066,0.0043912237820824315,0.029204139835953286,0.7623504027241632
US-2006293562-A1,0.002940667704549386,0.0,2.532017733414044e-05,0.7589147173395585
US-2007276291-A1,0.002940667704549386,0.0,2.532017733414044e-05,0.7750280236837254
US-2009315989-A1,0.002940667704549386,0.0,2.532017733414044e-05,0.7103417876370965
US-2010149183-A1,0.002940667704549386,0.0,2.532017733414044e-05,0.7200520374899281
US-2012041345-A1,0.002940667704549386,0.0,2.532017733414044e-05,0.7753032119450373
US-2013144191-A1,0.002940667704549386,0.0,2.532017733414044e-05,0.7224038581652611
US-2015011830-A1,0.002940667704549386,0.0,2.532017733414044e-05,0.7481018793000879
US-2017164869-A1,0.007611139941186646,0.0004071926239607819,5.1577104867068945e-05,0.749147954179465
US-2019053848-A1,0.002940667704549386,0.0,2.532017733414044e-05,0.7385391630732145
US-2021381823-A1,0.002940667704549386,0.0,2.532017733414044e-05,0.728889378799415
US-2022354380-A1,0.002940667704549386,0.0,2.532017733414044e-05,0.7735504961037291
US-2022409305-A1,0.002940667704549386,0.0,2.532017733414044e-05,0.7564850923200703
US-4428670-A,0.002940667704549386,0.0,2.532017733414044e-05,0.7182015010064456
US-5471988-A,0.002940667704549386,0.0,2.532017733414044e-05,0.7544841911086313
US-5662587-A,0.002940667704549386,0.0,2.532017733414044e-05,0.7659138451586716
US-6648814-B2,0.002940667704549386,0.0,2.532017733414044e-05,0.7345311985589708
US-8069735-B1,0.002940667704549386,0.0,2.532017733414044e-05,0.7059781947691621
US-2010161129-A1,0.06071613907628438,0.0008650519031141869,0.00023248394533534762,0.720847506196571
US-2010228265-A1,0.0008649022660439371,0.0,2.0082989094017132e-07,0.7823763384154949
US-2011015569-A1,0.0008649022660439371,0.0,2.0082989094017132e-07,0.7632214714402896
US-2011202068-A1,0.0008649022660439371,0.0,2.0082989094017132e-07,0.7855222816702454
US-2017071681-A1,0.0008649022660439371,0.0,2.0082989094017132e-07,0.7744624012019401
US-2018317740-A1,0.0008649022660439371,0.0,2.0082989094017132e-07,0.798697946575732
US-10646768-B2,0.0006919218128351496,0.0,1.1669635597971287e-12,0.7307889662107011
US-2009011907-A1,0.0006919218128351496,0.0,1.1669635597971287e-12,0.7139496794724733
US-2018290017-A1,0.0006919218128351496,0.0,1.1669635597971287e-12,0.7396403738934594
US-6162189-A,0.0006919218128351496,0.0,1.1669635597971287e-12,0.7624525242560484
US-10973590-B2,0.0006919218128351496,0.0,3.0608903814500743e-09,0.7938352751694049
US-11497436-B1,0.0006919218128351496,0.0,3.0608903814500743e-09,0.8212878351039856
US-2020197123-A1,0.003805569970593323,0.0007445595080855279,3.5722247465749537e-06,0.7687844477197464
US-2021059822-A1,0.0006919218128351496,0.0,3.0608903814500743e-09,0.8236404079414816
US-2021196404-A1,0.0006919218128351496,0.0,3.0608903814500743e-09,0.8044236487966646
JP-7175487-B1,0.0006919218128351496,0.0,3.7215777468513416e-13,0.7142388800945243
US-2021383550-A1,0.0006919218128351496,0.0,3.7215777468513416e-13,0.7314415380618334
EP-3510963-A1,0.011762670818197544,0.0,2.7078116298991834e-05,0.7142388800945243
US-10307296-B2,0.011762670818197544,0.0,2.7078116298991834e-05,0.7843588416912448
US-10729502-B1,0.011762670818197544,0.0,2.7078116298991834e-05,0.7873219645190629
US-10758309-B1,0.011762670818197544,0.0,2.7078116298991834e-05,0.7893921449222824
US-11348257-B2,0.014357377616329355,0.0016819883552127539,2.7123940739926955e-05,0.8080014509744589
US-2006293558-A1,0.011762670818197544,0.0,2.7078116298991834e-05,0.7564391203209834
US-2007282344-A1,0.011762670818197544,0.0,2.7078116298991834e-05,0.8057035918224091
US-2008161680-A1,0.011762670818197544,0.0,2.7078116298991834e-05,0.8159797419347016
US-2010208064-A1,0.011762670818197544,0.0,2.7078116298991834e-05,0.7181645657006789
US-2011141140-A1,0.011762670818197544,0.0,2.7078116298991834e-05,0.7871103436627841
US-2011301447-A1,0.011762670818197544,0.0,2.7078116298991834e-05,0.7535440022429439
US-2014005542-A1,0.011762670818197544,0.0,2.7078116298991834e-05,0.7743347466264217
US-2014012138-A1,0.011762670818197544,0.0,2.7078116298991834e-05,0.7929919474585668
US-2015046818-A1,0.011762670818197544,0.0,2.7078116298991834e-05,0.8096024279613135
US-2015351967-A1,0.011762670818197544,0.0,2.7078116298991834e-05,0.7649344181004648
US-2016135816-A1,0.011762670818197544,0.0,2.7078116298991834e-05,0.7867278167547682
US-2016337182-A1,0.011762670818197544,0.0,2.7078116298991834e-05,0.7054278625688666
US-2017046833-A1,0.011762670818197544,0.0,2.7078116298991834e-05,0.7756345530720997
US-2018110398-A1,0.011762670818197544,0.0,2.7078116298991834e-05,0.7361676427000509
US-2019310819-A1,0.011762670818197544,0.0,2.7078116298991834e-05,0.7665030724271404
US-2019343588-A1,0.011762670818197544,0.0,2.7078116298991834e-05,0.7959019991295875
US-2019362834-A1,0.011762670818197544,0.0,2.7078116298991834e-05,0.7797398291406689
US-2019385302-A1,0.011762670818197544,0.0,2.7078116298991834e-05,0.7444575470152548
US-2020138534-A1,0.011762670818197544,0.0,2.7078116298991834e-05,0.794769724377803
US-2020253667-A1,0.011762670818197544,0.0,2.7078116298991834e-05,0.8085519728366827
US-2021038234-A1,0.011762670818197544,0.0,2.7078116298991834e-05,0.7660198915346023
US-2021059758-A1,0.011762670818197544,0.0,2.7078116298991834e-05,0.7856588078314793
US-2021128244-A1,0.011762670818197544,0.0,2.7078116298991834e-05,0.7934534475253139
US-2021161718-A1,0.011762670818197544,0.0,2.7078116298991834e-05,0.7538371481221996
US-2021307841-A1,0.011762670818197544,0.0,2.7078116298991834e-05,0.7854030926114707
US-2021315645-A1,0.011762670818197544,0.0,2.7078116298991834e-05,0.7861013895649315
US-2022031394-A1,0.011762670818197544,0.0,2.7078116298991834e-05,0.7671184868373998
US-2022092805-A1,0.011762670818197544,0.0,2.7078116298991834e-05,0.7476260739897852
US-2022095903-A1,0.011762670818197544,0.0,2.7078116298991834e-05,0.7648519438702928
US-2022296081-A1,0.011762670818197544,0.0,2.7078116298991834e-05,0.7689069042834398
US-2022383588-A1,0.011762670818197544,0.0,2.7078116298991834e-05,0.7772775320303066
US-2022392110-A1,0.011762670818197544,0.0,2.7078116298991834e-05,0.7512845335309357
US-2022415047-A1,0.011762670818197544,0.0,2.7078116298991834e-05,0.7186138425288011
US-2023005266-A1,0.011762670818197544,0.0,2.7078116298991834e-05,0.776671636145885
US-2023007982-A1,0.011762670818197544,0.0,2.7078116298991834e-05,0.7778138424065452
US-2023014135-A1,0.011762670818197544,0.0,2.7078116298991834e-05,0.7660198915346023
US-8444652-B2,0.011762670818197544,0.0,2.7078116298991834e-05,0.7651387978448586
WO-2013126780-A1,0.011762670818197544,0.0,2.7078116298991834e-05,0.7142388800945243
WO-2020023740-A1,0.011762670818197544,0.0,2.7078116298991834e-05,0.7142388800945243
WO-2020037308-A1,0.011762670818197544,0.0,2.7078116298991834e-05,0.7142388800945243
WO-2020242949-A1,0.011762670818197544,0.0,2.7078116298991834e-05,0.7142388800945243
WO-2021071988-A1,0.011762670818197544,0.0,2.7078116298991834e-05,0.7142388800945243
WO-2021071991-A1,0.011762670818197544,0.0,2.7078116298991834e-05,0.7142388800945243
WO-2021127426-A1,0.011762670818197544,0.0,2.7078116298991834e-05,0.7142388800945243
WO-2021168408-A1,0.011762670818197544,0.0,2.7078116298991834e-05,0.7141242590312263
WO-2021203077-A1,0.011762670818197544,0.0,2.7078116298991834e-05,0.7142388800945243
WO-2021257672-A1,0.011762670818197544,0.0,2.7078116298991834e-05,0.7142388800945243
WO-2022006041-A1,0.011762670818197544,0.0,2.7078116298991834e-05,0.7142388800945243
WO-2022006248-A1,0.011762670818197544,0.0,2.7078116298991834e-05,0.7142388800945243
WO-2022159726-A1,0.011762670818197544,0.0,2.7078116298991834e-05,0.7142388800945243
US-10813715-B1,0.0024217263449230237,0.0,6.891981397793122e-08,0.7429800880244654
US-11553969-B1,0.0024217263449230237,0.0,6.891981397793122e-08,0.8087706185740682
US-11786232-B1,0.0024217263449230237,0.0,6.891981397793122e-08,0.7706797259712261
US-11786313-B1,0.0024217263449230237,0.0,6.891981397793122e-08,0.7956493675810784
US-2006189864-A1,0.0024217263449230237,0.0,6.891981397793122e-08,0.7871467106297377
US-2008056433-A1,0.0024217263449230237,0.0,6.891981397793122e-08,0.7637108956217579
US-2013304429-A1,0.0024217263449230237,0.0,6.891981397793122e-08,0.7835833682971326
US-2021093393-A1,0.004497491783428472,0.0016763518665132604,6.011967406257312e-07,0.7905439564929777
US-2021220054-A1,0.0024217263449230237,0.0,6.891981397793122e-08,0.7933298031197619
US-2022087746-A1,0.0024217263449230237,0.0,6.891981397793122e-08,0.7969326351655611
US-2022370152-A1,0.0024217263449230237,0.0,6.891981397793122e-08,0.8338115650137634
US-9514533-B2,0.0024217263449230237,0.0,6.891981397793122e-08,0.7856108467464421
US-2015297311-A1,0.0008649022660439371,0.0,2.3215018929566847e-08,0.7980346627088836
US-2017020376-A1,0.0008649022660439371,0.0,2.3215018929566847e-08,0.7962410190225052
US-2019142524-A1,0.0008649022660439371,0.0,2.3215018929566847e-08,0.8021463014519028
US-2019380781-A1,0.0008649022660439371,0.0,2.3215018929566847e-08,0.7810826119511177
US-2020400821-A1,0.0008649022660439371,0.0,2.3215018929566847e-08,0.7079348142671712
US-11457984-B1,0.0010378827192527244,0.0,1.181039562433314e-06,0.7965846784069803
US-2015366157-A1,0.0010378827192527244,0.0,1.181039562433314e-06,0.7367400448322415
US-2018049822-A1,0.0012108631724615118,0.00017301038062283736,1.1810404294133676e-06,0.7693717332888682
US-2019008599-A1,0.06694343539180073,0.0008648581738106943,0.0006010238605872693,0.7442756395264973
US-2003135203-A1,0.025082165715274173,0.000952959212256564,6.190667827884913e-05,0.7541701615839242
US-2011071347-A1,0.0010378827192527244,0.0,5.3376866201599234e-08,0.7939262284858285
US-2013325181-A1,0.0010378827192527244,0.0,5.3376866201599234e-08,0.7421941605545722
US-2014195052-A1,0.0010378827192527244,0.0,5.3376866201599234e-08,0.708518116948133
US-2018153634-A1,0.0010378827192527244,0.0,5.3376866201599234e-08,0.702106713088997
WO-2011135503-A1,0.0010378827192527244,0.0,5.3376866201599234e-08,0.7142388800945243
US-2017080565-A1,0.0005189413596263622,0.041387496668659575,6.630738045781024e-07,0.7129047252464396
CN-105035772-A,0.0070921985815602835,5.316284240915509e-07,1.151944705949689e-12,0.7142388800945243
CN-105857784-A,0.0069192181283514965,0.0,7.766024810184874e-13,0.7142388800945243
CN-109693903-A,0.0069192181283514965,0.0,7.766024810184874e-13,0.7142388800945243
CN-208882863-U,0.0069192181283514965,0.0,7.766024810184874e-13,0.7142388800945243
JP-2002185185-A,0.0069192181283514965,0.0,7.766024810184874e-13,0.7142388800945243
JP-2018158391-A,0.0069192181283514965,0.0,7.766024810184874e-13,0.7142388800945243
JP-2019043772-A,0.0069192181283514965,0.0,7.766024810184874e-13,0.7142388800945243
US-10022867-B2,0.0069192181283514965,0.0,7.766024810184874e-13,0.7120302487835628
US-10134623-B2,0.0069192181283514965,0.0,7.766024810184874e-13,0.7428831151126395
US-10227176-B2,0.0069192181283514965,0.0,7.766024810184874e-13,0.7303508831055525
US-10265856-B2,0.0069192181283514965,0.0,7.766024810184874e-13,0.7203760929263143
US-10289111-B1,0.0070921985815602835,7.958477508650518e-07,1.1519435972834507e-12,0.727527543976447
US-10296995-B2,0.0069192181283514965,0.0,7.766024810184874e-13,0.7120302487835628
US-10399227-B1,0.0069192181283514965,0.0,7.766024810184874e-13,0.7098591552288447
US-10453002-B2,0.0069192181283514965,0.0,7.766024810184874e-13,0.7142969855041267
US-10456915-B1,0.012454592631032694,0.007514532871972315,7.766279587084671e-13,0.7379709012243705
US-10472172-B2,0.0069192181283514965,0.0,7.766024810184874e-13,0.7327289038664936
US-10576636-B1,0.0069192181283514965,0.0,7.766024810184874e-13,0.7044730424742423
US-10671088-B2,0.0069192181283514965,0.0,7.766024810184874e-13,0.708036438111782
US-10723555-B2,0.0069192181283514965,0.0,7.766024810184874e-13,0.708136757479045
US-10787315-B2,0.0069192181283514965,0.0,7.766024810184874e-13,0.7125819624903722
US-10846625-B2,0.0069192181283514965,0.0,7.766024810184874e-13,0.7142969855041267
US-10953544-B2,0.0069192181283514965,0.0,7.766024810184874e-13,0.716587486597129
US-11040453-B2,0.0069192181283514965,0.0,7.766024810184874e-13,0.7364093922405307
US-11086336-B1,0.0070921985815602835,4.448838358872961e-07,1.146349271563307e-12,0.7088133910736659
US-11157841-B2,0.0069192181283514965,0.0,7.766024810184874e-13,0.7168660507508859
US-2019071267-A1,0.0070921985815602835,5.305651672433679e-07,1.151944705949689e-12,0.7239749632728031
US-8655488-B2,0.0069192181283514965,0.0,7.766024810184874e-13,0.7290592744342178
US-9002507-B2,0.0069192181283514965,0.0,7.766024810184874e-13,0.7389545763200656
US-9193070-B2,0.0070921985815602835,5.316284240915509e-07,1.151944705949689e-12,0.7149519097386772
US-9272417-B2,0.0070921985815602835,7.958477508650518e-07,1.1519435972834507e-12,0.73404997630599
US-9486921-B1,0.0069192181283514965,0.0,7.766024810184874e-13,0.7185699624087573
US-9492926-B2,0.0070921985815602835,4.448838358872961e-07,1.146349271563307e-12,0.7270076470617236
US-9682481-B2,0.0069192181283514965,0.0,7.766024810184874e-13,0.708036438111782
US-9776326-B2,0.0069192181283514965,0.0,7.766024810184874e-13,0.72149270421428
US-9965730-B2,0.0069192181283514965,0.0,7.766024810184874e-13,0.7142969855041267
US-9984339-B2,0.0070921985815602835,4.448838358872961e-07,1.146349271563307e-12,0.7168660507508859
WO-2007086134-A1,0.0069192181283514965,0.0,7.766024810184874e-13,0.7142388800945243
CN-101277657-A,0.006227296315516347,9.816860766730926e-08,0.0001105329858626922,0.7142388800945243
CN-101426446-A,0.006400276768725134,2.342661786194485e-06,0.00011140779781239591,0.7142388800945243
CN-102438551-A,0.006227296315516347,1.4683376383026444e-06,0.00011055455253376909,0.7142388800945243
JP-2005312991-A,0.006054315862307559,0.0,0.00010970130786178024,0.7142388800945243
JP-2005334650-A,0.006054315862307559,0.0,0.00010970130786178024,0.7142388800945243
JP-2008538184-A,0.006054315862307559,0.0,0.00010970130786178024,0.7142388800945243
JP-2008541990-A,0.006054315862307559,0.0,0.00010970130786178024,0.7142388800945243
JP-2009537229-A,0.006054315862307559,0.0,0.00010970130786178024,0.7142388800945243
JP-2010524547-A,0.006054315862307559,0.0,0.00010970130786178024,0.7142388800945243
JP-2011206180-A,0.006400276768725134,9.7249275555915e-07,0.00011138623176366546,0.7142388800945243
US-2004128026-A1,0.16986680505102925,0.005816158971512648,0.0013135594536953167,0.7703666662121444
US-2008010706-A1,0.06573257221933922,0.00018276154201548713,0.0009997460656670256,0.7873921119269228
US-2009306499-A1,0.05898633454419651,0.00016613105083094107,0.0009513808677778156,0.7666556908800062
US-2010094429-A1,0.006054315862307559,0.0,0.00010970130786178024,0.7865407369111612
US-2010153076-A1,0.008130081300813009,1.506471362119945e-05,0.00013863973402127394,0.7827576041852968
US-2011066079-A1,0.006400276768725134,2.342661786194485e-06,0.00011140779781239591,0.7647827980796221
US-2011082462-A1,0.25653001210863174,0.0028791490636790743,0.029450521553601818,0.7310033858451654
US-2011082587-A1,0.05864037363777893,0.00014420843640707104,0.0009511145789364939,0.7418866730518942
US-2013173010-A1,0.006400276768725134,1.967306766879945e-07,0.00011136466448595056,0.7717304991533316
US-2013211419-A1,0.006054315862307559,0.0,0.00010970130786178026,0.7848297098775904
US-2013317344-A1,0.01660612350804359,0.0002045792998291546,0.00021862603044296488,0.8244197248425875
US-5743918-A,0.006054315862307559,0.0,0.00010970130786178026,0.782124941170617
US-6377839-B1,0.06573257221933922,0.00018276154201548713,0.0009997460656670256,0.7837005581176771
US-7842092-B2,0.006227296315516347,9.816860766730926e-08,0.0001105329858626922,0.7647827980796221
US-8475535-B2,0.006054315862307559,0.0,0.00010970130786178026,0.7765534067924957
US-8681095-B2,0.006227296315516347,9.816860766730926e-08,0.00011053298648503864,0.7188359403632144
WO-2007030173-A1,0.006054315862307559,0.0,0.00010970130786178026,0.7142388800945243
WO-2007136769-A2,0.006054315862307559,0.0,0.00010970130786178026,0.7142388800945243
WO-2007136771-A2,0.006054315862307559,0.0,0.00010970130786178026,0.7142388800945243
WO-2012101286-A1,0.07195986853485556,0.0005367864446115056,0.0007094515619778468,0.7142388800945243
WO-2013101671-A1,0.006054315862307559,0.0,0.00010970130786178026,0.7142388800945243
US-11005661-B1,0.002940667704549386,0.0,1.851956198781853e-07,0.7633273049168274
US-11037679-B1,0.002940667704549386,0.0,1.851956198781853e-07,0.769598597345503
US-11207133-B1,0.002940667704549386,0.0,1.851956198781853e-07,0.7593139545409165
US-11217033-B1,0.002940667704549386,0.0,1.851956198781853e-07,0.7812911681228147
US-11270789-B1,0.002940667704549386,0.0,1.851956198781853e-07,0.7176092746398547
US-2018350010-A1,0.002940667704549386,0.0,1.851956198781853e-07,0.7278943059362096
US-2020321123-A1,0.002940667704549386,0.0,1.851956198781853e-07,0.7528712875674163
US-2021192759-A1,0.008130081300813009,0.0011399970545714387,5.290436077529936e-05,0.8080014509744589
US-2021287783-A1,0.002940667704549386,0.0,1.851956198781853e-07,0.7607407398756115
US-2021290284-A1,0.002940667704549386,0.0,1.851956198781853e-07,0.7463293903390058
US-2021369394-A1,0.002940667704549386,0.0,1.851956198781853e-07,0.7597901030536032
US-2022029986-A1,0.002940667704549386,0.0,1.851956198781853e-07,0.7686335316713976
US-2022167929-A1,0.002940667704549386,0.0,1.851956198781853e-07,0.7697276236345004
US-2023057317-A1,0.002940667704549386,0.0,1.851956198781853e-07,0.7445897914382048
US-2023143522-A1,0.002940667704549386,0.0,1.851956198781853e-07,0.8112481854081421
CN-108268129-A,0.0020757654385054488,0.0,5.607204076907428e-09,0.7142388800945243
US-11537206-B2,0.0020757654385054488,0.0,5.607204076907428e-09,0.7060868781347642
US-11847426-B2,0.0020757654385054488,0.0,5.607204076907428e-09,0.7195897871637681
US-2012323364-A1,0.0020757654385054488,0.0,5.607204076907428e-09,0.7588339469749641
US-2013226168-A1,0.0020757654385054488,0.0,5.607204076907428e-09,0.7748704975305621
US-2016246369-A1,0.0020757654385054488,0.0,5.607204076907428e-09,0.7251347097428035
US-2020113641-A1,0.0020757654385054488,0.0,5.607204076907428e-09,0.7263750259300921
US-2021081042-A1,0.0020757654385054488,0.0,5.607204076907428e-09,0.7209519297301316
US-2021315590-A1,0.0020757654385054488,0.0,5.607204076907428e-09,0.7915713196946069
US-2022125520-A1,0.0020757654385054488,0.0,5.607204076907428e-09,0.8064195464959919
US-2022160440-A1,0.0070921985815602835,0.0020761245674740486,6.497000498933927e-06,0.7822458010399046
US-2022253140-A1,0.0020757654385054488,0.0,5.607204076907428e-09,0.7430714150634984
US-9827060-B2,0.0020757654385054488,0.0,5.607204076907428e-09,0.7498973371531135
US-2006281550-A1,0.0017298045320878741,0.0,2.2725269924640353e-12,0.6946506541458344
US-2015253854-A1,0.0017298045320878741,0.0,2.2725269924640353e-12,0.7267077453465478
US-2016144404-A1,0.0017298045320878741,0.0,2.2725269924640353e-12,0.6993989015515403
US-2016258758-A1,0.0017298045320878741,0.0,2.2725269924640353e-12,0.7150030886590764
US-2017021762-A1,0.0017298045320878741,0.0,2.2725269924640353e-12,0.7072767131625302
US-2017291319-A1,0.0017298045320878741,0.0,2.2725269924640353e-12,0.7361025093513699
US-2018004291-A1,0.0017298045320878741,0.0,2.2725269924640353e-12,0.6920903834935382
US-2007151390-A1,0.0020757654385054488,0.0,5.464274947932193e-07,0.7614530450398993
US-2007282358-A1,0.0020757654385054488,0.0,5.464274947932193e-07,0.7715753178340485
US-2012123441-A1,0.02542812662169175,9.922281773017287e-05,6.218680200317893e-05,0.7576670885575685
US-2012199632-A1,0.0020757654385054488,0.0,5.464274947932193e-07,0.7849486958355507
US-2013046317-A1,0.0020757654385054488,0.0,5.464274947932193e-07,0.7743880615463417
US-2013291654-A1,0.02542812662169175,9.922281773017287e-05,6.218680200317893e-05,0.7646583652699371
US-2015135832-A1,0.02542812662169175,9.902437209471254e-05,6.218680200317893e-05,0.7652288968626121
US-2016346513-A1,0.0020757654385054488,0.0,5.464274947932193e-07,0.7848584158323938
US-2017071688-A1,0.0020757654385054488,0.0,5.464274947932193e-07,0.7701892893397536
US-2017095234-A1,0.10742086144265699,0.0008214282625995875,0.0003204224627288264,0.7732985345571929
US-2018078249-A1,0.02542812662169175,9.902437209471254e-05,6.218680200317893e-05,0.7686553318667041
US-2019125354-A1,0.02542812662169175,9.922281773017287e-05,6.218680200317893e-05,0.7507558643967901
US-2021387337-A1,0.0020757654385054488,0.0,5.464274947932193e-07,0.7869194958148746
US-2004068187-A1,0.003805569970593323,9.762865630970291e-05,2.3032960285846256e-06,0.7978239845218766
US-2007014452-A1,0.0017298045320878741,0.0,6.151072445606643e-07,0.7621027175499396
US-2014303938-A1,0.0017298045320878741,0.0,6.151072445606643e-07,0.8418138473114947
US-2015238271-A1,0.0017298045320878741,0.0,6.151072445606643e-07,0.8088210862609472
US-2016210412-A1,0.0017298045320878741,0.0,6.151072445606643e-07,0.8462616201395081
US-2016302870-A1,0.0017298045320878741,0.0,6.151072445606643e-07,0.7787937773478306
US-2017333138-A1,0.0017298045320878741,0.0,6.151072445606643e-07,0.7841818307406596
US-2018153624-A1,0.0017298045320878741,0.0,6.151072445606643e-07,0.8348574118609157
US-9901404-B2,0.06763535720463587,0.0024888056053294816,0.0006004584128433477,0.7819162069180482
WO-2007009263-A1,0.0017298045320878741,0.0,6.151072445606644e-07,0.7142388800945243
US-2005206583-A1,0.0008649022660439371,0.0,1.1387862389431646e-09,0.7215472966985789
US-2006082542-A1,0.0008649022660439371,0.0,1.1387862389431646e-09,0.7377884979464423
US-2014278033-A1,0.0008649022660439371,0.0,1.1387862389431646e-09,0.7111284145767165
US-2015363979-A1,0.0008649022660439371,0.0,1.1387862389431646e-09,0.7174975972550083
US-7331929-B2,0.0008649022660439371,0.0,1.1387862389431646e-09,0.7377884979464423
US-11529198-B2,0.0001729804532087874,0.0,2.5179449163913542e-05,0.773815498096188
US-4979949-A,0.25877875800034594,0.004673632175233414,0.029470671244086394,0.8113252048949786
CN-105143075-A,0.003805569970593323,0.0,5.454888256926558e-16,0.7142388800945243
EP-3623324-A1,0.003805569970593323,0.0,5.454888256926558e-16,0.7142388800945243
JP-2019188600-A,0.007438159487977858,0.003806055016607604,5.455304894731881e-16,0.7142388800945243
JP-2019218166-A,0.003805569970593323,0.0,5.454888256926558e-16,0.7142388800945243
KR-20080001013-U,0.003805569970593323,0.0,5.454888256926558e-16,0.7142388800945243
US-10625430-B2,0.003805569970593323,0.0,5.454888256926558e-16,0.720866050624125
US-11318620-B2,0.003805569970593323,0.0,5.454888256926558e-16,0.7341148228708334
US-11584026-B2,0.003805569970593323,0.0,5.454888256926558e-16,0.7320132261605535
US-2001052708-A1,0.003805569970593323,0.0,5.454888256926558e-16,0.7124570270521826
US-2010239408-A1,0.003805569970593323,0.0,5.454888256926558e-16,0.7304632358773937
US-2017113885-A1,0.003805569970593323,0.0,5.454888256926558e-16,0.7265246551330661
US-2018290845-A1,0.003805569970593323,0.0,5.454888256926558e-16,0.7293138329232057
US-2018297200-A1,0.003805569970593323,0.0,5.454888256926558e-16,0.7171885943330205
US-2019344447-A1,0.003805569970593323,0.0,5.454888256926558e-16,0.7341148228708334
US-2020047331-A1,0.003805569970593323,0.0,5.454888256926558e-16,0.7283486333487079
US-2021053230-A1,0.003805569970593323,0.0,5.454888256926558e-16,0.723728033886489
US-2022274262-A1,0.003805569970593323,0.0,5.454888256926558e-16,0.7261527317827554
US-9120230-B2,0.003805569970593323,0.0,5.454888256926558e-16,0.7186468611786118
US-9498887-B1,0.003805569970593323,0.0,5.454888256926558e-16,0.7234944924679096
WO-2019049772-A1,0.003805569970593323,0.0,5.454888256926558e-16,0.7142388800945243
WO-2021035062-A1,0.007438159487977858,0.0037984429065743893,5.455304894731881e-16,0.7141242590312263
WO-2021070076-A1,0.003805569970593323,0.0,5.454888256926558e-16,0.7142388800945243
US-10335236-B1,0.003805569970593323,0.0,2.878946655642427e-05,0.8264975430410364
US-11068882-B1,0.003805569970593323,0.0,2.878946655642427e-05,0.7009862796598073
US-2008077158-A1,0.003805569970593323,0.0,2.878946655642427e-05,0.7880192711070816
US-2010073150-A1,0.007784120394395433,0.01191695501730101,2.878995888951889e-05,0.7390259775553523
US-2011208256-A1,0.003805569970593323,0.0,2.878946655642427e-05,0.7935347221577482
US-2012123418-A1,0.003805569970593323,0.0,2.878946655642427e-05,0.7653495418125889
US-2012323244-A1,0.2061927002248746,0.005848800606046904,0.029207606164135078,0.8250192706939311
US-2013211421-A1,0.003805569970593323,0.0,2.878946655642427e-05,0.8130383947913054
US-2014031664-A1,0.01868188894654904,0.0005436769753750323,0.0001410067645797877,0.7814413533432657
US-2015182288-A1,0.0039785504238021106,5.635195254572417e-07,2.9346223530211905e-05,0.7770678900812873
US-2016022374-A1,0.06953814218993254,0.0010700678709852987,0.0006264376765876408,0.7789710868955119
US-2016214255-A1,0.003805569970593323,0.0,2.878946655642427e-05,0.7132682032561742
US-2017340389-A1,0.08130081300813008,0.003183578890113207,0.0007578113057170517,0.8307682676764566
US-2017360512-A1,0.011762670818197544,0.0005727794726095826,5.8165478516375995e-05,0.794472688605134
US-9588583-B2,0.01850890849334025,0.0005162483038042919,0.00014047188798729015,0.7113230392513538
WO-2016205915-A1,0.003805569970593323,0.0,2.878946655642427e-05,0.7142388800945243
WO-2017204832-A1,0.003805569970593323,0.0,2.878946655642427e-05,0.7142388800945243
WO-2018103945-A1,0.003805569970593323,0.0,2.878946655642427e-05,0.7142388800945243
JP-H08117238-A,0.005016433143054835,0.0,6.496942982103099e-06,0.7142388800945243
US-10004565-B2,0.005016433143054835,0.0,6.496942982103099e-06,0.7713217178890561
US-10575913-B2,0.005016433143054835,0.0,6.496942982103099e-06,0.7932170333404025
US-10610301-B2,0.005016433143054835,0.0,6.496942982103099e-06,0.8172136959891637
US-2008088620-A1,0.005016433143054835,0.0,6.496942982103099e-06,0.7371435486276202
US-2009000627-A1,0.065905552672548,0.0006452829465855462,0.000974093504435612,0.8278062495356786
US-2009012531-A1,0.065905552672548,0.000645652067521389,0.0009740927758337045,0.8183782870330366
US-2013172905-A1,0.07040304445597648,0.0005511711709790754,0.0006030240334684029,0.7192588593579057
US-2015320500-A1,0.005016433143054835,0.0,6.496942982103099e-06,0.7958965643222701
US-2015324114-A1,0.005016433143054835,0.0,6.496942982103099e-06,0.8187240194882316
US-2016199136-A1,0.005016433143054835,0.0,6.496942982103099e-06,0.7193362374609363
US-2017020613-A1,0.005016433143054835,0.0,6.496942982103099e-06,0.7752581903479123
US-2017151021-A1,0.005016433143054835,0.0,6.496942982103099e-06,0.8172136959891637
US-2018014894-A1,0.005016433143054835,0.0,6.496942982103099e-06,0.7894481803602309
US-2018116739-A1,0.005016433143054835,0.0,6.496942982103099e-06,0.7900769685380328
US-2018303568-A1,0.005016433143054835,0.0,6.496942982103099e-06,0.7932170333404025
US-2019083191-A1,0.07092198581560284,0.0005837655250381299,0.0006031194607245366,0.7906099959529026
US-2019133791-A1,0.010205846739318456,3.875653908955254e-05,5.925127703982721e-05,0.7987656134839392
US-8498744-B2,0.005016433143054835,0.0,6.496942982103099e-06,0.7719181682085984
US-9289264-B2,0.12247016087182148,0.0028168208903287953,0.0014625293912765075,0.7192588593579057
US-9636185-B2,0.005016433143054835,0.0,6.496942982103099e-06,0.7739634569038861
US-9655683-B2,0.005016433143054835,0.0,6.496942982103099e-06,0.7192588593579057
EP-1226788-B1,0.065905552672548,0.0,0.0006003559748803362,0.7142388800945243
EP-1518501-A2,0.065905552672548,0.0,0.0006003559748803362,0.7141242590312263
EP-1690503-A1,0.065905552672548,0.0,0.0006003559748803362,0.7142388800945243
EP-1755466-B1,0.065905552672548,0.0,0.0006003559748803362,0.7142388800945243
EP-1841372-B1,0.065905552672548,0.0,0.0006003559748803362,0.7142388800945243
EP-1919390-B1,0.065905552672548,0.0,0.0006003559748803362,0.7142388800945243
EP-2007291-A2,0.065905552672548,0.0,0.0006003559748803362,0.7142388800945243
EP-2156794-A1,0.065905552672548,0.0,0.0006003559748803362,0.7142388800945243
EP-2384714-A1,0.065905552672548,0.0,0.0006003559748803362,0.7142388800945243
EP-3334383-B1,0.065905552672548,0.0,0.0006003559748803362,0.7143748803527328
EP-3510927-A1,0.065905552672548,0.0,0.0006003559748803362,0.7142388800945243
US-10010377-B2,0.065905552672548,0.0,0.0006003559748803362,0.7228557595272339
US-10052164-B2,0.065905552672548,0.0,0.0006003559748803362,0.7682108098380921
US-10070931-B2,0.065905552672548,0.0,0.0006003559748803362,0.7748794494398722
US-10070973-B2,0.065905552672548,0.0,0.0006003559748803362,0.7979418489558135
US-10071488-B2,0.065905552672548,0.0,0.0006003559748803362,0.7822655533012971
US-10076344-B2,0.065905552672548,0.0,0.0006003559748803362,0.7770134562555091
US-10080616-B2,0.065905552672548,0.0,0.0006003559748803362,0.7787881000465685
US-10092361-B2,0.065905552672548,0.0,0.0006003559748803362,0.8223343223114186
US-10102309-B2,0.07057602490918526,0.0009829161718682038,0.0006531145470688028,0.7903057868244333
US-10117658-B2,0.065905552672548,0.0,0.0006003559748803362,0.8009838317004164
US-10130375-B2,0.065905552672548,0.0,0.0006003559748803362,0.76846006590961
US-10136950-B2,0.065905552672548,0.0,0.0006003559748803362,0.7858280505035588
US-10136952-B2,0.065905552672548,0.0,0.0006003559748803362,0.794472688605134
US-10172687-B2,0.065905552672548,0.0,0.0006003559748803362,0.7915641770731036
US-10201320-B2,0.065905552672548,0.0,0.0006003559748803362,0.7702105181202124
US-10206714-B2,0.065905552672548,0.0,0.0006003559748803362,0.8116595328897731
US-10206792-B2,0.065905552672548,0.0,0.0006003559748803362,0.7959889716934008
US-10226261-B2,0.065905552672548,0.0,0.0006003559748803362,0.8155401391469942
US-10226306-B2,0.065905552672548,0.0,0.0006003559748803362,0.8035785104042107
US-10231739-B1,0.065905552672548,0.0,0.0006003559748803362,0.8308117208845545
US-10231786-B2,0.065905552672548,0.0,0.0006003559748803362,0.8223343223114186
US-10238454-B2,0.065905552672548,0.0,0.0006003559748803362,0.7643607219129621
US-10271954-B2,0.065905552672548,0.0,0.0006003559748803362,0.7681355726632167
US-10272569-B2,0.065905552672548,0.0,0.0006003559748803362,0.7606721189865888
US-10278777-B1,0.07161390762843799,0.0011133335616979126,0.0006521031065383463,0.7969326351655611
US-10285683-B2,0.065905552672548,0.0,0.0006003559748803362,0.7593850931161961
US-10307269-B2,0.065905552672548,0.0,0.0006003559748803362,0.7765488376750499
US-10368947-B2,0.065905552672548,0.0,0.0006003559748803362,0.7969326351655611
US-10416624-B2,0.065905552672548,0.0,0.0006003559748803362,0.7843762186705561
US-10420611-B2,0.065905552672548,0.0,0.0006003559748803362,0.7902314347234065
US-10426556-B2,0.065905552672548,0.0,0.0006003559748803362,0.7691095346222048
US-10441366-B2,0.065905552672548,0.0,0.0006003559748803362,0.7452156531044819
US-10441438-B1,0.065905552672548,0.0,0.0006003559748803362,0.795049881783915
US-10452238-B2,0.065905552672548,0.0,0.0006003559748803362,0.7926601471693249
US-10456075-B2,0.065905552672548,0.0,0.0006003559748803362,0.7590082942253555
US-10456166-B2,0.065905552672548,0.0,0.0006003559748803362,0.7724947112109946
US-10463242-B2,0.065905552672548,0.0,0.0006003559748803362,0.8068958051284417
US-10470838-B2,0.065905552672548,0.0,0.0006003559748803362,0.7518159507778231
US-10492693-B2,0.065905552672548,0.0,0.0006003559748803362,0.7262136822073736
US-10492798-B2,0.065905552672548,0.0,0.0006003559748803362,0.7949397156801302
US-10548667-B2,0.065905552672548,0.0,0.0006003559748803362,0.8023708048754984
US-10555777-B2,0.065905552672548,0.0,0.0006003559748803362,0.7910651847257354
US-10572733-B2,0.065905552672548,0.0,0.0006003559748803362,0.7567863152369386
US-10575910-B2,0.065905552672548,0.0,0.0006003559748803362,0.7679597508658983
US-10595880-B2,0.065905552672548,0.0,0.0006003559748803362,0.7925159574942925
US-10595887-B2,0.08994983566856946,0.005067172841674387,0.0006616971774744174,0.7998186556910422
US-10595952-B2,0.065905552672548,0.0,0.0006003559748803362,0.8039719642754984
US-10610310-B2,0.065905552672548,0.0,0.0006003559748803362,0.7965122958740655
US-10610315-B2,0.065905552672548,0.0,0.0006003559748803362,0.7948974350714086
US-10610316-B2,0.065905552672548,0.0,0.0006003559748803362,0.7437193980037665
US-10617479-B2,0.065905552672548,0.0,0.0006003559748803362,0.792305523914547
US-10624807-B2,0.065905552672548,0.0,0.0006003559748803362,0.7912781236888103
US-10638970-B2,0.065905552672548,0.0,0.0006003559748803362,0.7715080410466052
US-10739963-B2,0.065905552672548,0.0,0.0006003559748803362,0.7926601471693249
US-10765384-B2,0.065905552672548,0.0,0.0006003559748803362,0.8118608323241984
US-2002055918-A1,0.065905552672548,0.0,0.0006003559748803362,0.804710931367761
US-2002082612-A1,0.3700051894135963,0.019075613316344775,0.02959445588986315,0.7735938103585533
US-2004260301-A1,0.06798131811105346,0.0006529690843582279,0.0006011988603015802,0.7915460775018435
US-2005020941-A1,0.065905552672548,0.0,0.0006003559748803362,0.749584063848858
US-2005113846-A1,0.26569797612869744,0.002157475165062545,0.029401737195575293,0.818264096760608
US-2005119661-A1,0.065905552672548,0.0,0.0006003559748803362,0.7859343842553802
US-2005149040-A1,0.065905552672548,0.0,0.0006003559748803362,0.8143697263602026
US-2005171545-A1,0.065905552672548,0.0,0.0006003559748803362,0.786519564323509
US-2005234466-A1,0.065905552672548,0.0,0.0006003559748803362,0.830730755495702
US-2005251148-A1,0.065905552672548,0.0,0.0006003559748803362,0.7625198146527478
US-2006015120-A1,0.065905552672548,0.0,0.0006003559748803362,0.7794603375909512
US-2006064043-A1,0.065905552672548,0.0,0.0006003559748803362,0.7459218884262379
US-2006200026-A1,0.12575678948278846,0.022363825993391918,0.0008321271195407007,0.7773726671866835
US-2006241405-A1,0.065905552672548,0.0,0.0006003559748803362,0.7842423652278139
US-2007073136-A1,0.065905552672548,0.0,0.0006003559748803362,0.8284387922395049
US-2007123896-A1,0.065905552672548,0.0,0.0006003559748803362,0.8081847542992016
US-2007179626-A1,0.065905552672548,0.0,0.0006003559748803362,0.8042711096897723
US-2008004633-A1,0.1262757308424148,0.002102983608327673,0.0014850648670976633,0.8048485253680453
US-2008208081-A1,0.065905552672548,0.0,0.0006003559748803362,0.748699011688109
US-2008249394-A1,0.26569797612869744,0.002157475165062545,0.029401737195575293,0.8037584516445985
US-2008281301-A1,0.065905552672548,0.0,0.0006003559748803362,0.797574417763024
US-2008281328-A1,0.065905552672548,0.0,0.0006003559748803362,0.7860745279150522
US-2008281426-A1,0.065905552672548,0.0,0.0006003559748803362,0.7840228809814626
US-2010063508-A1,0.065905552672548,0.0,0.0006003559748803362,0.8116595328897731
US-2010064216-A1,0.07317073170731707,0.0010335194017963118,0.0006263523491145365,0.8116595328897731
US-2010145344-A1,0.065905552672548,0.0,0.0006003559748803362,0.7858316428882683
US-2011029091-A1,0.065905552672548,0.0,0.0006003559748803362,0.8055937364563795
US-2011071528-A1,0.065905552672548,0.0,0.0006003559748803362,0.8205702751199943
US-2011071530-A1,0.065905552672548,0.0,0.0006003559748803362,0.8205702751199943
US-2011304332-A1,0.065905552672548,0.0,0.0006003559748803362,0.8077364082796021
US-2011306986-A1,0.065905552672548,0.0,0.0006003559748803362,0.7633792779434582
US-2012143084-A1,0.065905552672548,0.0,0.0006003559748803362,0.7372537461933013
US-2012226198-A1,0.065905552672548,0.0,0.0006003559748803362,0.8205702751199943
US-2012226481-A1,0.065905552672548,0.0,0.0006003559748803362,0.8205702751199943
US-2013072821-A1,0.26569797612869744,0.002157475165062545,0.029401737195575293,0.7522426522993076
US-2013085510-A1,0.065905552672548,0.0,0.0006003559748803362,0.8056072447733551
US-2013123983-A1,0.065905552672548,0.0,0.0006003559748803362,0.7243617688010024
US-2013209953-A1,0.065905552672548,0.0,0.0006003559748803362,0.7779719870188812
US-2014039520-A1,0.065905552672548,0.0,0.0006003559748803362,0.7880192711070816
US-2014073907-A1,0.065905552672548,0.0,0.0006003559748803362,0.8030697483208923
US-2014108983-A1,0.065905552672548,0.0,0.0006003559748803362,0.8038151124466343
US-2014128727-A1,0.065905552672548,0.0,0.0006003559748803362,0.8133937066644797
US-2014188240-A1,0.06694343539180073,0.00016013971547946507,0.0006007299183488406,0.8102709720162264
US-2014189508-A1,0.065905552672548,0.0,0.0006003559748803362,0.8070283145641267
US-2014296871-A1,0.065905552672548,0.0,0.0006003559748803362,0.7951513146993542
US-2015094736-A1,0.065905552672548,0.0,0.0006003559748803362,0.79112331589054
US-2015105782-A1,0.065905552672548,0.0,0.0006003559748803362,0.7644660933211253
US-2015106024-A1,0.26569797612869744,0.002157475165062545,0.029401737195575293,0.7900193380778073
US-2016007836-A1,0.065905552672548,0.0,0.0006003559748803362,0.7545363793439325
US-2016220175-A1,0.065905552672548,0.0,0.0006003559748803362,0.8070170555656143
US-2016338777-A1,0.065905552672548,0.0,0.0006003559748803362,0.8018255911382184
US-2017014169-A1,0.065905552672548,0.0,0.0006003559748803362,0.7881915401708434
US-2017042557-A1,0.06694343539180073,0.003356548127746692,0.0006003590778587556,0.8165023117299817
US-2017061375-A1,0.065905552672548,0.0,0.0006003559748803362,0.8245322753030988
US-2017196571-A1,0.065905552672548,0.0,0.0006003559748803362,0.7843833981602445
US-2017258532-A1,0.065905552672548,0.0,0.0006003559748803362,0.7766482767126999
US-2017312099-A1,0.065905552672548,0.0,0.0006003559748803362,0.7694693577155213
US-2017325973-A1,0.065905552672548,0.0,0.0006003559748803362,0.780002596038661
US-2017347922-A1,0.065905552672548,0.0,0.0006003559748803362,0.795332660348719
US-2017348008-A1,0.065905552672548,0.0,0.0006003559748803362,0.8034673515086145
US-2018064496-A1,0.06763535720463587,0.00021964977503250962,0.0006259800848156986,0.7742930053204705
US-2018071049-A1,0.07040304445597648,0.0009655067393092903,0.0006530912536454266,0.7796870515787304
US-2018085135-A1,0.065905552672548,0.0,0.0006003559748803362,0.822225578314396
US-2018085172-A1,0.065905552672548,0.0,0.0006003559748803362,0.7746970065534388
US-2018116805-A1,0.065905552672548,0.0,0.0006003559748803362,0.7584738255764686
US-2018116823-A1,0.065905552672548,0.0,0.0006003559748803362,0.7584738255764686
US-2018132949-A1,0.065905552672548,0.0,0.0006003559748803362,0.8143882929952388
US-2018168762-A1,0.065905552672548,0.0,0.0006003559748803362,0.7832664019346219
US-2018177512-A1,0.065905552672548,0.0,0.0006003559748803362,0.7889677532221042
US-2018199995-A1,0.06798131811105346,0.0006689523615335529,0.0006016076932562333,0.7681922346274797
US-2018214180-A1,0.065905552672548,0.0,0.0006003559748803362,0.7885372052808861
US-2018250078-A1,0.065905552672548,0.0,0.0006003559748803362,0.7914856938039472
US-2018256256-A1,0.07766822349074555,0.002280947711228554,0.0007061687382565302,0.7898496658714952
US-2018317898-A1,0.065905552672548,0.0,0.0006003559748803362,0.7593850931161961
US-2018338796-A1,0.065905552672548,0.0,0.0006003559748803362,0.7762737019702473
US-2018344409-A1,0.06832727901747103,0.0011230795336667366,0.0006007357948479774,0.8147396187565429
US-2018368930-A1,0.065905552672548,0.0,0.0006003559748803362,0.8086345867107926
US-2019000631-A1,0.065905552672548,0.0,0.0006003559748803362,0.778701496910752
US-2019066832-A1,0.065905552672548,0.0,0.0006003559748803362,0.7832217713539327
US-2019069963-A1,0.065905552672548,0.0,0.0006003559748803362,0.7809849009911971
US-2019090952-A1,0.065905552672548,0.0,0.0006003559748803362,0.8061809026893368
US-2019090962-A1,0.065905552672548,0.0,0.0006003559748803362,0.7643103770609262
US-2019099228-A1,0.065905552672548,0.0,0.0006003559748803362,0.7755796955100475
US-2019117156-A1,0.065905552672548,0.0,0.0006003559748803362,0.7845045155848311
US-2019117407-A1,0.065905552672548,0.0,0.0006003559748803362,0.766717747497723
US-2019122330-A1,0.06763535720463587,0.0010065700809706833,0.0006003709311049665,0.8126413129693167
US-2019133695-A1,0.065905552672548,0.0,0.0006003559748803362,0.7719606088192809
US-2019147128-A1,0.065905552672548,0.0,0.0006003559748803362,0.800123000705077
US-2019175283-A1,0.06607853312575679,8.650519031141868e-05,0.0006003568510626578,0.8259043656275104
US-2019200900-A1,0.06711641584500952,0.0009201813101510952,0.0006004513552373095,0.7621526549517627
US-2019201101-A1,0.065905552672548,0.0,0.0006003559748803362,0.8215462675461634
US-2019201214-A1,0.065905552672548,0.0,0.0006003559748803362,0.8226933680542468
US-2019209079-A1,0.065905552672548,0.0,0.0006003559748803362,0.7340584340235694
US-2019216520-A1,0.065905552672548,0.0,0.0006003559748803362,0.8115746921374146
US-2019223962-A1,0.065905552672548,0.0,0.0006003559748803362,0.7741954918920758
US-2019224016-A1,0.07524649714582252,0.008560980621182856,0.000601147422164079,0.7590719701409572
US-2019240045-A1,0.065905552672548,0.0,0.0006003559748803362,0.7807511083876935
US-2019240046-A1,0.065905552672548,0.0,0.0006003559748803362,0.7581605684246989
US-2019254756-A1,0.065905552672548,0.0,0.0006003559748803362,0.7867451303724247
US-2019269476-A1,0.065905552672548,0.0,0.0006003559748803362,0.7750333686301504
US-2019272917-A1,0.065905552672548,0.0,0.0006003559748803362,0.786519133572726
US-2019274662-A1,0.065905552672548,0.0,0.0006003559748803362,0.7223167517004089
US-2019274762-A1,0.065905552672548,0.0,0.0006003559748803362,0.7865719227160769
US-2019290198-A1,0.065905552672548,0.0,0.0006003559748803362,0.7957823443632036
US-2019311542-A1,0.065905552672548,0.0,0.0006003559748803362,0.8240591895306971
US-2019325386-A1,0.065905552672548,0.0,0.0006003559748803362,0.8245322753030988
US-2019365481-A1,0.065905552672548,0.0,0.0006003559748803362,0.8026022670403565
US-2019374130-A1,0.065905552672548,0.0,0.0006003559748803362,0.7786047034392387
US-2019388153-A1,0.065905552672548,0.0,0.0006003559748803362,0.8121276579971579
US-2019388157-A1,0.065905552672548,0.0,0.0006003559748803362,0.7967988245467136
US-2020000400-A1,0.065905552672548,0.0,0.0006003559748803362,0.8003984656348112
US-2020015598-A1,0.065905552672548,0.0,0.0006003559748803362,0.7826019066568078
US-2020030036-A1,0.065905552672548,0.0,0.0006003559748803362,0.8294409696445767
US-2020060772-A1,0.065905552672548,0.0,0.0006003559748803362,0.7849562176544185
US-2020060773-A1,0.065905552672548,0.0,0.0006003559748803362,0.7225781635995041
US-2020100848-A1,0.065905552672548,0.0,0.0006003559748803362,0.7654562898613356
US-2020113583-A1,0.065905552672548,0.0,0.0006003559748803362,0.7990687610269516
US-2020129311-A1,0.065905552672548,0.0,0.0006003559748803362,0.8078613245569983
US-2020305978-A1,0.065905552672548,0.0,0.0006003559748803362,0.8029380409998419
US-2020305979-A1,0.065905552672548,0.0,0.0006003559748803362,0.7954838361708669
US-2020352529-A1,0.065905552672548,0.0,0.0006003559748803362,0.8119011065244913
US-2021068845-A1,0.065905552672548,0.0,0.0006003559748803362,0.8066152300886702
US-2022071720-A1,0.065905552672548,0.0,0.0006003559748803362,0.8011871970764466
US-2023146679-A1,0.065905552672548,0.0,0.0006003559748803362,0.7894886041724098
US-4559936-A,0.065905552672548,0.0,0.0006003559748803362,0.7854626510454289
US-5078140-A,0.31378654212074036,0.006222014823544906,0.029633944037243145,0.8099095908866973
US-5413573-A,0.065905552672548,0.0,0.0006003559748803362,0.796010410200658
US-5540696-A,0.065905552672548,0.0,0.0006003559748803362,0.7730214318256614
US-5630431-A,0.1248918872167445,0.0018931482790640528,0.0014847685628960063,0.8055961401796677
US-5682886-A,0.32174364296834457,0.00707012292746542,0.029657484215028198,0.8222943227587525
US-5824085-A,0.26569797612869744,0.002157475165062545,0.029401737195575293,0.825260741021884
US-6328752-B1,0.065905552672548,0.0,0.0006003559748803362,0.8013183864265945
US-6595997-B2,0.065905552672548,0.0,0.0006003559748803362,0.812909708822306
US-6685711-B2,0.065905552672548,0.0,0.0006003559748803362,0.7952089052001338
US-6758850-B2,0.065905552672548,0.0,0.0006003559748803362,0.7569169763140337
US-6827723-B2,0.065905552672548,0.0,0.0006003559748803362,0.818264096760608
US-6859661-B2,0.13215706625151358,0.009436509819459968,0.001510764937130207,0.817785363599321
US-7008362-B2,0.065905552672548,0.0,0.0006003559748803362,0.7302492568744032
US-7412897-B2,0.07334371216052586,0.0010485408939644625,0.0006264727250915863,0.7656551905453187
US-7510557-B1,0.065905552672548,0.0,0.0006003559748803362,0.8236548279552148
US-7547307-B2,0.065905552672548,0.0,0.0006003559748803362,0.8132462157350163
US-7591821-B2,0.065905552672548,0.0,0.0006003559748803362,0.787879153524793
US-7607440-B2,0.065905552672548,0.0,0.0006003559748803362,0.7695936369928077
US-7618421-B2,0.065905552672548,0.0,0.0006003559748803362,0.790383993918349
US-7634306-B2,0.065905552672548,0.0,0.0006003559748803362,0.8089999437778655
US-7670345-B2,0.065905552672548,0.0,0.0006003559748803362,0.8092785782240873
US-7696899-B2,0.065905552672548,0.0,0.0006003559748803362,0.7017392194242793
US-7794467-B2,0.26569797612869744,0.002157475165062545,0.029401737195575293,0.8282652160830862
US-7809421-B1,0.065905552672548,0.0,0.0006003559748803362,0.7546604564936701
US-7831295-B2,0.26569797612869744,0.002157475165062545,0.029401737195575293,0.7846536986013127
US-7927336-B2,0.065905552672548,0.0,0.0006003559748803362,0.764764822385696
US-7931655-B2,0.065905552672548,0.0,0.0006003559748803362,0.790293974471905
US-7945310-B2,0.065905552672548,0.0,0.0006003559748803362,0.7832531645872283
US-7963913-B2,0.065905552672548,0.0,0.0006003559748803362,0.7730633810167113
US-8007448-B2,0.065905552672548,0.0,0.0006003559748803362,0.8039942025225714
US-8038683-B2,0.065905552672548,0.0,0.0006003559748803362,0.7769587653930743
US-8075317-B2,0.065905552672548,0.0,0.0006003559748803362,0.8134622440146067
US-8096997-B2,0.065905552672548,0.0,0.0006003559748803362,0.7962637665587882
US-8109942-B2,0.31395952257394916,0.006225443080849302,0.029634564104897728,0.7724784651813209
US-8116847-B2,0.065905552672548,0.0,0.0006003559748803362,0.8002296067556851
US-8126533-B2,0.065905552672548,0.0,0.0006003559748803362,0.8079461816718554
US-8160345-B2,0.065905552672548,0.0,0.0006003559748803362,0.8059171540577477
US-8170888-B2,0.065905552672548,0.0,0.0006003559748803362,0.7912655214394081
US-8172775-B2,0.065905552672548,0.0,0.0006003559748803362,0.7596286342786422
US-8197549-B2,0.065905552672548,0.0,0.0006003559748803362,0.7605116050274215
US-8257360-B2,0.065905552672548,0.0,0.0006003559748803362,0.7794603375909512
US-8265790-B2,0.065905552672548,0.0,0.0006003559748803362,0.8103772421570199
US-8265949-B2,0.065905552672548,0.0,0.0006003559748803362,0.8314715922811793
US-8277455-B2,0.065905552672548,0.0,0.0006003559748803362,0.790414167975713
US-8337508-B2,0.07317073170731707,0.0010335194017963118,0.0006263523491145364,0.8036945850142111
US-8357111-B2,0.065905552672548,0.0,0.0006003559748803362,0.8136375842401833
US-8377129-B2,0.065905552672548,0.0,0.0006003559748803362,0.7860301617451781
US-8382765-B2,0.26569797612869744,0.002157475165062545,0.029401737195575293,0.8068117539498281
US-8386077-B2,0.065905552672548,0.0,0.0006003559748803362,0.7646486862971116
US-8480679-B2,0.26569797612869744,0.002157475165062545,0.029401737195575293,0.8106403231885486
US-8483469-B2,0.26569797612869744,0.002157475165062545,0.029401737195575293,0.8062522642638367
US-8521252-B2,0.065905552672548,0.0,0.0006003559748803362,0.7791009094759977
US-8545509-B2,0.065905552672548,0.0,0.0006003559748803362,0.801282215738334
US-8548559-B2,0.065905552672548,0.0,0.0006003559748803362,0.7723112006310441
US-8551023-B2,0.065905552672548,0.0,0.0006003559748803362,0.7875150095589712
US-8551099-B2,0.065905552672548,0.0,0.0006003559748803362,0.7860745279150522
US-8626267-B2,0.065905552672548,0.0,0.0006003559748803362,0.7843297323190797
US-8641726-B2,0.065905552672548,0.0,0.0006003559748803362,0.8104390223977836
US-8682052-B2,0.065905552672548,0.0,0.0006003559748803362,0.7629032578562287
US-8707963-B2,0.065905552672548,0.0,0.0006003559748803362,0.8082123150654071
US-8715291-B2,0.26569797612869744,0.002157475165062545,0.029401737195575293,0.7978322671257653
US-8721568-B2,0.065905552672548,0.0,0.0006003559748803362,0.816667411481851
US-8777875-B2,0.26569797612869744,0.002157475165062545,0.029401737195575293,0.7921541782553981
US-8801719-B2,0.065905552672548,0.0,0.0006003559748803362,0.8232207170261141
US-8801720-B2,0.065905552672548,0.0,0.0006003559748803362,0.8232207170261141
US-8832019-B2,0.065905552672548,0.0,0.0006003559748803362,0.7893901763455592
US-8834490-B2,0.065905552672548,0.0,0.0006003559748803362,0.8104390223977836
US-8845645-B2,0.065905552672548,0.0,0.0006003559748803362,0.7720115916976212
US-8861818-B2,0.065905552672548,0.0,0.0006003559748803362,0.7996544395699843
US-8880152-B2,0.065905552672548,0.0,0.0006003559748803362,0.7812959651330047
US-8885904-B2,0.065905552672548,0.0,0.0006003559748803362,0.7368345206245362
US-8938282-B2,0.065905552672548,0.0,0.0006003559748803362,0.813505189746461
US-8951260-B2,0.065905552672548,0.0,0.0006003559748803362,0.7968346023828232
US-8956355-B2,0.065905552672548,0.0,0.0006003559748803362,0.7520055865968508
US-8965483-B2,0.065905552672548,0.0,0.0006003559748803362,0.795623857289771
US-8974468-B2,0.065905552672548,0.0,0.0006003559748803362,0.7949706545630124
US-9002426-B2,0.1248918872167445,0.0018931482790640528,0.0014847685628960063,0.8183782870330366
US-9101394-B2,0.065905552672548,0.0,0.0006003559748803362,0.8175563850905984
US-9119722-B1,0.065905552672548,0.0,0.0006003559748803362,0.7906323723811552
US-9125669-B2,0.065905552672548,0.0,0.0006003559748803362,0.7765716435497295
US-9167989-B2,0.065905552672548,0.0,0.0006003559748803362,0.7522426522993076
US-9168153-B2,0.065905552672548,0.0,0.0006003559748803362,0.7890998760102929
US-9173716-B2,0.065905552672548,0.0,0.0006003559748803362,0.7786797900231223
US-9186292-B2,0.065905552672548,0.0,0.0006003559748803362,0.7867382386582906
US-9220510-B2,0.065905552672548,0.0,0.0006003559748803362,0.8250192706939311
US-9237951-B1,0.065905552672548,0.0,0.0006003559748803362,0.7786885349132572
US-9241801-B1,0.065905552672548,0.0,0.0006003559748803362,0.7965050191789059
US-9247998-B2,0.065905552672548,0.0,0.0006003559748803362,0.7949234922660878
US-9248001-B2,0.065905552672548,0.0,0.0006003559748803362,0.8097625566428251
US-9259290-B2,0.065905552672548,0.0,0.0006003559748803362,0.7684097489826606
US-9262802-B2,0.065905552672548,0.0,0.0006003559748803362,0.7992946479831238
US-9265447-B2,0.065905552672548,0.0,0.0006003559748803362,0.7872227022964781
US-9271756-B2,0.065905552672548,0.0,0.0006003559748803362,0.8090632938524507
US-9277968-B2,0.065905552672548,0.0,0.0006003559748803362,0.8127852867152626
US-9286355-B2,0.065905552672548,0.0,0.0006003559748803362,0.807037624497161
US-9301812-B2,0.065905552672548,0.0,0.0006003559748803362,0.7705852662789539
US-9332987-B2,0.065905552672548,0.0,0.0006003559748803362,0.7946632380845031
US-9406134-B2,0.065905552672548,0.0,0.0006003559748803362,0.787075619309899
US-9433425-B2,0.065905552672548,0.0,0.0006003559748803362,0.7691569553059444
US-9439656-B2,0.07368967306694343,0.001111041046585763,0.0006265942941905339,0.7968315889727974
US-9517000-B2,0.065905552672548,0.0,0.0006003559748803362,0.7812628926148864
US-9532788-B2,0.065905552672548,0.0,0.0006003559748803362,0.785207824518722
US-9532838-B2,0.065905552672548,0.0,0.0006003559748803362,0.7695936369928077
US-9549742-B2,0.065905552672548,0.0,0.0006003559748803362,0.7842978978544606
US-9549782-B2,0.065905552672548,0.0,0.0006003559748803362,0.7977551831622318
US-9554953-B2,0.065905552672548,0.0,0.0006003559748803362,0.782861403580815
US-9572682-B2,0.065905552672548,0.0,0.0006003559748803362,0.7792684611668719
US-9592133-B2,0.065905552672548,0.0,0.0006003559748803362,0.7814059260997485
US-9597096-B2,0.065905552672548,0.0,0.0006003559748803362,0.7989069578682154
US-9610086-B2,0.065905552672548,0.0,0.0006003559748803362,0.8232207170261141
US-9610134-B2,0.065905552672548,0.0,0.0006003559748803362,0.8111449654938393
US-9639156-B2,0.11866459090122816,0.0017890885553566156,0.001438350796309493,0.7083795540675227
US-9684768-B2,0.065905552672548,0.0,0.0006003559748803362,0.8287050148991106
US-9700292-B2,0.065905552672548,0.0,0.0006003559748803362,0.8227576566867845
US-9724165-B2,0.11451306002421727,0.0017576633261145965,0.0012426613043687305,0.8048485253680453
US-9737311-B2,0.065905552672548,0.0,0.0006003559748803362,0.8034673515086145
US-9737369-B2,0.065905552672548,0.0,0.0006003559748803362,0.8070577048378679
US-9763683-B2,0.065905552672548,0.0,0.0006003559748803362,0.8002161345143296
US-9763746-B2,0.065905552672548,0.0,0.0006003559748803362,0.7356267829689734
US-9782226-B2,0.06763535720463587,9.864686627840116e-05,0.0006023130576408645,0.7939157882691988
US-9808356-B2,0.065905552672548,0.0,0.0006003559748803362,0.770939230814174
US-9848896-B2,0.065905552672548,0.0,0.0006003559748803362,0.7836303152990949
US-9861446-B2,0.065905552672548,0.0,0.0006003559748803362,0.7969326351655611
US-9888931-B2,0.065905552672548,0.0,0.0006003559748803362,0.7997443638965777
US-9901463-B2,0.065905552672548,0.0,0.0006003559748803362,0.7809491731107667
US-9911187-B2,0.065905552672548,0.0,0.0006003559748803362,0.773259889945859
US-9913691-B2,0.065905552672548,0.0,0.0006003559748803362,0.813828484149429
US-9913692-B2,0.065905552672548,0.0,0.0006003559748803362,0.8169070847054672
US-9916421-B2,0.065905552672548,0.0,0.0006003559748803362,0.8127449404859778
WO-2004070580-A2,0.1248918872167445,0.0018931482790640528,0.0014847685628960063,0.7142388800945243
WO-2006078236-A1,0.06607853312575679,8.650519031141868e-05,0.0006003568510626579,0.7142388800945243
WO-2012082164-A1,0.065905552672548,0.0,0.0006003559748803362,0.7142388800945243
WO-2015057814-A1,0.065905552672548,0.0,0.0006003559748803362,0.7142388800945243
WO-2016146768-A1,0.065905552672548,0.0,0.0006003559748803362,0.7142388800945243
WO-2016198844-A1,0.065905552672548,0.0,0.0006003559748803362,0.7142388800945243
WO-2017076886-A1,0.065905552672548,0.0,0.0006003559748803362,0.7142388800945243
WO-2017108776-A1,0.065905552672548,0.0,0.0006003559748803362,0.7142388800945243
WO-2017115235-A1,0.065905552672548,0.0,0.0006003559748803362,0.7142388800945243
WO-2017124043-A1,0.065905552672548,0.0,0.0006003559748803362,0.7141242590312263
WO-2017147596-A1,0.065905552672548,0.0,0.0006003559748803362,0.7142388800945243
WO-2017179075-A1,0.065905552672548,0.0,0.0006003559748803362,0.7142388800945243
WO-2018085694-A1,0.065905552672548,0.0,0.0006003559748803362,0.7142388800945243
WO-2018085900-A1,0.065905552672548,0.0,0.0006003559748803362,0.7141242590312263
WO-2018095499-A1,0.065905552672548,0.0,0.0006003559748803362,0.7142388800945243
WO-2018104704-A1,0.065905552672548,0.0,0.0006003559748803362,0.7142388800945243
WO-2018161120-A1,0.065905552672548,0.0,0.0006003559748803362,0.7142388800945243
WO-2019006370-A1,0.065905552672548,0.0,0.0006003559748803362,0.7142388800945243
WO-2019032828-A2,0.0686732399238886,0.0009403548819881891,0.0006260173862134528,0.7142388800945243
WO-2019068194-A1,0.065905552672548,0.0,0.0006003559748803362,0.7142388800945243
WO-2019079634-A1,0.065905552672548,0.0,0.0006003559748803362,0.7142388800945243
WO-2019081915-A1,0.065905552672548,0.0,0.0006003559748803362,0.7142388800945243
WO-2019135805-A1,0.065905552672548,0.0,0.0006003559748803362,0.7142388800945243
WO-2019148154-A1,0.065905552672548,0.0,0.0006003559748803362,0.7142388800945243
WO-2019191722-A1,0.065905552672548,0.0,0.0006003559748803362,0.7142388800945243
WO-2019224745-A1,0.065905552672548,0.0,0.0006003559748803362,0.7142388800945243
WO-2019241516-A1,0.065905552672548,0.0,0.0006003559748803362,0.7141242590312263
WO-2019245849-A1,0.065905552672548,0.0,0.0006003559748803362,0.7142388800945243
WO-2019245851-A1,0.065905552672548,0.0,0.0006003559748803362,0.7142388800945243
WO-2020033568-A2,0.065905552672548,0.0,0.0006003559748803362,0.7142388800945243
WO-2020056443-A1,0.065905552672548,0.0,0.0006003559748803362,0.7142388800945243
WO-2020065209-A1,0.065905552672548,0.0,0.0006003559748803362,0.7142388800945243
WO-2020227832-A1,0.065905552672548,0.0,0.0006003559748803362,0.7142388800945243
WO-9531148-A1,0.065905552672548,0.0,0.0006003559748803362,0.7142388800945243
US-2021386480-A1,0.0003459609064175748,0.0,1.026041308811042e-06,0.7965981870116318
US-11596486-B2,0.0005189413596263622,0.0,2.5164179818415707e-05,0.8110057049946799
US-2013116706-A1,0.0005189413596263622,0.0,2.5164179818415707e-05,0.7596424834948868
US-2014277736-A1,0.0005189413596263622,0.0,2.5164179818415707e-05,0.7321952888995645
US-2017020615-A1,0.30755924580522404,0.009804893325851686,0.029398264159026764,0.7700515743141771
CN-1684729-A,0.04999135097733956,1.9136252108174532e-08,0.0006773322654047143,0.7142388800945243
EP-1059067-A1,0.06088911952949317,8.067110478813859e-07,0.0009717744604224199,0.7142388800945243
EP-1184684-A2,0.06088911952949317,8.067110478813859e-07,0.0009717744604224199,0.7142388800945243
EP-1380266-A1,0.06088911952949317,8.067110478813859e-07,0.0009717744604224199,0.7142388800945243
EP-1574186-B1,0.04999135097733956,1.908858813470064e-08,0.0006773332529535138,0.7142388800945243
EP-1871267-B1,0.06019719771665802,0.0024553238131907918,0.0007815621564835805,0.7142388800945243
JP-2000279425-A,0.06088911952949317,8.083277032879617e-07,0.0009717744604224199,0.7142388800945243
JP-2002102251-A,0.06088911952949317,8.067110478813859e-07,0.0009717744604224199,0.7142388800945243
JP-2003053684-A,0.06088911952949317,8.067110478813859e-07,0.0009717744604224199,0.7142388800945243
JP-2004513684-A,0.06088911952949317,8.067110478813859e-07,0.0009717744604224199,0.7142388800945243
JP-3342969-B2,0.0494724096177132,0.0,0.0006749663644708203,0.7142388800945243
JP-H08215211-A,0.06088911952949317,8.067110478813859e-07,0.0009717744604224199,0.7142388800945243
JP-H09330016-A,0.06088911952949317,8.067110478813859e-07,0.0009717744604224199,0.7142388800945243
US-10028789-B2,0.0494724096177132,0.0,0.0006749663644708203,0.7944541353062201
US-10231790-B2,0.04999135097733956,1.4547987617025008e-08,0.0007260318278022312,0.8107103664874934
US-10350012-B2,0.049818370524130774,1.0455361541683028e-08,0.0007008939237730686,0.7752581903479123
US-10952796-B2,0.04964539007092199,4.087156530266748e-09,0.0007001070960807998,0.7841818307406596
US-11123143-B2,0.04964539007092199,6.296249953620083e-09,0.000675782895209919,0.7752581903479123
US-2001034530-A1,0.06088911952949317,8.067110478813859e-07,0.0009717744604224199,0.8015847252693057
US-2001037064-A1,0.06088911952949317,8.067110478813859e-07,0.0009717744604224199,0.7880446632557431
US-2001039422-A1,0.06088911952949317,8.067110478813859e-07,0.0009717744604224199,0.7884968741009925
US-2001041838-A1,0.06088911952949317,8.067110478813859e-07,0.0009717744604224199,0.7954427889011989
US-2002035321-A1,0.049818370524130774,9.151652430347227e-08,0.0006765442885695175,0.8010127291119747
US-2002062177-A1,0.06088911952949317,8.067110478813859e-07,0.0009717744604224199,0.6939456027761055
US-2002107521-A1,0.06088911952949317,8.067110478813859e-07,0.0009717744604224199,0.7287981107545669
US-2002108054-A1,0.06088911952949317,8.067110478813859e-07,0.0009717744604224199,0.6929386464273524
US-2002120188-A1,0.1193565127140633,0.004317266439008964,0.0011712473645727282,0.7847495708555328
US-2003093103-A1,0.06088911952949317,8.067110478813859e-07,0.0009717744604224199,0.7650869986806369
US-2003112281-A1,0.06088911952949317,8.067110478813859e-07,0.0009717744604224199,0.7102212459281664
US-2003187351-A1,0.04999135097733956,1.908858813470064e-08,0.0006773332532078434,0.80420513435123
US-2003195664-A1,0.049818370524130774,6.779755152412147e-09,0.0007252438518628745,0.7696598221126596
US-2003209096-A1,0.06088911952949317,8.067110478813859e-07,0.0009717744604224199,0.7669604374052253
US-2004009459-A1,0.04999135097733956,1.9136252108174532e-08,0.0006773322648292617,0.8005619373256491
US-2004012806-A1,0.06088911952949317,8.067110478813859e-07,0.0009717744604224199,0.7048294364418966
US-2004024311-A1,0.06088911952949317,8.067110478813859e-07,0.0009717744604224199,0.7586975239883985
US-2004034282-A1,0.25860577754713715,0.00250096781537182,0.029470649749322085,0.7915808487990708
US-2004034283-A1,0.06088911952949317,8.067110478813859e-07,0.0009717744604224199,0.7584537114295534
US-2004034302-A1,0.06088911952949317,8.067110478813859e-07,0.0009717744604224199,0.772661969565146
US-2004102866-A1,0.06088911952949317,8.067110478813859e-07,0.0009717744604224199,0.8342529833943032
US-2004115606-A1,0.06088911952949317,8.067110478813859e-07,0.0009717744604224199,0.7882287833264313
US-2004127788-A1,0.06088911952949317,8.067110478813859e-07,0.0009717744604224199,0.7792417767837726
US-2004143243-A1,0.0494724096177132,0.0,0.0006749663644708203,0.794600689598906
US-2004157188-A1,0.25860577754713715,0.00250096781537182,0.029470649749322085,0.773272346170654
US-2004167654-A1,0.06296488496799861,0.001254075364761596,0.0009723005010497285,0.7805673850677
US-2004171924-A1,0.0631378654212074,0.0002926485056144977,0.000973915139749635,0.8025521855478579
US-2004172044-A1,0.04999135097733956,1.444405476906317e-08,0.0007262215608980072,0.8221252098630621
US-2004242993-A1,0.04999135097733956,1.9136252108174532e-08,0.0006773322654047143,0.7955598856028936
US-2005001831-A1,0.06088911952949317,8.067110478813859e-07,0.0009717744604224199,0.7371435486276202
US-2005053200-A1,0.04999135097733956,1.908858813470064e-08,0.0006773332532072001,0.8250516850318961
US-2005062738-A1,0.06088911952949317,8.067110478813859e-07,0.0009717744604224199,0.752064276708395
US-2005093821-A1,0.06088911952949317,8.067110478813859e-07,0.0009717744604224199,0.7346945184770816
US-2005107801-A1,0.06088911952949317,8.067110478813859e-07,0.0009717744604224199,0.8001036231129094
US-2005113677-A1,0.06088911952949317,8.067110478813859e-07,0.0009717744604224199,0.8067663787784523
US-2005154471-A1,0.06088911952949317,8.067110478813859e-07,0.0009717744604224199,0.7645430740512644
US-2005165489-A1,0.06088911952949317,8.067110478813859e-07,0.0009717744604224199,0.7644034802025103
US-2005193451-A1,0.10811278325549213,0.0037153450923904183,0.0008756673215150644,0.7944248506775496
US-2005197800-A1,0.06088911952949317,8.067110478813859e-07,0.0009717744604224199,0.7419702635851054
US-2005203384-A1,0.06088911952949317,8.067110478813859e-07,0.0009717744604224199,0.8131946834084575
US-2005215879-A1,0.06088911952949317,8.067110478813859e-07,0.0009717744604224199,0.7454616206940639
US-2005215888-A1,0.049818370524130774,8.152853411323555e-09,0.0007252461904668586,0.7663310857423407
US-2005217394-A1,0.0494724096177132,0.0,0.0006749663644708203,0.7088372953228981
US-2005222830-A1,0.06088911952949317,8.067110478813859e-07,0.0009717744604224199,0.7271552984650874
US-2006033707-A1,0.06088911952949317,8.067110478813859e-07,0.0009717744604224199,0.7317575464856574
US-2006058616-A1,0.06088911952949317,8.067110478813859e-07,0.0009717744604224199,0.8065034810253608
US-2006084867-A1,0.06088911952949317,8.067110478813859e-07,0.0009717744604224199,0.8155116248149797
US-2006109266-A1,0.06088911952949317,8.067110478813859e-07,0.0009717744604224199,0.7150848212815498
US-2006133827-A1,0.06088911952949317,8.067110478813859e-07,0.0009717744604224199,0.7014555156642707
US-2006207419-A1,0.0494724096177132,0.0,0.0006749663644708203,0.684874090525694
US-2006265179-A1,0.04999135097733956,1.6802152128795538e-08,0.0007016834137782143,0.7033209319823583
US-2006293598-A1,0.06088911952949317,8.067110478813859e-07,0.0009717744604224199,0.7590620430365723
US-2007142751-A1,0.06088911952949317,8.083277032879617e-07,0.0009717744604224199,0.7139568274108906
US-2007260140-A1,0.06088911952949317,8.083277032879617e-07,0.0009717744604224199,0.7949570814594162
US-2008010705-A1,0.06088911952949317,8.067110478813859e-07,0.0009717744604224199,0.7944541353062201
US-2008058945-A1,0.06088911952949317,8.067110478813859e-07,0.0009717744604224199,0.7838023908687785
US-2008125637-A1,0.04999135097733956,1.908858813470064e-08,0.0006773332523781007,0.7726298559749533
US-2009000626-A1,0.06088911952949317,8.067110478813859e-07,0.0009717744604224199,0.8107103664874934
US-2009012532-A1,0.06088911952949317,8.067110478813859e-07,0.0009717744604224199,0.8096104093839176
US-2010137882-A1,0.06088911952949317,8.067110478813859e-07,0.0009717744604224199,0.7584537114295534
US-2010170362-A1,0.06088911952949317,8.067110478813859e-07,0.0009717744604224199,0.68544965629096
US-2010198219-A1,0.06088911952949317,8.067110478813859e-07,0.0009717744604224199,0.7822127278739858
US-2010225209-A1,0.18595398719944647,0.0065671728941338785,0.001176077849843122,0.7846147053446484
US-2011270120-A1,0.06088911952949317,8.067110478813859e-07,0.0009717744604224199,0.7315136183027108
US-2012176306-A1,0.06088911952949317,8.067110478813859e-07,0.0009717744604224199,0.7113230392513538
US-2013096573-A1,0.06088911952949317,8.067110478813859e-07,0.0009717744604224199,0.8088731011963556
US-2013096574-A1,0.16571527417401832,0.004487024695962759,0.0012856436585082101,0.8092981963313887
US-2014350571-A1,0.06088911952949317,8.067110478813859e-07,0.0009717744604224199,0.7990267620541437
US-2016097676-A1,0.0494724096177132,0.0,0.0006749663644708203,0.6916654326446097
US-2016124022-A1,0.04999135097733956,1.68605459268744e-08,0.0007016840861877017,0.7245623239641165
US-2016153777-A1,0.04999135097733956,1.908858813470064e-08,0.0006773333058644113,0.731588175071577
US-2016155097-A1,0.049818370524130774,9.151652430347227e-08,0.0006765443051639661,0.7264612547606707
US-2019290367-A1,0.04999135097733956,1.908858813470064e-08,0.0006773332532078433,0.7654384535105728
US-2021128253-A1,0.0494724096177132,0.0,0.0006749663644708203,0.8045876909574089
US-2021361362-A1,0.04964539007092199,4.0764267056617774e-09,0.0007001071173421392,0.8119510425477725
US-4747393-A,0.06088911952949317,8.067110478813859e-07,0.0009717744604224199,0.7730251527789066
US-4903536-A,0.06088911952949317,8.067110478813859e-07,0.0009717744604224199,0.6871606972365152
US-5046375-A,0.06088911952949317,8.067110478813859e-07,0.0009717744604224199,0.6914625857275091
US-5086401-A,0.25860577754713715,0.00250096781537182,0.029470649749322085,0.7990233592277245
US-5142930-A,0.06088911952949317,8.067110478813859e-07,0.0009717744604224199,0.8073101529082913
US-5154717-A,0.06088911952949317,8.067110478813859e-07,0.0009717744604224199,0.8113252048949786
US-5207114-A,0.06088911952949317,8.067110478813859e-07,0.0009717744604224199,0.6873651268950107
US-5230338-A,0.06088911952949317,8.067110478813859e-07,0.0009717744604224199,0.8073101529082913
US-5236432-A,0.06088911952949317,8.067110478813859e-07,0.0009717744604224199,0.8110977376894417
US-5343385-A,0.25860577754713715,0.00250096781537182,0.029470649749322085,0.7399177427724511
US-5383901-A,0.04999135097733956,1.0877468566137205e-08,0.0007264719047567967,0.7857016153335673
US-5388480-A,0.06088911952949317,8.083277032879617e-07,0.0009717744604224199,0.6944908809368083
US-5399951-A,0.06088911952949317,8.067110478813859e-07,0.0009717744604224199,0.7327178248927128
US-5408409-A,0.1193565127140633,0.004317266439008964,0.0011712473645727282,0.7999604893439302
US-5445144-A,0.06088911952949317,8.067110478813859e-07,0.0009717744604224199,0.741589650199738
US-5445166-A,0.06088911952949317,8.067110478813859e-07,0.0009717744604224199,0.8061259825533391
US-5452941-A,0.06088911952949317,8.067110478813859e-07,0.0009717744604224199,0.7145534054678305
US-5551429-A,0.06088911952949317,8.067110478813859e-07,0.0009717744604224199,0.7301226989456084
US-5572999-A,0.16536931326760076,0.004141003934717083,0.0012856417627423197,0.7742614815412743
US-5576727-A,0.06088911952949317,8.067110478813859e-07,0.0009717744604224199,0.7138723777714304
US-5587937-A,0.06088911952949317,8.067110478813859e-07,0.0009717744604224199,0.7277782040308216
US-5611353-A,0.06088911952949317,8.067110478813859e-07,0.0009717744604224199,0.7793129752510944
US-5625576-A,0.08493340252551462,0.004457379263984353,0.0010327988182225647,0.7254900411698427
US-5638819-A,0.06088911952949317,8.067110478813859e-07,0.0009717744604224199,0.7632874268251609
US-5676673-A,0.06088911952949317,8.067110478813859e-07,0.0009717744604224199,0.7739132835409887
US-5688280-A,0.06088911952949317,8.067110478813859e-07,0.0009717744604224199,0.7788903196962628
US-5694013-A,0.06088911952949317,8.067110478813859e-07,0.0009717744604224199,0.7269690063542369
US-5695500-A,0.16536931326760076,0.004141003934717083,0.0012856417627423197,0.8055961401796677
US-5701140-A,0.06088911952949317,8.083277032879617e-07,0.0009717744604224199,0.7182019199214794
US-5727554-A,0.06088911952949317,8.067110478813859e-07,0.0009717744604224199,0.7802595350144325
US-5792147-A,0.06088911952949317,8.067110478813859e-07,0.0009717744604224199,0.8058770518243817
US-5806518-A,0.25860577754713715,0.00250096781537182,0.029470649749322085,0.7878989496702958
US-5831408-A,0.08354955889984432,0.09797841256113046,0.0009718790829182217,0.7300060307089387
US-5855553-A,0.06088911952949317,8.067110478813859e-07,0.0009717744604224199,0.781620632120522
US-5871018-A,0.06244594360837225,0.00013236276578218898,0.0009725850175940871,0.8222943227587525
US-5887121-A,0.06088911952949317,8.067110478813859e-07,0.0009717744604224199,0.7543667425438251
US-5888220-A,0.06088911952949317,8.067110478813859e-07,0.0009717744604224199,0.7699013290262743
US-5898599-A,0.06088911952949317,8.067110478813859e-07,0.0009717744604224199,0.727013771707145
US-5928137-A,0.06088911952949317,8.067110478813859e-07,0.0009717744604224199,0.7758530810600442
US-5950629-A,0.06088911952949317,8.067110478813859e-07,0.0009717744604224199,0.805484246308244
US-5971997-A,0.04964539007092199,6.362862711566881e-09,0.0006757553617223586,0.7670943925438017
US-5976156-A,0.25860577754713715,0.00250096781537182,0.029470649749322085,0.8055961401796677
US-5978696-A,0.06088911952949317,8.067110478813859e-07,0.0009717744604224199,0.7899317284780666
US-5980535-A,0.06088911952949317,8.083277032879617e-07,0.0009717744604224199,0.783879474381258
US-5984930-A,0.06088911952949317,8.067110478813859e-07,0.0009717744604224199,0.8023246004152637
US-5987960-A,0.06088911952949317,8.067110478813859e-07,0.0009717744604224199,0.7384061224044494
US-6006127-A,0.06088911952949317,8.067110478813859e-07,0.0009717744604224199,0.8119906772209731
US-6017305-A,0.06088911952949317,8.067110478813859e-07,0.0009717744604224199,0.7775775196295206
US-6033415-A,0.25860577754713715,0.00250096781537182,0.029470649749322085,0.7814605574451317
US-6084587-A,0.06088911952949317,8.067110478813859e-07,0.0009717744604224199,0.6908631175633412
US-6104158-A,0.06088911952949317,8.067110478813859e-07,0.0009717744604224199,0.7300060307089387
US-6109270-A,0.06088911952949317,8.067110478813859e-07,0.0009717744604224199,0.7819954153541707
US-6111577-A,0.06088911952949317,8.067110478813859e-07,0.0009717744604224199,0.7087283794639179
US-6147674-A,0.06088911952949317,8.067110478813859e-07,0.0009717744604224199,0.7091869689384226
US-6161032-A,0.06088911952949317,8.083277032879617e-07,0.0009717744604224199,0.7663550068721658
US-6188728-B1,0.06088911952949317,8.067110478813859e-07,0.0009717744604224199,0.6823443282057686
US-6191796-B1,0.06088911952949317,8.067110478813859e-07,0.0009717744604224199,0.7174512996444804
US-6205411-B1,0.2608545234388514,0.003301599109826007,0.029472790428649313,0.7979532218100048
US-6219032-B1,0.06088911952949317,8.067110478813859e-07,0.0009717744604224199,0.6987148651259295
US-6223100-B1,0.06088911952949317,8.067110478813859e-07,0.0009717744604224199,0.7450007130645611
US-6226566-B1,0.06088911952949317,8.067110478813859e-07,0.0009717744604224199,0.7543667425438251
US-6231526-B1,0.06088911952949317,8.067110478813859e-07,0.0009717744604224199,0.8055961401796677
US-6233504-B1,0.06088911952949317,8.067110478813859e-07,0.0009717744604224199,0.7554936566279035
US-6259806-B1,0.1193565127140633,0.004317266439008964,0.0011712473645727282,0.7560020341684809
US-6285902-B1,0.06123508043591074,0.0003468274722935561,0.0009717758798464262,0.8024123955590577
US-6288705-B1,0.06088911952949317,8.067110478813859e-07,0.0009717744604224199,0.6967923214188179
US-6292174-B1,0.06088911952949317,8.067110478813859e-07,0.0009717744604224199,0.6913420664158341
US-6300936-B1,0.06088911952949317,8.067110478813859e-07,0.0009717744604224199,0.6898378624690669
US-6322467-B1,0.06088911952949317,8.067110478813859e-07,0.0009717744604224199,0.7010449821548976
US-6322567-B1,0.25860577754713715,0.00250096781537182,0.029470649749322085,0.7970184878482786
US-6325808-B1,0.06088911952949317,8.067110478813859e-07,0.0009717744604224199,0.8015489146846785
US-6337994-B1,0.06088911952949317,8.067110478813859e-07,0.0009717744604224199,0.7661439320924575
US-6366273-B1,0.06088911952949317,8.067110478813859e-07,0.0009717744604224199,0.7162701996318407
US-6369834-B1,0.06088911952949317,8.067110478813859e-07,0.0009717744604224199,0.7087283794639179
US-6377011-B1,0.06088911952949317,8.067110478813859e-07,0.0009717744604224199,0.7406338672786092
US-6385475-B1,0.25860577754713715,0.00250096781537182,0.029470649749322085,0.7824075345080199
US-6385509-B2,0.06088911952949317,8.067110478813859e-07,0.0009717744604224199,0.7554936566279035
US-6393340-B2,0.06088911952949317,8.067110478813859e-07,0.0009717744604224199,0.7484390980569758
US-6405072-B1,0.06088911952949317,8.067110478813859e-07,0.0009717744604224199,0.7881703622718101
US-6405158-B1,0.06088911952949317,8.083277032879617e-07,0.0009717744604224199,0.7273353595726947
US-6417638-B1,0.06088911952949317,8.067110478813859e-07,0.0009717744604224199,0.7317575464856574
US-6421048-B1,0.06088911952949317,8.067110478813859e-07,0.0009717744604224199,0.7255121129216727
US-6424885-B1,0.1193565127140633,0.004317266439008964,0.0011712473645727282,0.7441176308170565
US-6430434-B1,0.25860577754713715,0.00250096781537182,0.029470649749322085,0.7678842755257314
US-6434416-B1,0.06088911952949317,8.067110478813859e-07,0.0009717744604224199,0.7753028219765911
US-6443894-B1,0.06088911952949317,8.067110478813859e-07,0.0009717744604224199,0.7589437294703023
US-6466815-B1,0.06088911952949317,8.067110478813859e-07,0.0009717744604224199,0.7591780209787355
US-6468265-B1,0.31638124891887215,0.02021011866341883,0.029569916136674212,0.7921497819714851
US-6484118-B1,0.04964539007092199,6.362862711566881e-09,0.0006757553434019567,0.7641654550532894
US-6493608-B1,0.06088911952949317,8.067110478813859e-07,0.0009717744604224199,0.778142477470289
US-6494039-B2,0.06088911952949317,8.067110478813859e-07,0.0009717744604224199,0.7095629639481712
US-6522906-B1,0.15412558380902958,0.0035578109399288325,0.0009896457111149741,0.7972311424251708
US-6533737-B1,0.06088911952949317,8.067110478813859e-07,0.0009717744604224199,0.8126141528319005
US-6547782-B1,0.06088911952949317,8.067110478813859e-07,0.0009717744604224199,0.8055961401796677
US-6551325-B2,0.06088911952949317,8.067110478813859e-07,0.0009717744604224199,0.7686299647306838
US-6552722-B1,0.06088911952949317,8.067110478813859e-07,0.0009717744604224199,0.7371435486276202
US-6583161-B1,0.06088911952949317,8.067110478813859e-07,0.0009717744604224199,0.7304784557462353
US-6642686-B1,0.06088911952949317,8.067110478813859e-07,0.0009717744604224199,0.7392099437262606
US-6671651-B2,0.06088911952949317,8.067110478813859e-07,0.0009717744604224199,0.7419702635851054
US-6674916-B1,0.06088911952949317,8.067110478813859e-07,0.0009717744604224199,0.7486512374569894
US-6690964-B2,0.1193565127140633,0.004317266439008964,0.0011712473645727282,0.8159039863502623
US-6692485-B1,0.06088911952949317,8.083277032879617e-07,0.0009717744604224199,0.7337991924795144
US-6701174-B1,0.06088911952949317,8.067110478813859e-07,0.0009717744604224199,0.8113993464219026
US-6704694-B1,0.06088911952949317,8.067110478813859e-07,0.0009717744604224199,0.7295488541988623
US-6711431-B2,0.06088911952949317,8.067110478813859e-07,0.0009717744604224199,0.7914390571589586
US-6748819-B2,0.06088911952949317,8.067110478813859e-07,0.0009717744604224199,0.699872825386556
US-6750877-B2,0.06088911952949317,8.067110478813859e-07,0.0009717744604224199,0.6890242625068099
US-6757582-B2,0.06088911952949317,8.067110478813859e-07,0.0009717744604224199,0.7456556610646522
US-6778850-B1,0.06088911952949317,8.083277032879617e-07,0.0009717744604224199,0.801464624300438
US-6786896-B1,0.06088911952949317,8.083277032879617e-07,0.0009717744604224199,0.7416100000536512
US-6801801-B1,0.06088911952949317,8.067110478813859e-07,0.0009717744604224199,0.8037883868374859
US-6810281-B2,0.06088911952949317,8.067110478813859e-07,0.0009717744604224199,0.7847495708555328
US-6816148-B2,0.06088911952949317,8.067110478813859e-07,0.0009717744604224199,0.6913420664158341
US-6831640-B2,0.06088911952949317,8.067110478813859e-07,0.0009717744604224199,0.7371435486276202
US-6845691-B2,0.06088911952949317,8.067110478813859e-07,0.0009717744604224199,0.6983629708486402
US-6850794-B2,0.06088911952949317,8.067110478813859e-07,0.0009717744604224199,0.7980169224798751
US-6853965-B2,0.06088911952949317,8.067110478813859e-07,0.0009717744604224199,0.7273353595726947
US-6894678-B2,0.06088911952949317,8.067110478813859e-07,0.0009717744604224199,0.6960786144658319
US-6985133-B1,0.06088911952949317,8.067110478813859e-07,0.0009717744604224199,0.7317575464856574
US-6987504-B2,0.06088911952949317,8.067110478813859e-07,0.0009717744604224199,0.7172802224298187
US-7001346-B2,0.06088911952949317,8.067110478813859e-07,0.0009717744604224199,0.8117403162851977
US-7035716-B2,0.06088911952949317,8.067110478813859e-07,0.0009717744604224199,0.770282941989784
US-7039866-B1,0.06088911952949317,8.067110478813859e-07,0.0009717744604224199,0.7001533027153598
US-7131073-B2,0.06088911952949317,8.067110478813859e-07,0.0009717744604224199,0.7072941348420003
US-7168042-B2,0.06088911952949317,8.067110478813859e-07,0.0009717744604224199,0.6981174228530053
US-7199790-B2,0.06088911952949317,8.067110478813859e-07,0.0009717744604224199,0.7008666974520487
US-7206626-B2,0.06088911952949317,8.067110478813859e-07,0.0009717744604224199,0.7586975239883985
US-7206627-B2,0.1193565127140633,0.004317266439008964,0.0011712473645727282,0.772661969565146
US-7331436-B1,0.04999135097733956,9.787938701503915e-08,0.0006773332520584724,0.7106497832033429
US-7491198-B2,0.06088911952949317,8.067110478813859e-07,0.0009717744604224199,0.7814856971058314
US-7660623-B2,0.06088911952949317,8.083277032879617e-07,0.0009717744604224199,0.7867244186965212
US-7717932-B2,0.06088911952949317,8.067110478813859e-07,0.0009717744604224199,0.783540376674423
US-7742804-B2,0.06088911952949317,8.067110478813859e-07,0.0009717744604224199,0.8216553246968313
US-7747311-B2,0.06088911952949317,8.067110478813859e-07,0.0009717744604224199,0.7584537114295534
US-7774044-B2,0.06088911952949317,8.067110478813859e-07,0.0009717744604224199,0.801197576461339
US-8095200-B2,0.06088911952949317,8.067110478813859e-07,0.0009717744604224199,0.7915808487990708
US-8391954-B2,0.06088911952949317,8.067110478813859e-07,0.0009717744604224199,0.7584537114295534
US-8571628-B2,0.06244594360837225,0.00013209804025062462,0.0009725850175940871,0.7139568274108906
US-8911499-B2,0.06088911952949317,8.067110478813859e-07,0.0009717744604224199,0.8278062495356786
US-9492237-B2,0.06088911952949317,8.083277032879617e-07,0.0009717744604224199,0.7752581903479123
WO-0035336-A2,0.06088911952949317,8.067110478813859e-07,0.0009717744604224199,0.7142388800945243
WO-02060653-A2,0.06088911952949317,8.067110478813859e-07,0.0009717744604224199,0.7142388800945243
WO-02061371-A1,0.06088911952949317,8.067110478813859e-07,0.0009717744604224199,0.7142388800945243
WO-0224051-A2,0.06088911952949317,8.067110478813859e-07,0.0009717744604224199,0.7142388800945243
WO-03007101-A3,0.049818370524130774,1.046057612529194e-08,0.000676983380022514,0.7142388800945243
WO-03077101-A2,0.06088911952949317,8.067110478813859e-07,0.0009717744604224199,0.7142388800945243
WO-2004069036-A2,0.06088911952949317,8.067110478813859e-07,0.0009717744604224199,0.7142388800945243
WO-2004069040-A2,0.06088911952949317,8.067110478813859e-07,0.0009717744604224199,0.7141242590312263
WO-2004069041-A2,0.06088911952949317,8.067110478813859e-07,0.0009717744604224199,0.7142388800945243
WO-2004070573-A2,0.06088911952949317,8.067110478813859e-07,0.0009717744604224199,0.7142388800945243
WO-2004070581-A2,0.06088911952949317,8.067110478813859e-07,0.0009717744604224199,0.7142388800945243
WO-2004075987-A1,0.06088911952949317,8.067110478813859e-07,0.0009717744604224199,0.7142388800945243
WO-2005009215-A2,0.06088911952949317,8.067110478813859e-07,0.0009717744604224199,0.7142388800945243
WO-2005013841-A1,0.04964539007092199,2.7087459386276245e-09,0.0007001050987196825,0.7142388800945243
WO-2005072629-A1,0.06088911952949317,8.067110478813859e-07,0.0009717744604224199,0.7142388800945243
WO-2005120380-A1,0.06088911952949317,8.067110478813859e-07,0.0009717744604224199,0.7142388800945243
WO-2005122916-A1,0.06088911952949317,8.067110478813859e-07,0.0009717744604224199,0.7142388800945243
WO-2006004894-A2,0.06088911952949317,8.067110478813859e-07,0.0009717744604224199,0.7142388800945243
WO-2007117297-A2,0.06088911952949317,8.067110478813859e-07,0.0009717744604224199,0.7142388800945243
WO-9501757-A1,0.06088911952949317,8.067110478813859e-07,0.0009717744604224199,0.7142388800945243
WO-9617552-A1,0.06088911952949317,8.067110478813859e-07,0.0009717744604224199,0.7142388800945243
US-2016183913-A1,0.0003459609064175748,0.0,2.253073332512502e-08,0.7860154550186681
US-2018168732-A1,0.0003459609064175748,0.0,2.253073332512502e-08,0.7852488637116212
US-11833684-B2,0.0069192181283514965,0.0,3.846789406575818e-13,0.7353488544038526
US-11904470-B2,0.0069192181283514965,0.0,3.846789406575818e-13,0.7345036306505989
US-2021302971-A1,0.0069192181283514965,0.0,3.846789406575818e-13,0.7268836765231673
US-2021339399-A1,0.0069192181283514965,0.0,3.846789406575818e-13,0.7356406254305085
US-2023381959-A1,0.0069192181283514965,0.0,3.846789406575818e-13,0.7345036306505989
US-2024157552-A1,0.0069192181283514965,0.0,3.846789406575818e-13,0.7345036306505989
US-9718188-B2,0.0069192181283514965,0.0,3.846789406575818e-13,0.7283988016277206
US-9802317-B1,0.0069192181283514965,0.0,3.846789406575818e-13,0.7211386037304978
US-9880561-B2,0.0069192181283514965,0.0,3.846789406575818e-13,0.731659242484319
EP-3453355-A1,0.0024217263449230237,0.0,2.8521648637603312e-05,0.7142388800945243
US-10064686-B2,0.00536239404947241,8.654539861694199e-05,5.614646816697168e-05,0.8237670668017731
US-2005065617-A1,0.0024217263449230237,0.0,2.8521648637603312e-05,0.8037954836233787
US-2006258938-A1,0.2471890676353572,0.030508161768872707,0.029224001625237965,0.7739380042358431
US-2009192524-A1,0.10776682234907456,0.0007552838224412182,0.00034837382276269556,0.7365462714093802
US-2018071050-A1,0.00536239404947241,8.654539861694199e-05,5.614646816697168e-05,0.77025406953356
US-8248413-B2,0.0024217263449230237,0.0,2.8521648637603312e-05,0.7853431728818465
WO-2020223312-A1,0.0024217263449230237,0.0,2.8521648637603312e-05,0.7142388800945243
KR-20170015405-A,0.005881335409098772,0.0,9.127355779927579e-12,0.7142388800945243
US-10097126-B2,0.005881335409098772,0.0,9.127355779927579e-12,0.7061235349552748
US-10868486-B2,0.005881335409098772,0.0,9.127355779927579e-12,0.6977290262274856
US-11132062-B2,0.005881335409098772,0.0,9.127355779927579e-12,0.6954185937902321
US-2004147318-A1,0.005881335409098772,0.0,9.127355779927579e-12,0.6946906060292996
US-2011109198-A1,0.005881335409098772,0.0,9.127355779927579e-12,0.689932216615113
US-2012326999-A1,0.005881335409098772,0.0,9.127355779927579e-12,0.703422391433298
US-2013264973-A1,0.005881335409098772,0.0,9.127355779927579e-12,0.6716201299630944
US-2015227204-A1,0.005881335409098772,0.0,9.127355779927579e-12,0.6987743251896578
US-2016276972-A1,0.005881335409098772,0.0,9.127355779927579e-12,0.7061235349552748
US-2016284173-A1,0.005881335409098772,0.0,9.127355779927579e-12,0.7036278302993144
US-2016334872-A1,0.005881335409098772,0.0,9.127355779927579e-12,0.6963084617460239
US-2017133966-A1,0.005881335409098772,0.0,9.127355779927579e-12,0.6818915634483593
US-2017256145-A1,0.005881335409098772,0.0,9.127355779927579e-12,0.703495422855171
US-2019385420-A1,0.005881335409098772,0.0,9.127355779927579e-12,0.6904880778061082
US-2020306795-A1,0.005881335409098772,0.0,9.127355779927579e-12,0.6817830755032382
US-2021160364-A1,0.005881335409098772,0.0,9.127355779927579e-12,0.6955550291430738
US-2021365123-A1,0.005881335409098772,0.0,9.127355779927579e-12,0.6953024745385917
US-2024004472-A1,0.005881335409098772,0.0,9.127355779927579e-12,0.7010365323067232
US-9358689-B2,0.005881335409098772,0.0,9.127355779927579e-12,0.7014230571820105
US-9792501-B1,0.005881335409098772,0.0,9.127355779927579e-12,0.7308821398541069
WO-2017189928-A1,0.005881335409098772,0.0,9.127355779927579e-12,0.7143748803527328
US-10198086-B2,0.023698322089603874,0.0010198834714432066,9.87570344340817e-07,0.7240978230203563
US-10921904-B2,0.0012108631724615118,0.0,5.4848227872415857e-08,0.7239524758247943
US-11058503-B2,0.0012108631724615118,0.0,5.4848227872415857e-08,0.7762910804180614
US-5607158-A,0.023698322089603874,0.0010198834714432066,9.87570344340817e-07,0.7038044344151101
US-6594552-B1,0.025255146168482963,0.0027066829284264674,6.190814838559173e-05,0.7696598221126596
US-9326767-B2,0.0012108631724615118,0.0,5.4848227872415857e-08,0.7636412569880378
US-9681921-B2,0.0012108631724615118,0.0,5.4848227872415857e-08,0.7936233787284964
US-9696700-B2,0.0012108631724615118,0.0,5.4848227872415857e-08,0.7312876915228923
US-11650111-B2,0.0019027849852966616,0.0,2.79728277526933e-07,0.7646583652699371
US-2009157092-A1,0.0019027849852966616,0.0,2.79728277526933e-07,0.7646583652699371
US-2014128885-A1,0.0019027849852966616,0.0,2.79728277526933e-07,0.7173112258728543
US-2014148729-A1,0.0019027849852966616,0.0,2.79728277526933e-07,0.7855625033464417
US-2017265980-A1,0.0019027849852966616,0.0,2.79728277526933e-07,0.7884820325624531
US-2018092703-A1,0.0019027849852966616,0.0,2.79728277526933e-07,0.757967908726923
US-2019099231-A1,0.1072478809894482,0.003895847750865048,0.00032015599162666904,0.7465951596383414
US-2020345435-A1,0.0019027849852966616,0.0,2.79728277526933e-07,0.7734550923886141
US-2021196268-A1,0.0019027849852966616,0.0,2.79728277526933e-07,0.78994599886808
US-2021310885-A1,0.0019027849852966616,0.0,2.79728277526933e-07,0.7060800046957989
US-7752920-B2,0.0019027849852966616,0.0,2.79728277526933e-07,0.7644029324775007
US-8281670-B2,0.0019027849852966616,0.0,2.79728277526933e-07,0.7644029324775007
CN-103257783-A,0.002594706798131811,0.0,1.1783926373053354e-12,0.7142388800945243
CN-103607395-A,0.002594706798131811,0.0,1.1783926373053354e-12,0.7142388800945243
CN-104922899-A,0.002594706798131811,0.0,1.1783926373053354e-12,0.7142388800945243
JP-H06294630-A,0.002594706798131811,0.0,1.1783926373053354e-12,0.7142388800945243
RU-2461865-C2,0.002594706798131811,0.0,1.1783926373053354e-12,0.7141242590312263
RU-2571552-C2,0.002594706798131811,0.0,1.1783926373053354e-12,0.7141242590312263
US-10067566-B2,0.002594706798131811,0.0,1.1783926373053354e-12,0.6990481966797464
US-10775894-B2,0.002594706798131811,0.0,1.1783926373053354e-12,0.72460056459521
US-11003252-B2,0.002594706798131811,0.0,1.1783926373053354e-12,0.6884669965306768
US-2017032630-A1,0.002594706798131811,0.0,1.1783926373053354e-12,0.6954845381015118
US-2020076866-A1,0.002594706798131811,0.0,1.1783926373053354e-12,0.7040768900330551
US-2020241643-A1,0.002594706798131811,0.0,1.1783926373053354e-12,0.7056060273031706
US-8098234-B2,0.002594706798131811,0.0,1.1783926373053354e-12,0.6932942975935602
US-8717151-B2,0.002594706798131811,0.0,1.1783926373053354e-12,0.7061511928559667
US-9291544-B1,0.002594706798131811,0.0,1.1783926373053354e-12,0.744575588051678
US-9949798-B2,0.0001729804532087874,0.0,1.0111166296448548e-09,0.7891131678515158
US-2007255288-A1,0.0020757654385054488,0.0,2.905678708821531e-05,0.8137717202185722
US-2011282473-A1,0.0020757654385054488,0.0,2.905678708821531e-05,0.8059171540577477
US-2014013565-A1,0.0020757654385054488,0.0,2.905678708821531e-05,0.8144901074725908
US-2014078139-A1,0.0020757654385054488,0.0,2.905678708821531e-05,0.7939157882691988
US-4841975-A,0.0020757654385054488,0.0,2.905678708821531e-05,0.7998041134258388
US-8234097-B2,0.002594706798131811,0.0,3.157620459947215e-05,0.8019203141679123
US-9364291-B2,0.002594706798131811,0.0,3.157620459947215e-05,0.7827576041852968
US-2019142520-A1,0.0005189413596263622,0.008530618411672616,2.4520736272994374e-07,0.8123352185418314
US-9770172-B2,0.0003459609064175748,0.0,2.4520592418544923e-07,0.7382139327795229
EP-3503111-A1,0.0012108631724615118,0.0,6.080436040889282e-07,0.7142388800945243
US-2005270029-A1,0.0012108631724615118,0.0,6.080436040889282e-07,0.7380596074559218
US-2014081136-A1,0.0012108631724615118,0.0,6.080436040889282e-07,0.7399290641273871
US-2018233222-A1,0.0012108631724615118,0.0,6.080436040889282e-07,0.795888372994552
US-2018360544-A1,0.0012108631724615118,0.0,6.080436040889282e-07,0.8113010619315817
WO-2017106294-A2,0.0012108631724615118,0.0,6.080436040889282e-07,0.7142388800945243
US-11410769-B1,0.0010378827192527244,0.0,7.065649513976512e-08,0.7692620695080022
US-2005283137-A1,0.0010378827192527244,0.0,7.065649513976512e-08,0.7817014894461086
US-2008243141-A1,0.0010378827192527244,0.0,7.065649513976512e-08,0.800577676388568
US-2015123769-A1,0.0010378827192527244,0.0,7.065649513976512e-08,0.7690198390659946
US-2019216559-A1,0.0010378827192527244,0.0,7.065649513976512e-08,0.7851430903391637
US-2019262084-A1,0.0010378827192527244,0.0,7.065649513976512e-08,0.798012957505984
US-11346086-B1,0.0019027849852966616,0.0,8.877698249937222e-07,0.7227332108947134
US-2013060278-A1,0.0019027849852966616,0.0,8.877698249937222e-07,0.8010788883365766
US-2016278754-A1,0.01660612350804359,0.0004554114911852861,3.083022241666e-05,0.7593850931161961
US-2018168781-A1,0.0020757654385054488,3.178213404895142e-07,1.4004285265444007e-06,0.7656053600435052
US-2020205898-A1,0.0019027849852966616,0.0,8.877698249937222e-07,0.8328550579257508
US-2022273396-A1,0.0019027849852966616,0.0,8.877698249937222e-07,0.7499919870427185
US-2022412051-A1,0.0019027849852966616,0.0,8.877698249937222e-07,0.7155487078017071
US-2022413495-A1,0.0020757654385054488,3.171856978085352e-07,1.4004285265444007e-06,0.7080964953380406
US-2025281802-A1,0.0019027849852966616,0.0,8.877698249937222e-07,0.728638271645576
US-11472640-B2,0.03130946203079052,5.014793641241663e-09,4.15936958220815e-10,0.719762499396736
US-2021150101-A1,0.031136481577581733,0.0,4.1573445049085967e-10,0.7126701630424254
CN-113021401-A,0.003805569970593323,0.0,1.2016775391694054e-18,0.7142388800945243
JP-2000255965-A,0.003805569970593323,0.0,1.2016775391694054e-18,0.7142388800945243
JP-2018012176-A,0.003805569970593323,0.0,1.2016775391694054e-18,0.7142388800945243
JP-2018103317-A,0.003805569970593323,0.0,1.2016775391694054e-18,0.7142388800945243
JP-2020192648-A,0.003805569970593323,0.0,1.2016775391694054e-18,0.7142388800945243
JP-2021030431-A,0.003805569970593323,0.0,1.2016775391694054e-18,0.7142388800945243
JP-H05114799-A,0.003805569970593323,0.0,1.2016775391694054e-18,0.7142388800945243
US-2007280812-A1,0.003805569970593323,0.0,1.2016775391694054e-18,0.7393309997958586
US-2014025198-A1,0.003805569970593323,0.0,1.2016775391694054e-18,0.7389545763200656
US-2019228371-A1,0.003805569970593323,0.0,1.2016775391694054e-18,0.731430764088109
US-2019367275-A1,0.003805569970593323,0.0,1.2016775391694054e-18,0.7601395751498125
US-2020206952-A1,0.003805569970593323,0.0,1.2016775391694054e-18,0.7211358117440305
US-2021170597-A1,0.003805569970593323,0.0,1.2016775391694054e-18,0.7217538664232113
US-2021221002-A1,0.003805569970593323,0.0,1.2016775391694054e-18,0.7240673966135638
US-2021316449-A1,0.003805569970593323,0.0,1.2016775391694054e-18,0.7251095444980292
US-2022134559-A1,0.003805569970593323,0.0,1.2016775391694054e-18,0.7250093346619083
US-2022152845-A1,0.003805569970593323,0.0,1.2016775391694054e-18,0.7242111854938179
US-2022383538-A1,0.003805569970593323,0.0,1.2016775391694054e-18,0.7101428524055209
US-2024308081-A1,0.003805569970593323,0.0,1.2016775391694054e-18,0.7366261320231599
WO-2016142981-A1,0.003805569970593323,0.0,1.2016775391694054e-18,0.7142388800945243
WO-2020092452-A1,0.003805569970593323,0.0,1.2016775391694054e-18,0.7142388800945243
US-2018360543-A1,0.005708354955889984,9.114733456652367e-05,5.285972408582304e-05,0.8303600072460561
US-2019146458-A1,0.005881335409098772,9.413156506642513e-05,5.3374666875060484e-05,0.8006794925468298
US-2020273581-A1,0.0005189413596263622,0.0,9.382075928689309e-08,0.7947513037613544
US-9750577-B2,0.0003459609064175748,0.0,5.113167690599644e-07,0.7446465956303316
US-10327848-B2,0.002594706798131811,0.0,3.4814439602724562e-06,0.7877123740086335
US-10959786-B2,0.002594706798131811,0.0,3.4814439602724562e-06,0.813936635542102
US-2010076563-A1,0.0027676872513405985,3.620123247317384e-05,4.041138983065771e-06,0.7920635182296585
US-2013203031-A1,0.002594706798131811,0.0,3.4814439602724562e-06,0.8237670668017731
US-2020405403-A1,0.014357377616329355,0.0014433643167997478,4.680376936918001e-06,0.7670735415386679
AU-2007254159-A1,0.05396990140114167,0.0,0.0009223482522933636,0.7142388800945243
EP-1574186-A1,0.05396990140114167,0.0,0.0009223482522933636,0.7142388800945243
US-10441364-B2,0.05396990140114167,0.0,0.0009223482522933636,0.7192588593579057
US-10722318-B2,0.05396990140114167,0.0,0.0009223482522933636,0.7685648277421443
US-2001002830-A1,0.05396990140114167,0.0,0.0009223482522933636,0.7735293609502661
US-2001005815-A1,0.05396990140114167,0.0,0.0009223482522933636,0.709712856632528
US-2002038085-A1,0.054488842760768035,2.0712009518990113e-08,0.0009240832528723006,0.7356967320681702
US-2002107522-A1,0.054142881854350455,6.904003172996704e-09,0.0009229473732896157,0.7981483762456866
US-2002133174-A1,0.2523784812316208,0.0023617199925565205,0.029448204285107575,0.7958371123230358
US-2003128187-A1,0.05396990140114167,0.0,0.0009223482522933636,0.7009016467564309
US-2003208122-A1,0.05396990140114167,0.0,0.0009223482522933636,0.7864364625411446
US-2003208296-A1,0.05396990140114167,0.0,0.0009223482522933636,0.7457608640474112
US-2005013477-A1,0.05396990140114167,0.0,0.0009223482522933636,0.7458007994494515
US-2005027397-A1,0.05396990140114167,0.0,0.0009223482522933636,0.7749064460893693
US-2005137599-A1,0.05396990140114167,0.0,0.0009223482522933636,0.8233365543811327
US-2005203536-A1,0.054142881854350455,6.904003172996704e-09,0.000922926585256808,0.7910629924698647
US-2005203539-A1,0.054488842760768035,2.0739671050618467e-08,0.0009241449379845034,0.808436801227446
US-2006098851-A1,0.05396990140114167,0.0,0.0009223482522933636,0.7970463536616871
US-2008004632-A1,0.05396990140114167,0.0,0.0009223482522933636,0.785572320305076
US-2011082468-A1,0.05396990140114167,0.0,0.0009223482522933636,0.7841674687663382
US-2011213383-A1,0.054488842760768035,2.0712009518990113e-08,0.0009240832529179583,0.800889189029694
US-2012109152-A1,0.054142881854350455,6.904003172996704e-09,0.0009229265852572999,0.7915808487990708
US-2013053648-A1,0.05396990140114167,0.0,0.0009223482522933636,0.7685648277421443
US-2020030043-A1,0.05396990140114167,0.0,0.0009223482522933636,0.7949284087802326
US-2021128260-A1,0.05396990140114167,0.0,0.0009223482522933636,0.7729255971205845
US-5402801-A,0.25220550077841203,0.0023590344017175185,0.0294479515312785,0.8055961401796677
US-5766016-A,0.05396990140114167,0.0,0.0009223482522933636,0.7630564931315598
US-5854634-A,0.054488842760768035,2.0712009518990113e-08,0.0009240832529179583,0.7330590320671271
US-5995738-A,0.054488842760768035,1.9344338525924202e-08,0.0009240832537152371,0.7725457937371283
US-6113395-A,0.05396990140114167,0.0,0.0009223482522933636,0.7771415375196873
US-6120433-A,0.05396990140114167,0.0,0.0009223482522933636,0.8050164973775816
US-6499488-B1,0.05396990140114167,0.0,0.0009223482522933636,0.7844961484958769
US-6611141-B1,0.05396990140114167,0.0,0.0009223482522933636,0.7239422634241673
US-6665554-B1,0.05396990140114167,0.0,0.0009223482522933636,0.8228442777751793
US-6676669-B2,0.25203252032520324,0.0023568968875913553,0.029447353084985448,0.7958371123230358
US-6702821-B2,0.25203252032520324,0.0023576454460396607,0.029446964771044127,0.8169466558432317
US-6770078-B2,0.2523784812316208,0.002386012858117446,0.029448182152273503,0.8169466558432317
US-7104996-B2,0.2523784812316208,0.002361070214960735,0.029448571440124405,0.8169466558432317
US-7225115-B2,0.05396990140114167,0.0,0.0009223482522933636,0.7032928238939018
US-7605800-B2,0.05396990140114167,0.0,0.0009223482522933636,0.6993013644796077
US-7683565-B2,0.054488842760768035,1.942211840870497e-08,0.0009241020192998812,0.7003729717718311
US-7947050-B2,0.05396990140114167,0.0,0.0009223482522933636,0.7856687192109187
US-7947051-B2,0.054488842760768035,1.9344338525924202e-08,0.0009240832537157288,0.800889189029694
US-7974677-B2,0.054488842760768035,1.9366572791707058e-08,0.0009240825791808854,0.8025521855478579
US-7996110-B2,0.05396990140114167,0.0,0.0009223482522933636,0.7653138822167947
US-8005571-B2,0.054488842760768035,2.0739671050618467e-08,0.0009240829550022453,0.785572320305076
US-8287522-B2,0.05396990140114167,0.0,0.0009223482522933636,0.7873921119269228
US-8996169-B2,0.05396990140114167,0.0,0.0009223482522933636,0.7958814783962843
US-9775681-B2,0.05396990140114167,0.0,0.0009223482522933636,0.8139832378526674
US-9801686-B2,0.054488842760768035,1.6686838748855807e-08,0.0009240819063482638,0.7958965643222701
WO-0200131-A1,0.054488842760768035,2.0712009518990113e-08,0.0009240832528730093,0.7142388800945243
WO-02061688-A2,0.05396990140114167,0.0,0.0009223482522933636,0.7142388800945243
WO-03007101-A2,0.054488842760768035,2.0712009518990113e-08,0.0009240832528730088,0.7142388800945243
WO-03077101-A3,0.05396990140114167,0.0,0.0009223482522933636,0.7142388800945243
WO-2004070577-A2,0.05396990140114167,0.0,0.0009223482522933636,0.7142388800945243
WO-2005091220-A1,0.054488842760768035,2.0767555135988024e-08,0.0009241234801806768,0.7142388800945243
WO-2006004894-A3,0.054142881854350455,6.904003172996704e-09,0.0009229265852572999,0.7142388800945243
US-10456207-B2,0.0020757654385054488,0.0,5.070957126248808e-05,0.7509756675265246
US-11298197-B2,0.0020757654385054488,0.0,5.070957126248808e-05,0.8166530437065412
US-2015201949-A1,0.0020757654385054488,0.0,5.070957126248808e-05,0.7590599598956084
US-2020030045-A1,0.0020757654385054488,0.0,5.070957126248808e-05,0.7175701627336327
US-2020093555-A1,0.0020757654385054488,0.0,5.070957126248808e-05,0.7538423137118256
US-2022039886-A1,0.0020757654385054488,0.0,5.070957126248808e-05,0.8166530437065412
US-2022233258-A1,0.0020757654385054488,0.0,5.070957126248808e-05,0.8166530437065412
US-6209886-B1,0.0020757654385054488,0.0,5.070957126248808e-05,0.7209492136428185
DE-10351669-A1,0.0027676872513405985,0.0,2.0277325761856192e-07,0.7142388800945243
EP-3705239-A1,0.0027676872513405985,0.0,2.0277325761856192e-07,0.7142388800945243
KR-0160705-B1,0.0027676872513405985,0.0,2.0277325761856192e-07,0.7142388800945243
US-2011172818-A1,0.0027676872513405985,0.0,2.0277325761856192e-07,0.7101210814274411
US-2011270443-A1,0.0027676872513405985,0.0,2.0277325761856192e-07,0.7064847427523065
US-2014277722-A1,0.0027676872513405985,0.0,2.0277325761856192e-07,0.7384281247093649
US-2018144503-A1,0.0027676872513405985,0.0,2.0277325761856192e-07,0.7287648624433335
US-2020398435-A1,0.0027676872513405985,0.0,2.0277325761856192e-07,0.7305848239730124
US-2021197378-A1,0.0027676872513405985,0.0,2.0277325761856192e-07,0.7313727951263083
US-2022262084-A1,0.0027676872513405985,0.0,2.0277325761856192e-07,0.7346374255244502
CN-113796902-A,0.008822003113648157,0.0,8.777675082402759e-07,0.7142388800945243
CN-114945330-A,0.008822003113648157,0.0,8.777675082402759e-07,0.7141242590312263
US-10874525-B2,0.008822003113648157,0.0,8.777675082402759e-07,0.7815288102106674
US-11000382-B1,0.008822003113648157,0.0,8.777675082402759e-07,0.7631068323452072
US-11253246-B2,0.008822003113648157,0.0,8.777675082402759e-07,0.727439679167789
US-11612421-B1,0.008822003113648157,0.0,8.777675082402759e-07,0.7161903865574226
US-11612503-B1,0.008822003113648157,0.0,8.777675082402759e-07,0.7765236748068319
US-2005038442-A1,0.014703338522746929,0.00018081491403573597,2.996877297301047e-05,0.7955162645731405
US-2007244488-A1,0.014703338522746929,0.00018081491403573597,2.996877297301047e-05,0.8025397416661418
US-2010198275-A1,0.008822003113648157,0.0,8.777675082402759e-07,0.7677933538046435
US-2010217156-A1,0.008822003113648157,0.0,8.777675082402759e-07,0.7797566402879754
US-2010249658-A1,0.008822003113648157,0.0,8.777675082402759e-07,0.7875150095589712
US-2010249659-A1,0.008822003113648157,0.0,8.777675082402759e-07,0.7640100096960348
US-2010250571-A1,0.01003286628610967,5.895495168403628e-05,9.038008973574257e-07,0.7979489036930395
US-2012096954-A1,0.008822003113648157,0.0,8.777675082402759e-07,0.7666750187232804
US-2012232429-A1,0.008822003113648157,0.0,8.777675082402759e-07,0.7797566402879754
US-2013103038-A1,0.008822003113648157,0.0,8.777675082402759e-07,0.7797566402879754
US-2013226036-A1,0.008822003113648157,0.0,8.777675082402759e-07,0.7481107420227489
US-2014094715-A1,0.008822003113648157,0.0,8.777675082402759e-07,0.7209441432785072
US-2014275792-A1,0.008822003113648157,0.0,8.777675082402759e-07,0.7961404679996648
US-2015342588-A1,0.015741221241999653,0.0011190125770548331,2.996968452367231e-05,0.7168844267917815
US-2017245872-A1,0.014703338522746929,0.00018081491403573597,2.996877297301047e-05,0.816667411481851
US-2019358056-A1,0.008822003113648157,0.0,8.777675082402759e-07,0.7815288102106674
US-2019388078-A1,0.015741221241999653,0.0011190125770548331,2.996968452367231e-05,0.727439679167789
US-2020060666-A1,0.008822003113648157,0.0,8.777675082402759e-07,0.7754053294707345
US-2020305943-A1,0.008822003113648157,0.0,8.777675082402759e-07,0.8180137010950558
US-2021059656-A1,0.008822003113648157,0.0,8.777675082402759e-07,0.7843613484465829
US-2022096248-A1,0.008822003113648157,0.0,8.777675082402759e-07,0.8021378331531109
US-2022110620-A1,0.008822003113648157,0.0,8.777675082402759e-07,0.7816238139035869
US-2022287754-A1,0.008822003113648157,0.0,8.777675082402759e-07,0.8477747021895956
US-2022354512-A1,0.008822003113648157,0.0,8.777675082402759e-07,0.816667411481851
US-2023121067-A1,0.008822003113648157,0.0,8.777675082402759e-07,0.7435677549887484
US-2023172600-A1,0.008822003113648157,0.0,8.777675082402759e-07,0.7185348782516916
US-2023285014-A1,0.008822003113648157,0.0,8.777675082402759e-07,0.7344329138075846
US-8211041-B2,0.014703338522746929,0.00018081491403573597,2.996877297301047e-05,0.7797566402879754
US-8323290-B2,0.014703338522746929,0.00018081491403573597,2.996877297301047e-05,0.8025397416661418
US-9351850-B2,0.014703338522746929,0.00018081491403573597,2.996877297301047e-05,0.7797566402879754
US-9538953-B2,0.014703338522746929,0.00018081491403573597,2.996877297301047e-05,0.7875150095589712
WO-2015184135-A1,0.008822003113648157,0.0,8.777675082402759e-07,0.7142388800945243
WO-2018031659-A1,0.008822003113648157,0.0,8.777675082402759e-07,0.7142388800945243
WO-2019224488-A1,0.008822003113648157,0.0,8.777675082402759e-07,0.7142388800945243
WO-2020033579-A1,0.008822003113648157,0.0,8.777675082402759e-07,0.7142388800945243
WO-2021163276-A1,0.008822003113648157,0.0,8.777675082402759e-07,0.7142388800945243
WO-2021222216-A1,0.008822003113648157,0.0,8.777675082402759e-07,0.7142388800945243
DE-202010000341-U1,0.0015568240788790867,0.0,7.7975048771759e-08,0.7142388800945243
US-2014005555-A1,0.0015568240788790867,0.0,7.7975048771759e-08,0.7971900489418784
US-2018132839-A1,0.0015568240788790867,0.0,7.7975048771759e-08,0.7715834124718242
US-4995875-A,0.0015568240788790867,0.0,7.7975048771759e-08,0.7767553997219867
US-5380311-A,0.0015568240788790867,0.0,7.7975048771759e-08,0.7376344250920508
US-8162951-B2,0.009167964020065733,0.0008857687377934702,2.9427351522599943e-05,0.7615258724964424
JP-2010287221-A,0.0039785504238021106,0.0,2.5071031458469956e-08,0.7142388800945243
JP-2011086068-A,0.0039785504238021106,0.0,2.5071031458469956e-08,0.7142388800945243
JP-2013091114-A,0.0039785504238021106,0.0,2.5071031458469956e-08,0.7141242590312263
JP-2015219887-A,0.0039785504238021106,0.0,2.5071031458469956e-08,0.7142388800945243
KR-20150133643-A,0.0039785504238021106,0.0,2.5071031458469956e-08,0.7142388800945243
US-10292780-B2,0.0039785504238021106,0.0,2.5071031458469956e-08,0.7344997833361884
US-10296086-B2,0.0039785504238021106,0.0,2.5071031458469956e-08,0.7103105535372136
US-2002133264-A1,0.0039785504238021106,0.0,2.5071031458469956e-08,0.7352689990976481
US-2004077975-A1,0.0039785504238021106,0.0,2.5071031458469956e-08,0.7420405133247285
US-2006106369-A1,0.0039785504238021106,0.0,2.5071031458469956e-08,0.7156980307315607
US-2013046438-A1,0.0039785504238021106,0.0,2.5071031458469956e-08,0.7493574649964517
US-2013103703-A1,0.0039785504238021106,0.0,2.5071031458469956e-08,0.7120956244739433
US-2014168073-A1,0.0039785504238021106,0.0,2.5071031458469956e-08,0.7155385673929803
US-2014333573-A1,0.0039785504238021106,0.0,2.5071031458469956e-08,0.7053890501489118
US-2015290795-A1,0.0039785504238021106,0.0,2.5071031458469956e-08,0.7369247861341515
US-2016162024-A1,0.0039785504238021106,0.0,2.5071031458469956e-08,0.7117212290807339
US-2016321880-A1,0.0039785504238021106,0.0,2.5071031458469956e-08,0.7047825067616319
US-2017144312-A1,0.0039785504238021106,0.0,2.5071031458469956e-08,0.7444238005339652
US-2017272842-A1,0.0039785504238021106,0.0,2.5071031458469956e-08,0.7271761452018847
US-2017344116-A1,0.0039785504238021106,0.0,2.5071031458469956e-08,0.7019807472094904
US-6016385-A,0.0039785504238021106,0.0,2.5071031458469956e-08,0.7418901282380519
US-6126373-A,0.0039785504238021106,0.0,2.5071031458469956e-08,0.7250304240506485
WO-2012073733-A1,0.0039785504238021106,0.0,2.5071031458469956e-08,0.7142388800945243
US-2011113852-A1,0.06123508043591074,0.0014031461225668662,0.00023248663693390794,0.7184298544829251
US-2013204124-A1,0.007265179034769071,0.00018034320897422501,1.8136494567037638e-06,0.8085389949105184
US-2016206384-A1,0.0013838436256702993,0.0,2.0352382649349423e-07,0.7724629818087482
US-2017209071-A1,0.0017298045320878741,1.624149966794517e-05,6.485419100921031e-07,0.8093836654006472
US-2017273542-A1,0.0013838436256702993,0.0,2.0352382649349423e-07,0.7654478924896881
US-2018235709-A1,0.0013838436256702993,0.0,2.0352382649349423e-07,0.7992177820470971
US-2019192234-A1,0.0013838436256702993,0.0,2.0352382649349423e-07,0.7629782474148694
US-2019269470-A1,0.0017298045320878741,1.6274047763472113e-05,6.485419100921031e-07,0.798623199918377
US-8050523-B2,0.0013838436256702993,0.0,2.0352382649349423e-07,0.7731834884323991
US-10105168-B2,0.0027676872513405985,0.0,3.027306196843889e-11,0.8131767012776271
US-10426560-B2,0.0027676872513405985,0.0,3.027306196843889e-11,0.774028424667518
US-10806517-B2,0.0027676872513405985,0.0,3.027306196843889e-11,0.8462997488782132
US-10987175-B2,0.0027676872513405985,0.0,3.027306196843889e-11,0.8350831785216897
US-11045958-B2,0.0027676872513405985,0.0,3.027306196843889e-11,0.7750333686301504
US-11160580-B2,0.0027676872513405985,0.0,3.027306196843889e-11,0.7712059941269958
US-11179210-B2,0.0027676872513405985,0.0,3.027306196843889e-11,0.794348919162936
US-11298244-B2,0.0027676872513405985,0.0,3.027306196843889e-11,0.7441635208877602
US-11471232-B2,0.0027676872513405985,0.0,3.027306196843889e-11,0.7783930933546466
US-2016242931-A1,0.0027676872513405985,0.0,3.027306196843889e-11,0.7860745279150522
US-2021186614-A1,0.0027676872513405985,0.0,3.027306196843889e-11,0.8035430043799381
US-2021282858-A1,0.0027676872513405985,0.0,3.027306196843889e-11,0.8154941534509524
US-2021308872-A1,0.0027676872513405985,0.0,3.027306196843889e-11,0.7386445359815822
US-2021391058-A1,0.0027676872513405985,0.0,3.027306196843889e-11,0.7958114828444596
US-2022338886-A1,0.0027676872513405985,0.0,3.027306196843889e-11,0.7488737200052925
US-9820818-B2,0.0027676872513405985,0.0,3.027306196843889e-11,0.7894683495286496
US-2007055291-A1,0.0010378827192527244,0.0,5.156874545068725e-07,0.7893543432603951
US-2016278870-A1,0.0010378827192527244,0.0,5.156874545068725e-07,0.7739634569038861
US-2017014998-A1,0.0010378827192527244,0.0,5.156874545068725e-07,0.801822631110516
US-2017079731-A1,0.0010378827192527244,0.0,5.156874545068725e-07,0.7646619092319514
US-2019021800-A1,0.0031136481577581734,0.00016935542602959934,1.0475831776027052e-06,0.8144447010228146
US-2019274665-A1,0.0010378827192527244,0.0,5.156874545068725e-07,0.7754801500671236
US-2007085496-A1,0.0003459609064175748,0.0,8.311177963252442e-07,0.7520981536118776
US-2010295931-A1,0.0003459609064175748,0.0,8.311177963252442e-07,0.7985365049411487
US-2008051655-A1,0.0010378827192527244,0.0,2.4194199820333217e-07,0.7408440818661061
US-2014303491-A1,0.005708354955889984,6.893019494932471e-05,2.6520259006005462e-05,0.7747913443243003
US-2021196312-A1,0.0010378827192527244,0.0,2.4194199820333217e-07,0.7888433617375118
US-2022175269-A1,0.026466009340944473,0.0001226720080229326,9.104281964657861e-05,0.7761477208020434
US-2023101757-A1,0.0010378827192527244,0.0,2.4194199820333217e-07,0.7783434491828023
CN-100515347-C,0.10534509600415153,0.0,0.00032015329856915486,0.7142388800945243
CN-101443069-A,0.10534509600415153,0.0,0.00032015329856915486,0.7142388800945243
CN-103298414-A,0.10534509600415153,0.0,0.00032015329856915486,0.7142388800945243
CN-104619281-A,0.10534509600415153,0.0,0.00032015329856915486,0.7142388800945243
CN-205729413-U,0.10534509600415153,0.0,0.00032015329856915486,0.7142388800945243
EP-0347098-A2,0.10534509600415153,0.0,0.00032015329856915486,0.7142388800945243
EP-1321106-A1,0.10534509600415153,0.0,0.00032015329856915486,0.7142388800945243
EP-1849423-A2,0.10534509600415153,0.0,0.00032015329856915486,0.7142388800945243
JP-2005270464-A,0.10534509600415153,0.0,0.00032015329856915486,0.7142388800945243
KR-20190123673-A,0.10534509600415153,0.0,0.00032015329856915486,0.7142388800945243
US-10016900-B1,0.1496280920256011,0.011063282766113269,0.00046410883613165124,0.7570460197315592
US-10022192-B1,0.13821138211382114,0.00022553214528225101,0.00046398378459875403,0.7824744437708558
US-10029367-B2,0.10534509600415153,0.0,0.00032015329856915486,0.7255092441222003
US-10071479-B2,0.10534509600415153,0.0,0.00032015329856915486,0.7338575037838677
US-10080576-B2,0.13821138211382114,0.00022553214528225101,0.00046398378459875403,0.8050536069569797
US-10117713-B2,0.10534509600415153,0.0,0.00032015329856915486,0.7890246368766252
US-10130429-B1,0.10534509600415153,0.0,0.00032015329856915486,0.789604684714374
US-10136949-B2,0.10534509600415153,0.0,0.00032015329856915486,0.7906061118557222
US-10136959-B2,0.13821138211382114,0.00022553214528225101,0.00046398378459875403,0.7735822497520108
US-10145747-B1,0.13821138211382114,0.00022553214528225101,0.00046398378459875403,0.7326811125223268
US-10149720-B2,0.13821138211382114,0.00022553214528225101,0.00046398378459875403,0.8050536069569797
US-10154822-B2,0.10534509600415153,0.0,0.00032015329856915486,0.7807189550654368
US-10159532-B1,0.13821138211382114,0.00022553214528225101,0.00046398378459875403,0.7870776860086889
US-10159533-B2,0.13821138211382114,0.00022553214528225101,0.00046398378459875403,0.7968545862469123
US-10169875-B2,0.13821138211382114,0.00022553214528225101,0.00046398378459875403,0.7829444093753618
US-10219868-B2,0.10534509600415153,0.0,0.00032015329856915486,0.7899231720627015
US-10219874-B2,0.1606988410309635,0.007086597302828777,0.0005224967665049411,0.7857011298241956
US-10231793-B2,0.13821138211382114,0.00022553214528225101,0.00046398378459875403,0.7695807578602599
US-10231867-B2,0.13821138211382114,0.00022553214528225101,0.00046398378459875403,0.7734045091767177
US-10244926-B2,0.13821138211382114,0.00022553214528225101,0.00046398378459875403,0.7786054085414347
US-10285574-B2,0.13821138211382114,0.00022553214528225101,0.00046398378459875403,0.7776600973367521
US-10299870-B2,0.13821138211382114,0.00022553214528225101,0.00046398378459875403,0.7509013294819123
US-10314463-B2,0.13821138211382114,0.00022553214528225101,0.00046398378459875403,0.7771781308864475
US-10314661-B2,0.10534509600415153,0.0,0.00032015329856915486,0.7689143573582977
US-10327855-B2,0.10534509600415153,0.0,0.00032015329856915486,0.7340057946853248
US-10350017-B2,0.10534509600415153,0.0,0.00032015329856915486,0.7823863082916042
US-10350390-B2,0.30704030444559766,0.009267290459615204,0.02939819969675086,0.755171505117932
US-10383765-B2,0.13821138211382114,0.00022553214528225101,0.00046398378459875403,0.7827758462013783
US-10398518-B2,0.13821138211382114,0.00022553214528225101,0.00046398378459875403,0.7675922187769768
US-10405939-B2,0.13821138211382114,0.00022553214528225101,0.00046398378459875403,0.7857011298241956
US-10405940-B2,0.13821138211382114,0.00022553214528225101,0.00046398378459875403,0.7857011298241956
US-10426559-B2,0.13821138211382114,0.00022553214528225101,0.00046398378459875403,0.7642088913585181
US-10426661-B2,0.13821138211382114,0.00022553214528225101,0.00046398378459875403,0.7687217676495353
US-10434660-B2,0.13821138211382114,0.00022553214528225101,0.00046398378459875403,0.7570460197315592
US-10463440-B2,0.10534509600415153,0.0,0.00032015329856915486,0.7588964064410693
US-10464209-B2,0.13821138211382114,0.00022553214528225101,0.00046398378459875403,0.7787529048145332
US-10470830-B2,0.13821138211382114,0.00022553214528225101,0.00046398378459875403,0.7509932019448242
US-10482599-B2,0.13821138211382114,0.00022553214528225101,0.00046398378459875403,0.7829444093753618
US-10493241-B2,0.13821138211382114,0.00022553214528225101,0.00046398378459875403,0.7389682689142707
US-10500001-B2,0.13821138211382114,0.00022553214528225101,0.00046398378459875403,0.7797032474911217
US-10517692-B2,0.13821138211382114,0.00022553214528225101,0.00046398378459875403,0.7749255519498467
US-10524866-B2,0.13821138211382114,0.00022553214528225101,0.00046398378459875403,0.7453513395770486
US-10539478-B2,0.13821138211382114,0.00022553214528225101,0.00046398378459875403,0.7326811125223268
US-10543048-B2,0.13821138211382114,0.00022553214528225101,0.00046398378459875403,0.7730005675076739
US-10555778-B2,0.13821138211382114,0.00022553214528225101,0.00046398378459875403,0.746993075929615
US-10631949-B2,0.13821138211382114,0.00022553214528225101,0.00046398378459875403,0.7662327397409994
US-10639108-B2,0.13821138211382114,0.00022553214528225101,0.00046398378459875403,0.7875084350754563
US-10639109-B2,0.13821138211382114,0.00022553214528225101,0.00046398378459875403,0.7501961206692142
US-10639114-B2,0.13821138211382114,0.00022553214528225101,0.00046398378459875403,0.775819292254893
US-10646291-B2,0.10534509600415153,0.0,0.00032015329856915486,0.7829397278141424
US-10667871-B2,0.13821138211382114,0.00022553214528225101,0.00046398378459875403,0.7324455328060184
US-10667875-B2,0.13821138211382114,0.00022553214528225101,0.00046398378459875403,0.8042305557914088
US-10682189-B2,0.13821138211382114,0.00022553214528225101,0.00046398378459875403,0.795430097801598
US-10702348-B2,0.13821138211382114,0.00022553214528225101,0.00046398378459875403,0.7968545862469123
US-10716461-B2,0.13821138211382114,0.00022553214528225101,0.00046398378459875403,0.7785339153679426
US-10743751-B2,0.13821138211382114,0.00022553214528225101,0.00046398378459875403,0.7776600973367521
US-10744035-B2,0.13821138211382114,0.00022553214528225101,0.00046398378459875403,0.7662101973062019
US-10751140-B2,0.13821138211382114,0.00022553214528225101,0.00046398378459875403,0.7403487931915815
US-10765303-B2,0.13821138211382114,0.00022553214528225101,0.00046398378459875403,0.7846686455551511
US-10765487-B2,0.13821138211382114,0.00022553214528225101,0.00046398378459875403,0.78310369119182
US-10779898-B2,0.13821138211382114,0.00022553214528225101,0.00046398378459875403,0.7509733192758099
US-10786329-B2,0.13821138211382114,0.00022553214528225101,0.00046398378459875403,0.7644700810579378
US-10786432-B2,0.13821138211382114,0.00022553214528225101,0.00046398378459875403,0.7442267692697965
US-10792464-B2,0.13821138211382114,0.00022553214528225101,0.00046398378459875403,0.7571669737886493
US-10792466-B2,0.13821138211382114,0.00022553214528225101,0.00046398378459875403,0.7131303593233642
US-10813539-B2,0.13821138211382114,0.00022553214528225101,0.00046398378459875403,0.7821673884893747
US-10814101-B2,0.13821138211382114,0.00022553214528225101,0.00046398378459875403,0.7389682689142707
US-10820947-B2,0.13821138211382114,0.00022598411350926954,0.00046398378459875403,0.7992417079940821
US-10820954-B2,0.10534509600415153,0.0,0.00032015329856915486,0.7909402866242157
US-10827913-B2,0.13821138211382114,0.00022553214528225101,0.00046398378459875403,0.7096447617489337
US-10828118-B2,0.13821138211382114,0.00022553214528225101,0.00046398378459875403,0.7834217300167842
US-10835153-B2,0.10534509600415153,0.0,0.00032015329856915486,0.7916690247220124
US-10850013-B2,0.10534509600415153,0.0,0.00032015329856915486,0.7833372063497952
US-10959792-B1,0.10534509600415153,0.0,0.00032015329856915486,0.768615698576083
US-11037464-B2,0.10534509600415153,0.0,0.00032015329856915486,0.7918841657776697
US-11096753-B1,0.10534509600415153,0.0,0.00032015329856915486,0.7889938589697102
US-11234780-B2,0.10534509600415153,0.0,0.00032015329856915486,0.7983566101295487
US-11357586-B2,0.10534509600415153,0.0,0.00032015329856915486,0.7712798334039848
US-11771512-B2,0.10534509600415153,0.0,0.00032015329856915486,0.7885747592453011
US-2002019644-A1,0.11122643141325031,0.003943634046120106,0.00032148680960942513,0.7627217210359101
US-2002111608-A1,0.10534509600415153,0.0,0.00032015329856915486,0.7601306610272337
US-2002111621-A1,0.10534509600415153,0.0,0.00032015329856915486,0.7854242024277029
US-2003004455-A1,0.10534509600415153,0.0,0.00032015329856915486,0.7437635359584824
US-2003040681-A1,0.10534509600415153,0.0,0.00032015329856915486,0.7839221553432224
US-2003065358-A1,0.10534509600415153,0.0,0.00032015329856915486,0.7737894057682579
US-2003100892-A1,0.10534509600415153,0.0,0.00032015329856915486,0.7491814168508445
US-2003109780-A1,0.10534509600415153,0.0,0.00032015329856915486,0.7695936369928077
US-2003109877-A1,0.10534509600415153,0.0,0.00032015329856915486,0.757579887619416
US-2003109889-A1,0.10534509600415153,0.0,0.00032015329856915486,0.7623907243148607
US-2003158545-A1,0.10534509600415153,0.0,0.00032015329856915486,0.7545290523276299
US-2003181809-A1,0.10534509600415153,0.0,0.00032015329856915486,0.7923164465730297
US-2003208189-A1,0.10534509600415153,0.0,0.00032015329856915486,0.7473243778907994
US-2004143253-A1,0.10534509600415153,0.0,0.00032015329856915486,0.7497579576797516
US-2004153093-A1,0.10534509600415153,0.0,0.00032015329856915486,0.7572309696635064
US-2004158261-A1,0.10534509600415153,0.0,0.00032015329856915486,0.7727715969305718
US-2004176751-A1,0.13405985123681025,0.0029276858135717137,0.00043322465985461947,0.7965434051258143
US-2004186349-A1,0.10534509600415153,0.0,0.00032015329856915486,0.7707465820188624
US-2004193146-A1,0.12973533990659056,0.0010667370440008619,0.00040770204714257264,0.7871566010685617
US-2004210116-A1,0.10534509600415153,0.0,0.00032015329856915486,0.7487065130622897
US-2004253079-A1,0.10534509600415153,0.0,0.00032015329856915486,0.7777517463631121
US-2005033270-A1,0.10534509600415153,0.0,0.00032015329856915486,0.7814414551832536
US-2005054900-A1,0.10534509600415153,0.0,0.00032015329856915486,0.754674488305092
US-2005159645-A1,0.10534509600415153,0.0,0.00032015329856915486,0.7702371574163915
US-2005240178-A1,0.10534509600415153,0.0,0.00032015329856915486,0.7627494395230596
US-2005261705-A1,0.10534509600415153,0.0,0.00032015329856915486,0.7744109841439378
US-2006015133-A1,0.10534509600415153,0.0,0.00032015329856915486,0.7411204426383798
US-2006058617-A1,0.10534509600415153,0.0,0.00032015329856915486,0.7558480960746101
US-2006058813-A1,0.10534509600415153,0.0,0.00032015329856915486,0.8090119595291898
US-2006116693-A1,0.10534509600415153,0.0,0.00032015329856915486,0.7531859468342822
US-2006135963-A1,0.10534509600415153,0.0,0.00032015329856915486,0.7530681909557192
US-2006156875-A1,0.10534509600415153,0.0,0.00032015329856915486,0.7398893943204354
US-2006161137-A1,0.10534509600415153,0.0,0.00032015329856915486,0.7735238029456626
US-2006178556-A1,0.10534509600415153,0.0,0.00032015329856915486,0.761162327677433
US-2006189891-A1,0.10534509600415153,0.0,0.00032015329856915486,0.7763180866658624
US-2007016164-A1,0.10534509600415153,0.0,0.00032015329856915486,0.733561445821864
US-2007027443-A1,0.10534509600415153,0.0,0.00032015329856915486,0.7376103505178346
US-2007027534-A1,0.10534509600415153,0.0,0.00032015329856915486,0.7612438546526921
US-2007032906-A1,0.10534509600415153,0.0,0.00032015329856915486,0.785572320305076
US-2007106304-A1,0.10534509600415153,0.0,0.00032015329856915486,0.7885658663345017
US-2007123855-A1,0.10534509600415153,0.0,0.00032015329856915486,0.7627494395230596
US-2007135803-A1,0.10984258778758,0.0017645158533160991,0.0003457817775669686,0.7506500679360255
US-2007208375-A1,0.10534509600415153,0.0,0.00032015329856915486,0.7777154752405512
US-2007213668-A1,0.10534509600415153,0.0,0.00032015329856915486,0.7534441023040894
US-2007239178-A1,0.10534509600415153,0.0,0.00032015329856915486,0.7951286048771479
US-2007250111-A1,0.10534509600415153,0.0,0.00032015329856915486,0.7719914847955897
US-2008015566-A1,0.10534509600415153,0.0,0.00032015329856915486,0.7826963835011748
US-2008021440-A1,0.10534509600415153,0.0,0.00032015329856915486,0.7191374394034975
US-2008033467-A1,0.10534509600415153,0.0,0.00032015329856915486,0.7427405581846035
US-2008045981-A1,0.10534509600415153,0.0,0.00032015329856915486,0.7388801142522387
US-2008046122-A1,0.1278325549212939,0.0008442815781954895,0.00037866628047534233,0.7339399492691394
US-2008065111-A1,0.10534509600415153,0.0,0.00032015329856915486,0.7782975970622229
US-2008065112-A1,0.10534509600415153,0.0,0.00032015329856915486,0.7728948370533596
US-2008125698-A1,0.10534509600415153,0.0,0.00032015329856915486,0.7353678066843089
US-2008147089-A1,0.10534509600415153,0.0,0.00032015329856915486,0.7690089172057162
US-2008187101-A1,0.10534509600415153,0.0,0.00032015329856915486,0.7787350439069842
US-2008196533-A1,0.10534509600415153,0.0,0.00032015329856915486,0.7628597795523021
US-2008228104-A1,0.10534509600415153,0.0,0.00032015329856915486,0.7754856796401886
US-2009005768-A1,0.10534509600415153,0.0,0.00032015329856915486,0.7604866995906073
US-2009012507-A1,0.10534509600415153,0.0,0.00032015329856915486,0.7806316757428181
US-2009030446-A1,0.10534509600415153,0.0,0.00032015329856915486,0.7792056268361451
US-2009036900-A1,0.10534509600415153,0.0,0.00032015329856915486,0.7914758638849001
US-2009043305-A1,0.10534509600415153,0.0,0.00032015329856915486,0.7982914715628355
US-2009048611-A1,0.10534509600415153,0.0,0.00032015329856915486,0.8022908098056285
US-2009082634-A1,0.10534509600415153,0.0,0.00032015329856915486,0.7766586743135911
US-2009088774-A1,0.1278325549212939,0.0008442815781954895,0.00037866628047534233,0.7632982231885274
US-2009105723-A1,0.10534509600415153,0.0,0.00032015329856915486,0.7873010730427034
US-2009131885-A1,0.10534509600415153,0.0,0.00032015329856915486,0.7520777723554105
US-2009161827-A1,0.10534509600415153,0.0,0.00032015329856915486,0.7760774441802777
US-2009227998-A1,0.10534509600415153,0.0,0.00032015329856915486,0.7769151496125152
US-2009248041-A1,0.10534509600415153,0.0,0.00032015329856915486,0.7868855835544846
US-2009248043-A1,0.10534509600415153,0.0,0.00032015329856915486,0.7558146360052018
US-2009264878-A1,0.10534509600415153,0.0,0.00032015329856915486,0.778194505340109
US-2009270760-A1,0.10534509600415153,0.0,0.00032015329856915486,0.787560660142721
US-2009287188-A1,0.10534509600415153,0.0,0.00032015329856915486,0.7658215123657235
US-2009299352-A1,0.10534509600415153,0.0,0.00032015329856915486,0.7516905264108311
US-2009312773-A1,0.10534509600415153,0.0,0.00032015329856915486,0.7778283104053245
US-2009326318-A1,0.10534509600415153,0.0,0.00032015329856915486,0.8078430910340514
US-2010004642-A1,0.10534509600415153,0.0,0.00032015329856915486,0.7552334782813314
US-2010010504-A1,0.10534509600415153,0.0,0.00032015329856915486,0.811136903286871
US-2010011900-A1,0.10534509600415153,0.0,0.00032015329856915486,0.7855646686114314
US-2010011901-A1,0.10534509600415153,0.0,0.00032015329856915486,0.7612925381431128
US-2010016852-A1,0.10534509600415153,0.0,0.00032015329856915486,0.7568691393916926
US-2010016853-A1,0.10534509600415153,0.0,0.00032015329856915486,0.7591334159493242
US-2010081965-A1,0.10534509600415153,0.0,0.00032015329856915486,0.7613971805736658
US-2010082017-A1,0.10534509600415153,0.0,0.00032015329856915486,0.7378077632679939
US-2010100045-A1,0.10534509600415153,0.0,0.00032015329856915486,0.7832573937239151
US-2010174410-A1,0.10534509600415153,0.0,0.00032015329856915486,0.7727282012272272
US-2010179632-A1,0.10534509600415153,0.0,0.00032015329856915486,0.7395601051063446
US-2010204605-A1,0.10534509600415153,0.0,0.00032015329856915486,0.7065944690668589
US-2010204646-A1,0.10534509600415153,0.0,0.00032015329856915486,0.7632553015618555
US-2010217235-A1,0.10534509600415153,0.0,0.00032015329856915486,0.7302729400755211
US-2010228249-A1,0.10534509600415153,0.0,0.00032015329856915486,0.7830738713481609
US-2010234857-A1,0.10534509600415153,0.0,0.00032015329856915486,0.8014988982818397
US-2010268211-A1,0.10534509600415153,0.0,0.00032015329856915486,0.778766006467209
US-2010286712-A1,0.10534509600415153,0.0,0.00032015329856915486,0.7925285116030892
US-2010312141-A1,0.10534509600415153,0.0,0.00032015329856915486,0.7844508793856608
US-2010331858-A1,0.10534509600415153,0.0,0.00032015329856915486,0.7912151660415557
US-2011015483-A1,0.10534509600415153,0.0,0.00032015329856915486,0.7671504849866374
US-2011028790-A1,0.10534509600415153,0.0,0.00032015329856915486,0.7711298321437422
US-2011071541-A1,0.10534509600415153,0.0,0.00032015329856915486,0.7950564880934705
US-2011071543-A1,0.1278325549212939,0.0008442815781954895,0.00037866628047534233,0.795642548895164
US-2011106146-A1,0.10534509600415153,0.0,0.00032015329856915486,0.7591671421069516
US-2011125165-A1,0.10534509600415153,0.0,0.00032015329856915486,0.7567427339749742
US-2011152880-A1,0.10534509600415153,0.0,0.00032015329856915486,0.8002828395297665
US-2011160713-A1,0.10534509600415153,0.0,0.00032015329856915486,0.7703631538069837
US-2011160745-A1,0.10534509600415153,0.0,0.00032015329856915486,0.7520969602935206
US-2011167611-A1,0.10534509600415153,0.0,0.00032015329856915486,0.7730187790504154
US-2011184558-A1,0.10534509600415153,0.0,0.00032015329856915486,0.7002592950421117
US-2011208211-A1,0.10534509600415153,0.0,0.00032015329856915486,0.7841761029343678
US-2011213362-A1,0.10534509600415153,0.0,0.00032015329856915486,0.7654279071374552
US-2011224660-A1,0.10534509600415153,0.0,0.00032015329856915486,0.7360756100591135
US-2011238064-A1,0.10534509600415153,0.0,0.00032015329856915486,0.7730187790504154
US-2011257641-A1,0.10534509600415153,0.0,0.00032015329856915486,0.7538514832172623
US-2011264112-A1,0.10534509600415153,0.0,0.00032015329856915486,0.788457557334754
US-2011276085-A1,0.10534509600415153,0.0,0.00032015329856915486,0.7664367220390562
US-2011277775-A1,0.1278325549212939,0.0008442815781954895,0.00037866628047534233,0.767096865403208
US-2011313343-A1,0.10534509600415153,0.0,0.00032015329856915486,0.7551049576320253
US-2012048759-A1,0.10534509600415153,0.0,0.00032015329856915486,0.7272027130445048
US-2012069167-A1,0.10534509600415153,0.0,0.00032015329856915486,0.7634084737748034
US-2012138586-A1,0.10534509600415153,0.0,0.00032015329856915486,0.7337586408964365
US-2012138660-A1,0.10534509600415153,0.0,0.00032015329856915486,0.7927242913022209
US-2012209315-A1,0.10534509600415153,0.0,0.00032015329856915486,0.7908306887021228
US-2012232342-A1,0.10534509600415153,0.0,0.00032015329856915486,0.7468449201663789
US-2012253277-A1,0.10534509600415153,0.0,0.00032015329856915486,0.7741426676227191
US-2012253332-A1,0.10534509600415153,0.0,0.00032015329856915486,0.7914758638849001
US-2012259320-A1,0.10534509600415153,0.0,0.00032015329856915486,0.7625473142903272
US-2012296318-A1,0.10534509600415153,0.0,0.00032015329856915486,0.7818917679610491
US-2012302869-A1,0.10534509600415153,0.0,0.00032015329856915486,0.7548913063502036
US-2013006144-A1,0.10534509600415153,0.0,0.00032015329856915486,0.7808447142381281
US-2013035537-A1,0.10534509600415153,0.0,0.00032015329856915486,0.7640982338218297
US-2013053877-A1,0.10534509600415153,0.0,0.00032015329856915486,0.805499274396731
US-2013066136-A1,0.10534509600415153,0.0,0.00032015329856915486,0.755735613994957
US-2013085442-A1,0.10534509600415153,0.0,0.00032015329856915486,0.7253155734561406
US-2013085486-A1,0.10534509600415153,0.0,0.00032015329856915486,0.7749057927204673
US-2013096422-A1,0.10534509600415153,0.0,0.00032015329856915486,0.7803239489809237
US-2013110042-A1,0.10534509600415153,0.0,0.00032015329856915486,0.7993999264377316
US-2013110107-A1,0.10534509600415153,0.0,0.00032015329856915486,0.7675458075577329
US-2013116716-A1,0.10534509600415153,0.0,0.00032015329856915486,0.7963454398653771
US-2013144274-A1,0.10534509600415153,0.0,0.00032015329856915486,0.7977017197715548
US-2013144395-A1,0.10534509600415153,0.0,0.00032015329856915486,0.7977429786584783
US-2013190796-A1,0.10534509600415153,0.0,0.00032015329856915486,0.7708931769351823
US-2013225997-A1,0.10534509600415153,0.0,0.00032015329856915486,0.7889921963568534
US-2013226161-A1,0.10534509600415153,0.0,0.00032015329856915486,0.7596196788103042
US-2013233908-A1,0.10534509600415153,0.0,0.00032015329856915486,0.7826912543674877
US-2013253267-A1,0.10534509600415153,0.0,0.00032015329856915486,0.7837411616121193
US-2013303876-A1,0.10534509600415153,0.0,0.00032015329856915486,0.750965738509183
US-2013310819-A1,0.10534509600415153,0.0,0.00032015329856915486,0.7391078940426768
US-2013317519-A1,0.13821138211382114,0.00022553214528225101,0.00046398378459875403,0.7830540182219073
US-2013334281-A1,0.10534509600415153,0.0,0.00032015329856915486,0.781871561442369
US-2013345686-A1,0.10534509600415153,0.0,0.00032015329856915486,0.7519704376931173
US-2014005681-A1,0.10534509600415153,0.0,0.00032015329856915486,0.7835167362469251
US-2014039681-A1,0.10534509600415153,0.0,0.00032015329856915486,0.7894249998639582
US-2014046308-A1,0.10534509600415153,0.0,0.00032015329856915486,0.782236841808926
US-2014051049-A1,0.10534509600415153,0.0,0.00032015329856915486,0.7950666364817732
US-2014051985-A1,0.10534509600415153,0.0,0.00032015329856915486,0.7906250561264547
US-2014058365-A1,0.10534509600415153,0.0,0.00032015329856915486,0.7533157164671891
US-2014058404-A1,0.10534509600415153,0.0,0.00032015329856915486,0.7885658663345017
US-2014058428-A1,0.10534509600415153,0.0,0.00032015329856915486,0.7390961834442064
US-2014100445-A1,0.10534509600415153,0.0,0.00032015329856915486,0.7352929080574723
US-2014142591-A1,0.13821138211382114,0.00022553214528225101,0.00046398378459875403,0.7900900293916441
US-2014163318-A1,0.10534509600415153,0.0,0.00032015329856915486,0.8057947139725355
US-2014163736-A1,0.10534509600415153,0.0,0.00032015329856915486,0.7656495390825062
US-2014194859-A1,0.10534509600415153,0.0,0.00032015329856915486,0.7468994995460041
US-2014194905-A1,0.10534509600415153,0.0,0.00032015329856915486,0.7787797327778363
US-2014222207-A1,0.10534509600415153,0.0,0.00032015329856915486,0.7518041813968617
US-2014243801-A1,0.10534509600415153,0.0,0.00032015329856915486,0.7232637843400674
US-2014243849-A1,0.1167618059159315,0.005872570672749373,0.00032027835010205223,0.7771655080499817
US-2014246473-A1,0.10534509600415153,0.0,0.00032015329856915486,0.7851208931269764
US-2014257333-A1,0.1278325549212939,0.0008442815781954895,0.00037866628047534233,0.7661494594038821
US-2014275956-A1,0.10534509600415153,0.0,0.00032015329856915486,0.78215297635392
US-2014276723-A1,0.10534509600415153,0.0,0.00032015329856915486,0.7171378659911826
US-2014276956-A1,0.10534509600415153,0.0,0.00032015329856915486,0.7198733133926122
US-2014309655-A1,0.10534509600415153,0.0,0.00032015329856915486,0.772503872976288
US-2014316203-A1,0.10534509600415153,0.0,0.00032015329856915486,0.763271856166477
US-2014357984-A1,0.13821138211382114,0.00022553214528225101,0.00046398378459875403,0.7690744112354536
US-2015025549-A1,0.10534509600415153,0.0,0.00032015329856915486,0.7725958136363378
US-2015045675-A1,0.10534509600415153,0.0,0.00032015329856915486,0.7591873305501481
US-2015073439-A1,0.10534509600415153,0.0,0.00032015329856915486,0.7756218618599738
US-2015080879-A1,0.10534509600415153,0.0,0.00032015329856915486,0.7737810995480544
US-2015088161-A1,0.10534509600415153,0.0,0.00032015329856915486,0.7544964553243017
US-2015127045-A1,0.10534509600415153,0.0,0.00032015329856915486,0.7710317162981344
US-2015133960-A1,0.10534509600415153,0.0,0.00032015329856915486,0.7760791179140621
US-2015150635-A1,0.1278325549212939,0.0008459735252459814,0.00037866628047534233,0.7709060050921265
US-2015164522-A1,0.10534509600415153,0.0,0.00032015329856915486,0.7817524554359825
US-2015190204-A1,0.10534509600415153,0.0,0.00032015329856915486,0.761134413241776
US-2015201917-A1,0.10534509600415153,0.0,0.00032015329856915486,0.7892027449055543
US-2015202085-A1,0.10534509600415153,0.0,0.00032015329856915486,0.7319440067787049
US-2015223832-A1,0.10534509600415153,0.0,0.00032015329856915486,0.7714092741593549
US-2015297299-A1,0.10534509600415153,0.0,0.00032015329856915486,0.7926325893220755
US-2015305650-A1,0.10534509600415153,0.0,0.00032015329856915486,0.7850423114142726
US-2015314110-A1,0.13821138211382114,0.00022553214528225101,0.00046398378459875403,0.7675073000355395
US-2015366629-A1,0.10534509600415153,0.0,0.00032015329856915486,0.7725800792642723
US-2015374446-A1,0.10534509600415153,0.0,0.00032015329856915486,0.7894683495286496
US-2016008979-A1,0.10534509600415153,0.0,0.00032015329856915486,0.7024601259856321
US-2016022289-A1,0.10534509600415153,0.0,0.00032015329856915486,0.7741148361805442
US-2016022466-A1,0.10534509600415153,0.0,0.00032015329856915486,0.8093880159827159
US-2016030073-A1,0.10534509600415153,0.0,0.00032015329856915486,0.7732443731117163
US-2016045208-A1,0.10534509600415153,0.0,0.00032015329856915486,0.7773065636129738
US-2016051318-A1,0.10534509600415153,0.0,0.00032015329856915486,0.7568691393916926
US-2016066935-A1,0.10534509600415153,0.0,0.00032015329856915486,0.742056027906393
US-2016158490-A1,0.10534509600415153,0.0,0.00032015329856915486,0.7426925901098053
US-2016158936-A1,0.10534509600415153,0.0,0.00032015329856915486,0.7145503398060207
US-2016183841-A1,0.13821138211382114,0.00022598411350926954,0.00046398378459875403,0.7794134222407251
US-2016199984-A1,0.10534509600415153,0.0,0.00032015329856915486,0.7368693181299901
US-2016235495-A1,0.10534509600415153,0.0,0.00032015329856915486,0.7688304212512974
US-2016242858-A1,0.10534509600415153,0.0,0.00032015329856915486,0.7426214431393696
US-2016249932-A1,0.10534509600415153,0.0,0.00032015329856915486,0.7772589307559182
US-2016270865-A1,0.13821138211382114,0.00022553214528225101,0.0004639837845987539,0.7730358326318275
US-2016287279-A1,0.13821138211382114,0.00022598411350926954,0.0004639837845987539,0.7501961206692142
US-2016302871-A1,0.10534509600415153,0.0,0.00032015329856915486,0.7932172194226877
US-2016310146-A1,0.10534509600415153,0.0,0.00032015329856915486,0.7538586457458202
US-2016324587-A1,0.10534509600415153,0.0,0.00032015329856915486,0.7640857933339618
US-2016331358-A1,0.10534509600415153,0.0,0.00032015329856915486,0.7589175290573725
US-2016367324-A1,0.10534509600415153,0.0,0.00032015329856915486,0.7447486040507628
US-2017000577-A1,0.10534509600415153,0.0,0.00032015329856915486,0.7823863082916042
US-2017007337-A1,0.13821138211382114,0.00022598411350926954,0.0004639837845987539,0.7390592140617172
US-2017049471-A1,0.10534509600415153,0.0,0.00032015329856915486,0.783646459175415
US-2017055995-A1,0.10534509600415153,0.0,0.00032015329856915486,0.7183739625619655
US-2017065227-A1,0.10534509600415153,0.0,0.00032015329856915486,0.7200155764350376
US-2017071456-A1,0.10534509600415153,0.0,0.00032015329856915486,0.7477103278774196
US-2017071584-A1,0.10534509600415153,0.0,0.00032015329856915486,0.7208514710062568
US-2017086934-A1,0.10534509600415153,0.0,0.00032015329856915486,0.7935993929910025
US-2017095295-A1,0.10534509600415153,0.0,0.00032015329856915486,0.7682108098380921
US-2017095299-A1,0.10534509600415153,0.0,0.00032015329856915486,0.7761114969780172
US-2017135706-A1,0.10534509600415153,0.0,0.00032015329856915486,0.8124655056871306
US-2017135710-A1,0.10534509600415153,0.0,0.00032015329856915486,0.7730234116852742
US-2017135833-A1,0.10534509600415153,0.0,0.00032015329856915486,0.7660549779441369
US-2017143442-A1,0.10534509600415153,0.0,0.00032015329856915486,0.7945846908552623
US-2017151416-A1,0.10534509600415153,0.0,0.00032015329856915486,0.7618083712319662
US-2017165009-A1,0.10534509600415153,0.0,0.00032015329856915486,0.7645218816051628
US-2017172553-A1,0.10534509600415153,0.0,0.00032015329856915486,0.7523943973955686
US-2017172680-A1,0.10534509600415153,0.0,0.00032015329856915486,0.7689143573582977
US-2017189118-A1,0.10534509600415153,0.0,0.00032015329856915486,0.7625926826249112
US-2017189131-A1,0.14253589344404083,0.0031046094211122236,0.00035794144202901356,0.7891131678515158
US-2017202627-A1,0.13821138211382114,0.00022553214528225101,0.0004639837845987539,0.7709723547351849
US-2017209073-A1,0.13821138211382114,0.00022553214528225101,0.0004639837845987539,0.7665983618704207
US-2017252096-A1,0.10534509600415153,0.0,0.00032015329856915486,0.7862924618990276
US-2017258534-A1,0.10534509600415153,0.0,0.00032015329856915486,0.717954426626859
US-2017265923-A1,0.10534509600415153,0.0,0.00032015329856915486,0.7746792387001734
US-2017265954-A1,0.10534509600415153,0.0,0.00032015329856915486,0.7671100356677488
US-2017290631-A1,0.13821138211382114,0.00022553214528225101,0.0004639837845987539,0.7535867245830139
US-2017319289-A1,0.10534509600415153,0.0,0.00032015329856915486,0.8092143522230925
US-2017333145-A1,0.10534509600415153,0.0,0.00032015329856915486,0.7803860280839623
US-2017333147-A1,0.10534509600415153,0.0,0.00032015329856915486,0.7822936314288352
US-2018000563-A1,0.10534509600415153,0.0,0.00032015329856915486,0.7460594271429852
US-2018025666-A1,0.13821138211382114,0.00022553214528225101,0.0004639837845987539,0.7918841657776697
US-2018049824-A1,0.10534509600415153,0.0,0.00032015329856915486,0.7609364022403527
US-2018079090-A1,0.10534509600415153,0.0,0.00032015329856915486,0.7913035232495029
US-2018080841-A1,0.10534509600415153,0.0,0.00032015329856915486,0.7012364887921961
US-2018098817-A1,0.10534509600415153,0.0,0.00032015329856915486,0.7806621334978068
US-2018140371-A1,0.10534509600415153,0.0,0.00032015329856915486,0.7469732526991815
US-2018193049-A1,0.10534509600415153,0.0,0.00032015329856915486,0.7548978113886595
US-2018206931-A1,0.10534509600415153,0.0,0.00032015329856915486,0.7873287180607851
US-2018221038-A1,0.13821138211382114,0.00022553214528225101,0.0004639837845987539,0.7687789178295985
US-2018221039-A1,0.13821138211382114,0.00022553214528225101,0.0004639837845987539,0.7558010624321702
US-2018243906-A1,0.10534509600415153,0.0,0.00032015329856915486,0.7255092441222003
US-2018279852-A1,0.13821138211382114,0.00022553214528225101,0.0004639837845987539,0.7739567790154415
US-2018289431-A1,0.13821138211382114,0.00022553214528225101,0.0004639837845987539,0.7850537250801549
US-2018296285-A1,0.1278325549212939,0.0008442815781954895,0.00037866628047534233,0.8271280895424785
US-2018325499-A1,0.13821138211382114,0.00022553214528225101,0.0004639837845987539,0.7967360930150023
US-2018338799-A1,0.10534509600415153,0.0,0.00032015329856915486,0.7956334304822622
US-2018360435-A1,0.13821138211382114,0.00022553214528225101,0.0004639837845987539,0.7902140682660144
US-2018368920-A1,0.10534509600415153,0.0,0.00032015329856915486,0.7870776860086889
US-2019000559-A1,0.1496280920256011,0.011063282766113269,0.00046410883613165124,0.7340852062662465
US-2019000560-A1,0.13821138211382114,0.00022553214528225101,0.0004639837845987539,0.7115119499096741
US-2019000576-A1,0.13821138211382114,0.00022553214528225101,0.0004639837845987539,0.7874729188116274
US-2019015166-A1,0.10534509600415153,0.0,0.00032015329856915486,0.7433420018446565
US-2019054620-A1,0.10534509600415153,0.0,0.00032015329856915486,0.736603636641091
US-2019090967-A1,0.10534509600415153,0.0,0.00032015329856915486,0.7972311424251708
US-2019099232-A1,0.10534509600415153,0.0,0.00032015329856915486,0.7623025563745426
US-2019105117-A1,0.10534509600415153,0.0,0.00032015329856915486,0.7311956455392551
US-2019110839-A1,0.13821138211382114,0.00022553214528225101,0.0004639837845987539,0.769483891625737
US-2019117320-A1,0.10534509600415153,0.0,0.00032015329856915486,0.814405169274227
US-2019117324-A1,0.10534509600415153,0.0,0.00032015329856915486,0.7657382312448787
US-2019151148-A1,0.13821138211382114,0.00022553214528225101,0.0004639837845987539,0.7771523905003705
US-2019167366-A1,0.13821138211382114,0.00022553214528225101,0.0004639837845987539,0.7672069791114596
US-2019175009-A1,0.13821138211382114,0.00022553214528225101,0.0004639837845987539,0.7735822497520108
US-2019183585-A1,0.13821138211382114,0.00022598411350926954,0.0004639837845987539,0.7277303804672892
US-2019183587-A1,0.13821138211382114,0.00022553214528225101,0.0004639837845987539,0.7332850130244033
US-2019192249-A1,0.10534509600415153,0.0,0.00032015329856915486,0.7588964064410693
US-2019216548-A1,0.13821138211382114,0.00022553214528225101,0.0004639837845987539,0.7870776860086889
US-2019216550-A1,0.10534509600415153,0.0,0.00032015329856915486,0.7885923808265397
US-2019216576-A1,0.13821138211382114,0.00022553214528225101,0.0004639837845987539,0.7749255519498467
US-2019223974-A1,0.13821138211382114,0.00022553214528225101,0.0004639837845987539,0.7857011298241956
US-2019231460-A1,0.10534509600415153,0.0,0.00032015329856915486,0.7358245554237212
US-2019239890-A1,0.10534509600415153,0.0,0.00032015329856915486,0.7606081739930265
US-2019262086-A1,0.13821138211382114,0.00022553214528225101,0.0004639837845987539,0.7509013294819123
US-2019269468-A1,0.13821138211382114,0.00022553214528225101,0.0004639837845987539,0.7703962609561084
US-2019274764-A1,0.13821138211382114,0.00022553214528225101,0.0004639837845987539,0.7695807578602599
US-2019290109-A1,0.13821138211382114,0.00022553214528225101,0.0004639837845987539,0.7771781308864475
US-2019298460-A1,0.13821138211382114,0.00022553214528225101,0.0004639837845987539,0.7797358866783012
US-2019298464-A1,0.10534509600415153,0.0,0.00032015329856915486,0.7801288165710373
US-2019298465-A1,0.13821138211382114,0.00022553214528225101,0.0004639837845987539,0.759946971194334
US-2019298469-A1,0.10534509600415153,0.0,0.00032015329856915486,0.7734930344799194
US-2019314616-A1,0.10534509600415153,0.0,0.00032015329856915486,0.755171505117932
US-2019336238-A1,0.13821138211382114,0.00022553214528225101,0.0004639837845987539,0.7857011298241956
US-2019365201-A1,0.13821138211382114,0.00022553214528225101,0.0004639837845987539,0.778602462627822
US-2019365209-A1,0.13821138211382114,0.00022553214528225101,0.0004639837845987539,0.7558043108465298
US-2019365479-A1,0.13821138211382114,0.00022553214528225101,0.0004639837845987539,0.7384634286193617
US-2019365486-A1,0.13821138211382114,0.00022553214528225101,0.0004639837845987539,0.7431206657740007
US-2019375383-A1,0.13821138211382114,0.00022553214528225101,0.0004639837845987539,0.7129256599277267
US-2019380787-A1,0.13821138211382114,0.00022553214528225101,0.0004639837845987539,0.7555813517979971
US-2019380797-A1,0.13821138211382114,0.00022553214528225101,0.0004639837845987539,0.7627163889427641
US-2020000533-A1,0.13821138211382114,0.00022553214528225101,0.0004639837845987539,0.771798803600836
US-2020030046-A1,0.10534509600415153,0.0,0.00032015329856915486,0.7783930933546466
US-2020038123-A1,0.13821138211382114,0.00022598411350926954,0.0004639837845987539,0.7642088913585181
US-2020039086-A1,0.13821138211382114,0.00022553214528225101,0.0004639837845987539,0.7570337917761999
US-2020046434-A1,0.13821138211382114,0.00022598411350926954,0.0004639837845987539,0.7478454923194238
US-2020060516-A1,0.13821138211382114,0.00022553214528225101,0.0004639837845987539,0.769587366905065
US-2020093549-A1,0.13821138211382114,0.00022553214528225101,0.0004639837845987539,0.786911763943876
US-2020093554-A1,0.13821138211382114,0.00022553214528225101,0.0004639837845987539,0.7814261578420401
US-2020107894-A1,0.13821138211382114,0.00022553214528225101,0.0004639837845987539,0.7960176784189368
US-2020121502-A1,0.13821138211382114,0.00022553214528225101,0.0004639837845987539,0.7687217676495353
US-2020138531-A1,0.10534509600415153,0.0,0.00032015329856915496,0.7502818224592457
US-2020146769-A1,0.13821138211382114,0.00022553214528225101,0.0004639837845987539,0.7749255519498467
US-2020163726-A1,0.10534509600415153,0.0,0.00032015329856915496,0.7817861356751872
US-2020171660-A1,0.13821138211382114,0.00022553214528225101,0.0004639837845987539,0.7787529048145332
US-2020197109-A1,0.10534509600415153,0.0,0.00032015329856915496,0.7588363114434353
US-2020197112-A1,0.13821138211382114,0.00022598411350926954,0.0004639837845987539,0.7499150266339465
US-2020206472-A1,0.13821138211382114,0.00022553214528225101,0.0004639837845987539,0.7780537339773178
US-2020217733-A1,0.13821138211382114,0.00022598411350926954,0.0004639837845987539,0.7326811125223268
US-2020222134-A1,0.13821138211382114,0.00022553214528225101,0.0004639837845987539,0.775819292254893
US-2020237458-A1,0.13821138211382114,0.00022553214528225101,0.0004639837845987539,0.8042305557914088
US-2020261172-A1,0.13821138211382114,0.00022553214528225101,0.0004639837845987539,0.7324455328060184
US-2020268459-A1,0.13821138211382114,0.00022553214528225101,0.0004639837845987539,0.7730005675076739
US-2020268460-A1,0.13821138211382114,0.00022553214528225101,0.0004639837845987539,0.7717742995630211
US-2020281787-A1,0.13821138211382114,0.00022553214528225101,0.0004639837845987539,0.7975080283111801
US-2020297437-A1,0.13821138211382114,0.00022553214528225101,0.0004639837845987539,0.7450438851746785
US-2020297444-A1,0.10534509600415153,0.0,0.00032015329856915496,0.790820918346989
US-2020305983-A1,0.13821138211382114,0.00022553214528225101,0.0004639837845987539,0.7695663201545659
US-2020305989-A1,0.13821138211382114,0.00022553214528225101,0.0004639837845987539,0.7922791960345479
US-2020305992-A1,0.10534509600415153,0.0,0.00032015329856915496,0.795430097801598
US-2020315717-A1,0.13821138211382114,0.00022553214528225101,0.0004639837845987539,0.7501961206692142
US-2020323596-A1,0.13821138211382114,0.00022553214528225101,0.0004639837845987539,0.7968545862469123
US-2020330167-A1,0.13821138211382114,0.00022598411350926954,0.0004639837845987539,0.7875084350754563
US-2020345216-A1,0.13821138211382114,0.00022598411350926954,0.0004639837845987539,0.7785339153679426
US-2020352420-A1,0.13821138211382114,0.00022553214528225101,0.0004639837845987539,0.7846332595028803
US-2020360100-A1,0.10534509600415153,0.0,0.00032015329856915496,0.7885143417875571
US-2020360183-A1,0.10534509600415153,0.0,0.00032015329856915496,0.764277558670278
US-2020367726-A1,0.10534509600415153,0.0,0.00032015329856915496,0.7776600973367521
US-2020367981-A1,0.10534509600415153,0.0,0.00032015329856915496,0.78310369119182
US-2020375678-A1,0.10534509600415153,0.0,0.00032015329856915496,0.7400135579395705
US-2021290320-A1,0.10534509600415153,0.0,0.00032015329856915496,0.7490914419726744
US-2021298847-A1,0.10534509600415153,0.0,0.00032015329856915496,0.7774507895066469
US-2021298851-A1,0.10534509600415153,0.0,0.00032015329856915496,0.7462419057495374
US-3763860-A,0.10534509600415153,0.0,0.00032015329856915496,0.7639590094547005
US-4040413-A,0.10534509600415153,0.0,0.00032015329856915496,0.7373056538850504
US-4198960-A,0.10534509600415153,0.0,0.00032015329856915496,0.7623486836742596
US-4470407-A,0.12973533990659056,0.0010646035699128603,0.00040770204714257264,0.7680254609673096
US-4532935-A,0.10534509600415153,0.0,0.00032015329856915496,0.7665226631976482
US-4685458-A,0.30704030444559766,0.009267290459615204,0.02939819969675086,0.7639032269160294
US-4747405-A,0.10534509600415153,0.0,0.00032015329856915496,0.7650342375589352
US-4854301-A,0.10534509600415153,0.0,0.00032015329856915496,0.780016835270532
US-4898574-A,0.10534509600415153,0.0,0.00032015329856915496,0.7621744525275534
US-4983165-A,0.10534509600415153,0.0,0.00032015329856915496,0.7638614797634651
US-5029574-A,0.10534509600415153,0.0,0.00032015329856915496,0.7643732328961887
US-5085659-A,0.10534509600415153,0.0,0.00032015329856915496,0.7887127135501173
US-5150452-A,0.10534509600415153,0.0,0.00032015329856915496,0.6976872191637148
US-5196023-A,0.10534509600415153,0.0,0.00032015329856915496,0.801031019872173
US-5199417-A,0.10534509600415153,0.0,0.00032015329856915496,0.7426886339684957
US-5217465-A,0.10534509600415153,0.0,0.00032015329856915496,0.7793409833004269
US-5308323-A,0.10534509600415153,0.0,0.00032015329856915496,0.7468183206732492
US-5318589-A,0.10534509600415153,0.0,0.00032015329856915496,0.7939323759108627
US-5325848-A,0.10534509600415153,0.0,0.00032015329856915496,0.7849701225650272
US-5342381-A,0.10534509600415153,0.0,0.00032015329856915496,0.7792123856958293
US-5344395-A,0.10534509600415153,0.0,0.00032015329856915496,0.7609153945253542
US-5353783-A,0.10534509600415153,0.0,0.00032015329856915496,0.7616611799965705
US-5370609-A,0.10534509600415153,0.0,0.00032015329856915496,0.763940599248124
US-5372124-A,0.10534509600415153,0.0,0.00032015329856915496,0.8031382180046286
US-5411016-A,0.10534509600415153,0.0,0.00032015329856915496,0.739054441377577
US-5431649-A,0.10534509600415153,0.0,0.00032015329856915496,0.7561218487783384
US-5441485-A,0.10534509600415153,0.0,0.00032015329856915496,0.75449022336406
US-5449356-A,0.10534509600415153,0.0,0.00032015329856915496,0.7708570011869882
US-5450843-A,0.10534509600415153,0.0,0.00032015329856915496,0.7412357177186788
US-5472426-A,0.10534509600415153,0.0,0.00032015329856915496,0.7718684750521267
US-5496267-A,0.10534509600415153,0.0,0.00032015329856915496,0.754478744718746
US-5501667-A,0.10534509600415153,0.0,0.00032015329856915496,0.7598147717904344
US-5520684-A,0.10534509600415153,0.0,0.00032015329856915496,0.745331424106534
US-5545170-A,0.10534509600415153,0.0,0.00032015329856915496,0.7816637305633591
US-5562239-A,0.10534509600415153,0.0,0.00032015329856915496,0.7646389551282184
US-5562648-A,0.10534509600415153,0.0,0.00032015329856915496,0.7213992517939893
US-5562678-A,0.10534509600415153,0.0,0.00032015329856915496,0.7546101793136242
US-5573535-A,0.10534509600415153,0.0,0.00032015329856915496,0.7834279284224412
US-5613973-A,0.10534509600415153,0.0,0.00032015329856915496,0.7771603256427726
US-5645083-A,0.10534509600415153,0.0,0.00032015329856915496,0.7821114361190923
US-5653374-A,0.10534509600415153,0.0,0.00032015329856915496,0.7733596256311259
US-5658311-A,0.10534509600415153,0.0,0.00032015329856915496,0.7350394197613676
US-5697949-A,0.10534509600415153,0.0,0.00032015329856915496,0.7500631256641743
US-5710870-A,0.10534509600415153,0.0,0.00032015329856915496,0.7507273749591742
US-5716325-A,0.10534509600415153,0.0,0.00032015329856915496,0.785529108149762
US-5737500-A,0.10534509600415153,0.0,0.00032015329856915496,0.7129458935636858
US-5788667-A,0.10534509600415153,0.0,0.00032015329856915496,0.7651125988329216
US-5792165-A,0.10534509600415153,0.0,0.00032015329856915496,0.7807572649099517
US-5797900-A,0.10534509600415153,0.0,0.00032015329856915496,0.772232421434897
US-5798627-A,0.10534509600415153,0.0,0.00032015329856915496,0.7172806041832488
US-5810770-A,0.10534509600415153,0.0,0.00032015329856915496,0.7664077335815591
US-5876325-A,0.3392146687424321,0.021370428693689526,0.02944171678858457,0.7964972937258216
US-5893869-A,0.10534509600415153,0.0,0.0003201532985691549,0.7543450814512878
US-5897491-A,0.10534509600415153,0.0,0.0003201532985691549,0.7903621490642563
US-5924175-A,0.10534509600415153,0.0,0.0003201532985691549,0.6936645568115497
US-5943056-A,0.10534509600415153,0.0,0.0003201532985691549,0.6998932556005665
US-5989230-A,0.10534509600415153,0.0,0.0003201532985691549,0.7859018341990026
US-6071281-A,0.10534509600415153,0.0,0.0003201532985691549,0.8045430458561037
US-6093157-A,0.10534509600415153,0.0,0.0003201532985691549,0.7410919086030201
US-6110171-A,0.10534509600415153,0.0,0.0003201532985691549,0.7589761361843711
US-6120476-A,0.10534509600415153,0.0,0.0003201532985691549,0.7383986872676505
US-6120498-A,0.10534509600415153,0.0,0.0003201532985691549,0.7713943529623539
US-6156030-A,0.10534509600415153,0.0,0.0003201532985691549,0.7554521685043672
US-6174318-B1,0.10534509600415153,0.0,0.0003201532985691549,0.8090100875442252
US-6183435-B1,0.10534509600415153,0.0,0.0003201532985691549,0.7445185212715917
US-6206903-B1,0.10534509600415153,0.0,0.0003201532985691549,0.7654549274579884
US-6236906-B1,0.10534509600415153,0.0,0.0003201532985691549,0.7275114272715928
US-6322557-B1,0.10534509600415153,0.0,0.0003201532985691549,0.7457932435469805
US-6375635-B1,0.10534509600415153,0.0,0.0003201532985691549,0.7652329370075321
US-6394998-B1,0.1278325549212939,0.0008442815781954895,0.0003786662804753422,0.7854242024277029
US-6405078-B1,0.10534509600415153,0.0,0.0003201532985691549,0.7463669877000286
US-6440061-B1,0.10534509600415153,0.0,0.0003201532985691549,0.7494272865407773
US-6508823-B1,0.10534509600415153,0.0,0.0003201532985691549,0.7701565519036284
US-6577891-B1,0.10534509600415153,0.0,0.0003201532985691549,0.7594745549808298
US-6676668-B2,0.10534509600415153,0.0,0.0003201532985691549,0.7708140366724432
US-6685698-B2,0.10534509600415153,0.0,0.0003201532985691549,0.7491439773238069
US-6706050-B1,0.10534509600415153,0.0,0.0003201532985691549,0.7766249222402489
US-7282055-B2,0.10534509600415153,0.0,0.0003201532985691549,0.7794360807516036
US-7559934-B2,0.10534509600415153,0.0,0.0003201532985691549,0.8006988124823778
US-7736356-B2,0.10534509600415153,0.0,0.0003201532985691549,0.7376012751297015
US-7963911-B2,0.10534509600415153,0.0,0.0003201532985691549,0.7405755959271301
US-7987046-B1,0.10534509600415153,0.0,0.0003201532985691549,0.7289322227917427
US-8002713-B2,0.10534509600415153,0.0,0.0003201532985691549,0.780869243017387
US-8004229-B2,0.1278325549212939,0.0008442815781954895,0.0003786662804753422,0.788457557334754
US-8021326-B2,0.13821138211382114,0.00022553214528225101,0.0004639837845987539,0.7912634684349023
US-8038598-B2,0.10534509600415153,0.0,0.0003201532985691549,0.7605958304550618
US-8092397-B2,0.10534509600415153,0.0,0.0003201532985691549,0.7553629924556439
US-8187173-B2,0.10534509600415153,0.0,0.0003201532985691549,0.7514938121621032
US-8257303-B2,0.12973533990659056,0.0010646035699128603,0.00040770204714257264,0.7464472119850533
US-8480595-B2,0.10534509600415153,0.0,0.0003201532985691549,0.7395133249880897
US-8523762-B2,0.10534509600415153,0.0,0.0003201532985691549,0.7578877554034532
US-8540748-B2,0.10534509600415153,0.0,0.0003201532985691549,0.7608281776957938
US-8541970-B2,0.10534509600415153,0.0,0.0003201532985691549,0.788457557334754
US-8652030-B2,0.10534509600415153,0.0,0.0003201532985691549,0.7599714163775726
US-8749190-B2,0.10534509600415153,0.0,0.0003201532985691549,0.788457557334754
US-8786241-B2,0.10534509600415153,0.0,0.0003201532985691549,0.788457557334754
US-8820603-B2,0.10534509600415153,0.0,0.0003201532985691549,0.7830525477711736
US-8821480-B2,0.10534509600415153,0.0,0.0003201532985691549,0.7630464396566925
US-8882660-B2,0.10534509600415153,0.0,0.0003201532985691549,0.7592947600206023
US-8945163-B2,0.10534509600415153,0.0,0.0003201532985691549,0.7748375610520885
US-8956280-B2,0.10534509600415153,0.0,0.0003201532985691549,0.7711211459276089
US-9044257-B2,0.10534509600415153,0.0,0.0003201532985691549,0.7520969602935206
US-9179979-B2,0.10534509600415153,0.0,0.0003201532985691549,0.7945010066438273
US-9259282-B2,0.10534509600415153,0.0,0.0003201532985691549,0.7656495390825062
US-9296104-B2,0.10534509600415153,0.0,0.0003201532985691549,0.7338575037838677
US-9345456-B2,0.10534509600415153,0.0,0.0003201532985691549,0.7571458979879209
US-9345544-B2,0.10534509600415153,0.0,0.0003201532985691549,0.717954426626859
US-9375284-B2,0.10534509600415153,0.0,0.0003201532985691549,0.7239091273467133
US-9415510-B2,0.10534509600415153,0.0,0.0003201532985691549,0.726970246358331
US-9460536-B2,0.10534509600415153,0.0,0.0003201532985691549,0.7590171177350055
US-9480534-B2,0.10534509600415153,0.0,0.0003201532985691549,0.795931845523979
US-9504604-B2,0.13821138211382114,0.00022553214528225101,0.0004639837845987539,0.764233049200373
US-9510911-B2,0.10534509600415153,0.0,0.0003201532985691549,0.7255092441222003
US-9517106-B2,0.10534509600415153,0.0,0.0003201532985691549,0.7405640574994424
US-9561083-B2,0.13821138211382114,0.00022553214528225101,0.0004639837845987539,0.7675922187769768
US-9566125-B2,0.10534509600415153,0.0,0.0003201532985691549,0.7725800792642723
US-9592042-B2,0.10534509600415153,0.0,0.0003201532985691549,0.7539849766249861
US-9597152-B2,0.10534509600415153,0.0,0.0003201532985691549,0.7903836253624758
US-9622827-B2,0.13821138211382114,0.00022553214528225101,0.0004639837845987539,0.7797032474911217
US-9636184-B2,0.13821138211382114,0.00022553214528225101,0.0004639837845987539,0.7879163210692092
US-9675422-B2,0.10534509600415153,0.0,0.0003201532985691549,0.717954426626859
US-9687310-B2,0.10534509600415153,0.0,0.0003201532985691549,0.788457557334754
US-9713509-B2,0.13821138211382114,0.00022553214528225101,0.0004639837845987539,0.7662327397409994
US-9717563-B2,0.10534509600415153,0.0,0.0003201532985691549,0.8078430910340514
US-9727963-B2,0.13821138211382114,0.00022553214528225101,0.0004639837845987539,0.7829444093753618
US-9730757-B2,0.10534509600415153,0.0,0.0003201532985691549,0.766528242654811
US-9737371-B2,0.13821138211382114,0.00022553214528225101,0.0004639837845987539,0.7324455328060184
US-9737373-B2,0.13821138211382114,0.00022553214528225101,0.0004639837845987539,0.7644700810579378
US-9744335-B2,0.13821138211382114,0.00022598411350926954,0.0004639837845987539,0.7389682689142707
US-9763741-B2,0.13821138211382114,0.00022553214528225101,0.0004639837845987539,0.7857011298241956
US-9788910-B2,0.13821138211382114,0.00022553214528225101,0.0004639837845987539,0.7647250525960412
US-9844412-B2,0.13821138211382114,0.00022553214528225101,0.0004639837845987539,0.7857011298241956
US-9867635-B2,0.13821138211382114,0.00022553214528225101,0.0004639837845987539,0.7734045091767177
US-9918681-B2,0.13821138211382114,0.00022553214528225101,0.0004639837845987539,0.7745592134544249
US-9931025-B1,0.13821138211382114,0.00022553214528225101,0.0004639837845987539,0.7733036820257713
US-9943962-B2,0.10534509600415153,0.0,0.0003201532985691549,0.7649493234416579
US-9949749-B2,0.13821138211382114,0.00022553214528225101,0.0004639837845987539,0.7687789178295985
US-9955986-B2,0.13821138211382114,0.00022553214528225101,0.0004639837845987539,0.7558010624321702
US-9962228-B2,0.13821138211382114,0.00022553214528225101,0.0004639837845987539,0.795430097801598
US-9980785-B2,0.13821138211382114,0.00022553214528225101,0.0004639837845987539,0.7644700810579378
US-9993313-B2,0.13821138211382114,0.00022553214528225101,0.0004639837845987539,0.7644700810579378
WO-2006124390-A2,0.10534509600415153,0.0,0.0003201532985691549,0.7142388800945243
WO-2011161218-A1,0.10534509600415153,0.0,0.0003201532985691549,0.7142388800945243
WO-2013107468-A1,0.10534509600415153,0.0,0.0003201532985691549,0.7142388800945243
WO-2015153174-A1,0.10534509600415153,0.0,0.0003201532985691549,0.7142388800945243
WO-2016137612-A1,0.10534509600415153,0.0,0.0003201532985691549,0.7142388800945243
WO-2017048194-A1,0.10534509600415153,0.0,0.0003201532985691549,0.7142388800945243
WO-2017114855-A1,0.10534509600415153,0.0,0.0003201532985691549,0.7142388800945243
WO-2018069679-A1,0.10534509600415153,0.0,0.0003201532985691549,0.7142388800945243
WO-2018189722-A1,0.10534509600415153,0.0,0.0003201532985691549,0.7142388800945243
WO-2020075501-A1,0.10534509600415153,0.0,0.0003201532985691549,0.7142388800945243
CA-2709634-A1,0.02404428299602145,0.0,6.190622672814432e-05,0.7142388800945243
DE-1147411-B,0.02404428299602145,0.0,6.190622672814432e-05,0.7142388800945243
EP-0590713-A2,0.02404428299602145,0.0,6.190622672814432e-05,0.7142388800945243
EP-2362285-A2,0.02404428299602145,0.0,6.190622672814432e-05,0.7143748803527328
EP-2431000-A2,0.02404428299602145,0.0,6.190622672814432e-05,0.7142388800945243
JP-2002159509-A,0.02404428299602145,0.0,6.190622672814432e-05,0.7142388800945243
JP-H09318469-A,0.02404428299602145,0.0,6.190622672814432e-05,0.7141242590312263
KR-100778387-B1,0.02404428299602145,0.0,6.190622672814432e-05,0.7142388800945243
US-10085809-B2,0.02404428299602145,0.0,6.190622672814432e-05,0.7585447970170675
US-10130366-B2,0.02404428299602145,0.0,6.190622672814432e-05,0.707457549035817
US-10201365-B2,0.02404428299602145,0.0,6.190622672814432e-05,0.7735104943638482
US-10238458-B2,0.02404428299602145,0.0,6.190622672814432e-05,0.7489259230420414
US-10363107-B2,0.02404428299602145,0.0,6.190622672814432e-05,0.7831090347478056
US-10398433-B2,0.02404428299602145,0.0,6.190622672814432e-05,0.7824636618960423
US-10595836-B2,0.02404428299602145,0.0,6.190622672814432e-05,0.6914885913019712
US-10653435-B2,0.02404428299602145,0.0,6.190622672814432e-05,0.7559005495750638
US-10682141-B2,0.02404428299602145,0.0,6.190622672814432e-05,0.7732041429888539
US-11020138-B2,0.02404428299602145,0.0,6.190622672814432e-05,0.764477188678364
US-11079292-B2,0.02404428299602145,0.0,6.190622672814432e-05,0.7106443155488988
US-11369411-B2,0.02404428299602145,0.0,6.190622672814432e-05,0.7856598039577074
US-2005096502-A1,0.02404428299602145,0.0,6.190622672814432e-05,0.7918905709761804
US-2005119527-A1,0.02404428299602145,0.0,6.190622672814432e-05,0.7644616160805736
US-2005200324-A1,0.02404428299602145,0.0,6.190622672814432e-05,0.7584110428279502
US-2007018958-A1,0.02404428299602145,0.0,6.190622672814432e-05,0.7912919727357854
US-2007043338-A1,0.02404428299602145,0.0,6.190622672814432e-05,0.7464472119850533
US-2007078484-A1,0.02404428299602145,0.0,6.190622672814432e-05,0.7563954348460799
US-2007119274-A1,0.02404428299602145,0.0,6.190622672814432e-05,0.7730633810167113
US-2007156019-A1,0.02404428299602145,0.0,6.190622672814432e-05,0.8003315770055492
US-2008065105-A1,0.02404428299602145,0.0,6.190622672814432e-05,0.7940242961852251
US-2008132893-A1,0.02404428299602145,0.0,6.190622672814432e-05,0.7721709777571628
US-2008147090-A1,0.02404428299602145,0.0,6.190622672814432e-05,0.7703260534707218
US-2009088775-A1,0.02404428299602145,0.0,6.190622672814432e-05,0.7632982231885274
US-2009324161-A1,0.02404428299602145,0.0,6.190622672814432e-05,0.7254896829024472
US-2010063478-A1,0.02404428299602145,0.0,6.190622672814432e-05,0.7662015524680377
US-2010219388-A1,0.02404428299602145,0.0,6.190622672814432e-05,0.6935525652448156
US-2010313679-A1,0.02404428299602145,0.0,6.190622672814432e-05,0.7644029324775007
US-2011015632-A1,0.02404428299602145,0.0,6.190622672814432e-05,0.7782173976088977
US-2011046659-A1,0.02404428299602145,0.0,6.190622672814432e-05,0.7828774095362342
US-2011282356-A1,0.02404428299602145,0.0,6.190622672814432e-05,0.7782875875751323
US-2011295269-A1,0.03580695381421899,0.0021877476626018678,6.305525043694082e-05,0.7634303620403192
US-2011295270-A1,0.02404428299602145,0.0,6.190622672814432e-05,0.7617004810624655
US-2012116391-A1,0.02404428299602145,0.0,6.190622672814432e-05,0.778098696477073
US-2014005662-A1,0.02404428299602145,0.0,6.190622672814432e-05,0.7828308521186789
US-2014005678-A1,0.02404428299602145,0.0,6.190622672814432e-05,0.7569860317445567
US-2014005708-A1,0.02404428299602145,0.0,6.190622672814432e-05,0.7598882796257448
US-2014088614-A1,0.02404428299602145,0.0,6.190622672814432e-05,0.7498771150380582
US-2014107627-A1,0.02404428299602145,0.0,6.190622672814432e-05,0.7830506380821785
US-2015164598-A1,0.02404428299602145,0.0,6.190622672814432e-05,0.7613975221735578
US-2015374447-A1,0.02404428299602145,0.0,6.190622672814432e-05,0.7528790122426319
US-2017007345-A1,0.02404428299602145,0.0,6.190622672814432e-05,0.7571317356028046
US-2017165017-A1,0.02404428299602145,0.0,6.190622672814432e-05,0.7509460584602402
US-2017172687-A1,0.02404428299602145,0.0,6.190622672814432e-05,0.7397240978538582
US-2017215944-A1,0.02404428299602145,0.0,6.190622672814432e-05,0.7845775040861873
US-2017303996-A1,0.02404428299602145,0.0,6.190622672814432e-05,0.7883904836021934
US-2018042689-A1,0.02404428299602145,0.0,6.190622672814432e-05,0.7798145738120191
US-2019069966-A1,0.02404428299602145,0.0,6.190622672814432e-05,0.7685898493712358
US-2019094084-A1,0.02404428299602145,0.0,6.190622672814432e-05,0.7929545558468086
US-2019175188-A1,0.02404428299602145,0.0,6.190622672814432e-05,0.7608659564756866
US-2019175887-A1,0.02404428299602145,0.0,6.190622672814432e-05,0.7437071992450568
US-2019201018-A1,0.02404428299602145,0.0,6.190622672814432e-05,0.7944498408533727
US-2019223960-A1,0.02404428299602145,0.0,6.190622672814432e-05,0.7777584555958412
US-2019223966-A1,0.02404428299602145,0.0,6.190622672814432e-05,0.7737660781175235
US-2019336228-A1,0.02404428299602145,0.0,6.190622672814432e-05,0.7830506380821785
US-2020253669-A1,0.02404428299602145,0.0,6.190622672814432e-05,0.7586441270897726
US-2020278265-A1,0.02404428299602145,0.0,6.190622672814432e-05,0.7276783393994145
US-2020397502-A1,0.02404428299602145,0.0,6.190622672814432e-05,0.7812762174114364
US-2021022819-A1,0.02404428299602145,0.0,6.190622672814432e-05,0.7800922430722151
US-2021045819-A1,0.02404428299602145,0.0,6.190622672814432e-05,0.7940798395429999
US-2021181048-A1,0.02404428299602145,0.0,6.190622672814432e-05,0.7207542530627306
US-2024130812-A1,0.02404428299602145,0.0,6.190622672814432e-05,0.7674525576868954
US-4860742-A,0.02404428299602145,0.0,6.190622672814432e-05,0.7135858930254886
US-4906907-A,0.02404428299602145,0.0,6.190622672814432e-05,0.7079475849571342
US-5624398-A,0.02404428299602145,0.0,6.190622672814432e-05,0.7590902867031424
US-5784542-A,0.02404428299602145,0.0,6.190622672814432e-05,0.7117744682377766
US-5855583-A,0.22625843279709393,0.006244971626649968,0.029215775563164438,0.7850051816983175
US-6197017-B1,0.02404428299602145,0.0,6.190622672814432e-05,0.7362104595425291
US-6331181-B1,0.22625843279709393,0.006244971626649968,0.029215775563164438,0.7558146360052018
US-6459926-B1,0.02404428299602145,0.0,6.190622672814432e-05,0.7793476618365947
US-6494882-B1,0.02404428299602145,0.0,6.190622672814432e-05,0.7541854259278138
US-6817974-B2,0.02404428299602145,0.0,6.190622672814432e-05,0.7374076106675401
US-6879880-B2,0.02404428299602145,0.0,6.190622672814432e-05,0.7696598221126596
US-6994708-B2,0.02404428299602145,0.0,6.190622672814432e-05,0.7858555667091867
US-7083571-B2,0.02404428299602145,0.0,6.190622672814432e-05,0.7925509434503077
US-7169141-B2,0.02404428299602145,0.0,6.190622672814432e-05,0.7921711227581152
US-7935130-B2,0.02404428299602145,0.0,6.190622672814432e-05,0.7730187790504154
US-8306656-B1,0.02404428299602145,0.0,6.190622672814432e-05,0.7737560825354057
US-8375808-B2,0.02404428299602145,0.0,6.190622672814432e-05,0.7812990995788769
US-8444631-B2,0.02404428299602145,0.0,6.190622672814432e-05,0.777600721544752
US-8479969-B2,0.02404428299602145,0.0,6.190622672814432e-05,0.7617004810624655
US-8506555-B2,0.02404428299602145,0.0,6.190622672814432e-05,0.7726828731245478
US-8602288-B2,0.02404428299602145,0.0,6.190622672814432e-05,0.7661312653799637
US-8613230-B2,0.02404428299602145,0.0,6.190622672814432e-05,0.7782975970622229
US-8628518-B2,0.02404428299602145,0.0,6.190622672814432e-05,0.7830506380821785
US-8771270-B2,0.02404428299602145,0.0,6.190622672814432e-05,0.7591334159493242
US-8800838-B2,0.02404428299602145,0.0,6.190622672814432e-05,0.7927242913022209
US-8945095-B2,0.02404428299602145,0.0,6.190622672814432e-05,0.7613975221735578
US-9028494-B2,0.02404428299602145,0.0,6.190622672814432e-05,0.7780185154171448
US-9192448-B2,0.02404428299602145,0.0,6.190622672814432e-05,0.7528790122426319
US-9204923-B2,0.02404428299602145,0.0,6.190622672814432e-05,0.7568691393916926
US-9232979-B2,0.02404428299602145,0.0,6.190622672814432e-05,0.768902219204594
US-9358682-B2,0.02404428299602145,0.0,6.190622672814432e-05,0.7971367941394213
US-9671860-B2,0.02404428299602145,0.0,6.190622672814432e-05,0.717853003310065
US-9707684-B2,0.02404428299602145,0.0,6.190622672814432e-05,0.7523100701758628
US-9782214-B2,0.02404428299602145,0.0,6.190622672814432e-05,0.778098696477073
US-9943375-B2,0.02404428299602145,0.0,6.190622672814432e-05,0.7830172613671561
US-9952107-B2,0.02404428299602145,0.0,6.190622672814432e-05,0.7646583652699371
WO-2007143859-A1,0.02404428299602145,0.0,6.190622672814432e-05,0.7142388800945243
WO-2009123891-A1,0.02404428299602145,0.0,6.190622672814432e-05,0.7142388800945243
WO-2012166806-A1,0.02404428299602145,0.0,6.190622672814432e-05,0.7142388800945243
WO-2014151952-A1,0.02404428299602145,0.0,6.190622672814432e-05,0.7142388800945243
WO-2014172213-A2,0.02404428299602145,0.0,6.190622672814432e-05,0.7142388800945243
WO-2017064303-A1,0.02404428299602145,0.0,6.190622672814432e-05,0.7142388800945243
WO-2020102774-A1,0.02404428299602145,0.0,6.190622672814432e-05,0.7142388800945243
WO-2020102776-A1,0.02404428299602145,0.0,6.190622672814432e-05,0.7142388800945243
WO-2020102778-A1,0.02404428299602145,0.0,6.190622672814432e-05,0.7142388800945243
WO-2020102780-A1,0.02404428299602145,0.0,6.190622672814432e-05,0.7142388800945243
WO-2021076765-A1,0.02404428299602145,0.0,6.190622672814432e-05,0.7142388800945243
WO-2021097386-A1,0.02404428299602145,0.0,6.190622672814432e-05,0.7142388800945243
US-10137575-B2,0.00467047223663726,0.0,2.6300969416143116e-05,0.7365462714093802
US-10499994-B2,0.00467047223663726,0.0,2.6300969416143116e-05,0.7593048564106892
US-2003013949-A1,0.00467047223663726,0.0,2.6300969416143116e-05,0.7880203806298312
US-2004204645-A1,0.00467047223663726,0.0,2.6300969416143116e-05,0.7615637635151115
US-2007198074-A1,0.00467047223663726,0.0,2.6300969416143116e-05,0.7666499512913136
US-2008071141-A1,0.00467047223663726,0.0,2.6300969416143116e-05,0.7988295577636887
US-2008082114-A1,0.00467047223663726,0.0,2.6300969416143116e-05,0.7638331672347016
US-2011009886-A1,0.00467047223663726,0.0,2.6300969416143116e-05,0.7474711995829932
US-2011144560-A1,0.00467047223663726,0.0,2.6300969416143116e-05,0.7543093492330774
US-2013226285-A1,0.00467047223663726,0.0,2.6300969416143116e-05,0.7868585282770058
US-2014228636-A1,0.00467047223663726,0.0,2.6300969416143116e-05,0.7674931149838541
US-2016015473-A1,0.00467047223663726,0.0,2.6300969416143116e-05,0.7871768062330555
US-2016022125-A1,0.00467047223663726,0.0,2.6300969416143116e-05,0.7771261689846528
US-2016022266-A1,0.00467047223663726,0.0,2.6300969416143116e-05,0.7680681861206542
US-2018049829-A1,0.00467047223663726,0.0,2.6300969416143116e-05,0.7883266260025805
US-2018214149-A1,0.00467047223663726,0.0,2.6300969416143116e-05,0.7634051855598558
US-2019008367-A1,0.00467047223663726,0.0,2.6300969416143116e-05,0.8054436642374864
US-2019125454-A1,0.00467047223663726,0.0,2.6300969416143116e-05,0.7585299337581023
US-2020187946-A1,0.00467047223663726,0.0,2.6300969416143116e-05,0.7512321546604022
US-2022323076-A1,0.00467047223663726,0.0,2.6300969416143116e-05,0.7726900002022874
US-9877724-B2,0.00467047223663726,0.0,2.6300969416143116e-05,0.7476111262525409
EP-2769341-A2,0.031136481577581733,0.0,4.1573445049085967e-10,0.7142388800945243
JP-2007179301-A,0.031136481577581733,0.0,4.1573445049085967e-10,0.7142388800945243
JP-2007246225-A,0.031136481577581733,0.0,4.1573445049085967e-10,0.7142388800945243
JP-2007254078-A,0.031136481577581733,0.0,4.1573445049085967e-10,0.7142388800945243
JP-2013086914-A,0.031136481577581733,0.0,4.1573445049085967e-10,0.7142388800945243
JP-2013251811-A,0.031136481577581733,0.0,4.1573445049085967e-10,0.7142388800945243
JP-2014021810-A,0.03130946203079052,5.014793641241663e-09,4.15936958220815e-10,0.7141242590312263
JP-2014530158-A,0.031136481577581733,0.0,4.1573445049085967e-10,0.7142388800945243
JP-2017165517-A,0.031136481577581733,0.0,4.1573445049085967e-10,0.7142388800945243
JP-2018525301-A,0.031482442483999305,1.0066191615631074e-08,4.1613913018252983e-10,0.7142388800945243
JP-2019531908-A,0.031136481577581733,0.0,4.1573445049085967e-10,0.7142388800945243
JP-2025019963-A,0.031136481577581733,0.0,4.1573445049085967e-10,0.7142388800945243
JP-2025033426-A,0.031136481577581733,0.0,4.1573445049085967e-10,0.7142388800945243
JP-3243528-B2,0.031136481577581733,0.0,4.1573445049085967e-10,0.7142388800945243
JP-H03158322-A,0.031136481577581733,0.0,4.1573445049085967e-10,0.7142388800945243
JP-H08114416-A,0.031136481577581733,0.0,4.1573445049085967e-10,0.7141242590312263
JP-H1080881-A,0.031136481577581733,0.0,4.1573445049085967e-10,0.7142388800945243
JP-S6133426-A,0.031136481577581733,0.0,4.1573445049085967e-10,0.7141242590312263
JP-S62251811-A,0.031136481577581733,0.0,4.1573445049085967e-10,0.7142388800945243
KR-101708150-B1,0.031136481577581733,0.0,4.1573445049085967e-10,0.7142388800945243
US-10019015-B2,0.0316554229372081,1.5228479187497492e-08,4.1634029363688525e-10,0.7186266890763211
US-10198008-B2,0.031136481577581733,0.0,4.1573445049085967e-10,0.7265905023137631
US-11173602-B2,0.031136481577581733,0.0,4.1573445049085967e-10,0.7352332511790075
US-11488323-B2,0.031136481577581733,0.0,4.1573445049085967e-10,0.7310328830019308
US-11591168-B2,0.031136481577581733,0.0,4.1573445049085967e-10,0.7243211929805609
US-12065318-B2,0.031136481577581733,0.0,4.1573445049085967e-10,0.7402659894325921
US-12084299-B2,0.031136481577581733,0.0,4.1573445049085967e-10,0.719762499396736
US-12162166-B2,0.031136481577581733,0.0,4.1573445049085967e-10,0.730220141580853
US-2001041948-A1,0.031136481577581733,0.0,4.1573445049085967e-10,0.7227142282357905
US-2004074823-A1,0.031136481577581733,0.0,4.1573445049085967e-10,0.7244427609045097
US-2016200516-A1,0.031136481577581733,0.0,4.1573445049085967e-10,0.7155906097265778
US-2017039304-A1,0.031136481577581733,0.0,4.1573445049085967e-10,0.723108414633471
US-2017107055-A1,0.031136481577581733,0.0,4.1573445049085967e-10,0.718988738045424
US-2019016543-A1,0.031136481577581733,0.0,4.1573445049085967e-10,0.720198305510896
US-2021214163-A1,0.031136481577581733,0.0,4.1573445049085967e-10,0.7152877708728599
US-2022219916-A1,0.031136481577581733,0.0,4.1573445049085967e-10,0.7402659894325921
US-2023008946-A1,0.031136481577581733,0.0,4.1573445049085967e-10,0.7310328830019308
US-2023016733-A1,0.031136481577581733,0.0,4.1573445049085967e-10,0.719762499396736
US-2023278811-A1,0.031136481577581733,0.0,4.1573445049085967e-10,0.7244626936554713
US-9821463-B2,0.031136481577581733,0.0,4.1573445049085967e-10,0.730044172081322
US-9826213-B1,0.031136481577581733,0.0,4.1573445049085967e-10,0.7240498532477856
US-9969571-B1,0.031136481577581733,0.0,4.1573445049085967e-10,0.713721796447283
WO-2017061632-A1,0.031136481577581733,0.0,4.1573445049085967e-10,0.7142388800945243
US-11344374-B2,0.03805569970593323,0.0,4.0413763419486096e-05,0.7315072385957639
US-11446104-B2,0.03805569970593323,0.0,4.0413763419486096e-05,0.7431908579796344
US-2002065455-A1,0.03805569970593323,0.0,4.0413763419486096e-05,0.7775285063925078
US-2003135091-A1,0.03805569970593323,0.0,4.0413763419486096e-05,0.7925936689749811
US-2008065110-A1,0.03805569970593323,0.0,4.0413763419486096e-05,0.7745113250439865
US-2009093809-A1,0.03805569970593323,0.0,4.0413763419486096e-05,0.7901606606017685
US-2010056863-A1,0.03805569970593323,0.0,4.0413763419486096e-05,0.7911078907552114
US-2013253550-A1,0.03805569970593323,0.0,4.0413763419486096e-05,0.7783435309851525
US-2015238276-A1,0.03805569970593323,0.0,4.0413763419486096e-05,0.8137995120612171
US-2016346930-A1,0.03805569970593323,0.0,4.0413763419486096e-05,0.717204328369053
US-2017181808-A1,0.05120221414980107,2.19926513736819e-05,0.00012199103242591152,0.7950071758197129
US-2017212723-A1,0.03805569970593323,0.0,4.0413763419486096e-05,0.767807127992415
US-2017231477-A1,0.03805569970593323,0.0,4.0413763419486096e-05,0.7860264842591257
US-2018296280-A1,0.051029233696592284,2.1549359710935832e-05,0.000121978492799888,0.7804778045454506
US-2018325604-A1,0.051029233696592284,2.1549359710935832e-05,0.000121978492799888,0.7924326762011987
US-2019025040-A1,0.03805569970593323,0.0,4.0413763419486096e-05,0.779458340101712
US-2020046404-A1,0.03805569970593323,0.0,4.0413763419486096e-05,0.7856598039577074
US-2020170718-A1,0.03805569970593323,0.0,4.0413763419486096e-05,0.800571533711539
US-2020188046-A1,0.03805569970593323,0.0,4.0413763419486096e-05,0.7817173472244568
US-2020214709-A1,0.03805569970593323,0.0,4.0413763419486096e-05,0.7622167863735239
US-2020315724-A1,0.03805569970593323,0.0,4.0413763419486096e-05,0.7997540564030342
US-2020405417-A1,0.03805569970593323,0.0,4.0413763419486096e-05,0.7980711410229193
US-2021153724-A1,0.03805569970593323,0.0,4.0413763419486096e-05,0.7796732278672001
US-2021196399-A1,0.03805569970593323,0.0,4.0413763419486096e-05,0.7982667723746976
US-2021212784-A1,0.03805569970593323,0.0,4.0413763419486096e-05,0.7924825182096968
US-2021290317-A1,0.03805569970593323,0.0,4.0413763419486096e-05,0.8125638064025946
US-2021393338-A1,0.051029233696592284,2.1549359710935832e-05,0.000121978492799888,0.8013899391745783
US-2022096172-A1,0.03805569970593323,0.0,4.0413763419486096e-05,0.791576652068284
US-2022101745-A1,0.03805569970593323,0.0,4.0413763419486096e-05,0.7672897151807652
US-2022133420-A1,0.03805569970593323,0.0,4.0413763419486096e-05,0.774257022152917
US-2022183779-A1,0.03805569970593323,0.0,4.0413763419486096e-05,0.7741366177542948
US-2022202437-A1,0.03805569970593323,0.0,4.0413763419486096e-05,0.7624628643761281
US-2023096691-A1,0.03805569970593323,0.0,4.0413763419486096e-05,0.8002059392537032
US-2023099189-A1,0.03805569970593323,0.0,4.0413763419486096e-05,0.7931730089474833
US-2023101192-A1,0.03805569970593323,0.0,4.0413763419486096e-05,0.7931730089474833
US-2023110718-A1,0.03805569970593323,0.0,4.0413763419486096e-05,0.7931730089474833
US-9832848-B2,0.03805569970593323,0.0,4.0413763419486096e-05,0.7083919476744069
WO-2020260999-A1,0.03805569970593323,0.0,4.0413763419486096e-05,0.7142388800945243
US-11931107-B1,0.005881335409098772,0.0,1.6116838588970024e-06,0.8174943336034496
US-11980432-B2,0.005881335409098772,0.0,1.6116838588970024e-06,0.8001907738135678
US-2001025183-A1,0.005881335409098772,0.0,1.6116838588970024e-06,0.7880446632557431
US-2005251026-A1,0.005881335409098772,0.0,1.6116838588970024e-06,0.7749334397092458
US-2008167551-A1,0.005881335409098772,0.0,1.6116838588970024e-06,0.7475024029149956
US-2011270121-A1,0.005881335409098772,0.0,1.6116838588970024e-06,0.7780743177436121
US-2012116417-A1,0.005881335409098772,0.0,1.6116838588970024e-06,0.7831925773714243
US-2013190776-A1,0.005881335409098772,0.0,1.6116838588970024e-06,0.7837281151639952
US-2015065916-A1,0.005881335409098772,0.0,1.6116838588970024e-06,0.7799371580643759
US-2015157419-A1,0.005881335409098772,0.0,1.6116838588970024e-06,0.7746970065534388
US-2016038004-A1,0.005881335409098772,0.0,1.6116838588970024e-06,0.7491399277345028
US-2017189128-A1,0.005881335409098772,0.0,1.6116838588970024e-06,0.7904511999527414
US-2017265947-A1,0.005881335409098772,0.0,1.6116838588970024e-06,0.7664806957744513
US-2018014851-A1,0.005881335409098772,0.0,1.6116838588970024e-06,0.7973291779352287
US-2018271603-A1,0.005881335409098772,0.0,1.6116838588970024e-06,0.8013352114113322
US-2019083187-A1,0.005881335409098772,0.0,1.6116838588970024e-06,0.7617596257357889
US-2019125432-A1,0.005881335409098772,0.0,1.6116838588970024e-06,0.8009454290627784
US-2020015905-A1,0.005881335409098772,0.0,1.6116838588970024e-06,0.7931552146804475
US-2021290215-A1,0.005881335409098772,0.0,1.6116838588970024e-06,0.7668723175788337
US-2022047346-A1,0.005881335409098772,0.0,1.6116838588970024e-06,0.74574106357182
US-2022096188-A1,0.005881335409098772,0.0,1.6116838588970024e-06,0.7696974035563074
US-2023113312-A1,0.005881335409098772,0.0,1.6116838588970024e-06,0.72561014070028
US-2023126545-A1,0.005881335409098772,0.0,1.6116838588970024e-06,0.7926329667766641
US-2023200847-A1,0.005881335409098772,0.0,1.6116838588970024e-06,0.7646139262596765
US-2024148455-A1,0.005881335409098772,0.0,1.6116838588970024e-06,0.7891105676576803
US-2024277425-A1,0.005881335409098772,0.0,1.6116838588970024e-06,0.7909599566729262
US-4915107-A,0.005881335409098772,0.0,1.6116838588970024e-06,0.7725363913969383
US-6314310-B1,0.005881335409098772,0.0,1.6116838588970024e-06,0.7889361262028562
US-7890155-B2,0.005881335409098772,0.0,1.6116838588970024e-06,0.7475024029149956
CN-107263485-A,0.005535374502681197,0.0,7.420606355377824e-16,0.7142388800945243
CN-1747816-A,0.005535374502681197,0.0,7.420606355377824e-16,0.7142388800945243
CN-205466149-U,0.005535374502681197,0.0,7.420606355377824e-16,0.7142388800945243
DE-102014107143-A1,0.005535374502681197,0.0,7.420606355377824e-16,0.7142388800945243
DE-102017005882-A1,0.005535374502681197,0.0,7.420606355377824e-16,0.7142388800945243
DE-102017123877-A1,0.005535374502681197,0.0,7.420606355377824e-16,0.7142388800945243
DE-10249786-A1,0.005535374502681197,0.0,7.420606355377824e-16,0.7142388800945243
JP-2013198943-A,0.005535374502681197,0.0,7.420606355377824e-16,0.7142388800945243
JP-2017058130-A,0.005535374502681197,0.0,7.420606355377824e-16,0.7142388800945243
JP-2017185578-A,0.005535374502681197,0.0,7.420606355377824e-16,0.7142388800945243
JP-2018202550-A,0.005535374502681197,0.0,7.420606355377824e-16,0.7142388800945243
US-10569416-B1,0.005535374502681197,0.0,7.420606355377824e-16,0.7379709012243705
US-10569417-B1,0.005535374502681197,0.0,7.420606355377824e-16,0.7379709012243705
US-10569516-B2,0.005535374502681197,0.0,7.420606355377824e-16,0.7026626271228593
US-10576631-B1,0.005535374502681197,0.0,7.420606355377824e-16,0.7379709012243705
US-10596701-B1,0.005535374502681197,0.0,7.420606355377824e-16,0.7379709012243705
US-2004093119-A1,0.005535374502681197,0.0,7.420606355377824e-16,0.7159337203650736
US-2004167667-A1,0.005535374502681197,0.0,7.420606355377824e-16,0.7132624361758121
US-2005182518-A1,0.005535374502681197,0.0,7.420606355377824e-16,0.7334475065328605
US-2006181236-A1,0.005535374502681197,0.0,7.420606355377824e-16,0.722716314993242
US-2011153076-A1,0.005535374502681197,0.0,7.420606355377824e-16,0.7285279087584098
US-2011235054-A1,0.005535374502681197,0.0,7.420606355377824e-16,0.7286112594448036
US-2012143372-A1,0.005535374502681197,0.0,7.420606355377824e-16,0.7171807096498012
US-2014347473-A1,0.005535374502681197,0.0,7.420606355377824e-16,0.7233337267753397
US-2015352717-A1,0.005535374502681197,0.0,7.420606355377824e-16,0.7373627078154968
US-2016297068-A1,0.005535374502681197,0.0,7.420606355377824e-16,0.7450991113952597
US-2016379370-A1,0.005535374502681197,0.0,7.420606355377824e-16,0.7240328892460988
US-2017165836-A1,0.005535374502681197,0.0,7.420606355377824e-16,0.7082453301996275
US-2017326739-A1,0.005535374502681197,0.0,7.420606355377824e-16,0.7210984663988466
US-2017364076-A1,0.005535374502681197,0.0,7.420606355377824e-16,0.7218233333405962
US-4831549-A,0.005535374502681197,0.0,7.420606355377824e-16,0.7122171648045261
US-5789890-A,0.005535374502681197,0.0,7.420606355377824e-16,0.7387581267008254
US-2006089621-A1,0.0013838436256702993,2.6931033851449075e-07,1.9342423412910424e-06,0.7988728852605449
US-2012059378-A1,0.0013838436256702993,2.6931033851449075e-07,1.9342423412910424e-06,0.7521563055715693
US-2019008525-A1,0.0013838436256702993,2.6931033851449075e-07,1.9342423412910424e-06,0.8103340772076991
US-9974557-B2,0.0010378827192527244,0.0,8.868451636760977e-07,0.7562442554557683
EP-1348394-A1,0.0020757654385054488,0.0,1.690155626367932e-06,0.7142388800945243
EP-3080619-A1,0.0020757654385054488,0.0,1.690155626367932e-06,0.7142388800945243
US-2007177783-A1,0.0020757654385054488,0.0,1.690155626367932e-06,0.7640384596945106
US-2015049083-A1,0.0020757654385054488,0.0,1.690155626367932e-06,0.7989944753812217
US-2019388123-A1,0.0020757654385054488,0.0,1.690155626367932e-06,0.840063547172398
US-2020069373-A1,0.0020757654385054488,0.0,1.690155626367932e-06,0.7937088745102638
US-2021393330-A1,0.0020757654385054488,0.0,1.690155626367932e-06,0.794498308096332
US-7796790-B2,0.0020757654385054488,0.0,1.690155626367932e-06,0.7932434616883853
WO-2015089118-A1,0.0020757654385054488,0.0,1.690155626367932e-06,0.7142388800945243
CA-2978771-A1,0.025601107074900535,0.0,9.098383390711352e-05,0.7142388800945243
EP-2226026-A1,0.025601107074900535,0.0,9.098383390711352e-05,0.7142388800945243
EP-3275386-A1,0.025601107074900535,0.0,9.098383390711352e-05,0.7142388800945243
US-10456202-B2,0.025601107074900535,0.0,9.098383390711352e-05,0.7765675580856173
US-10492665-B2,0.025601107074900535,0.0,9.098383390711352e-05,0.7613931903784306
US-2001009976-A1,0.025601107074900535,0.0,9.098383390711352e-05,0.7968879202493129
US-2001029366-A1,0.025601107074900535,0.0,9.098383390711352e-05,0.736386846453912
US-2002087169-A1,0.22764227642276422,0.005325525283470263,0.029219902310063144,0.7623504027241632
US-2002177789-A1,0.025601107074900535,0.0,9.098383390711352e-05,0.7635422268024581
US-2003074011-A1,0.025601107074900535,0.0,9.098383390711352e-05,0.7858216537755083
US-2003135204-A1,0.22764227642276422,0.005325525283470263,0.029219902310063144,0.8080332142307713
US-2005182295-A1,0.025601107074900535,0.0,9.098383390711352e-05,0.7608654928902475
US-2007060879-A1,0.025601107074900535,0.0,9.098383390711352e-05,0.7669789871796328
US-2007162106-A1,0.025601107074900535,0.0,9.098383390711352e-05,0.7336659485550459
US-2008243142-A1,0.025601107074900535,0.0,9.098383390711352e-05,0.7834346399138628
US-2008300592-A1,0.025601107074900535,0.0,9.098383390711352e-05,0.8009799622952238
US-2009012618-A1,0.025601107074900535,0.0,9.098383390711352e-05,0.753959876746456
US-2009054884-A1,0.025601107074900535,0.0,9.098383390711352e-05,0.754896104934388
US-2009171196-A1,0.025601107074900535,0.0,9.098383390711352e-05,0.7764737861176764
US-2010081881-A1,0.025601107074900535,0.0,9.098383390711352e-05,0.799330747580183
US-2010228096-A1,0.025601107074900535,0.0,9.098383390711352e-05,0.7778096303025186
US-2010240960-A1,0.025601107074900535,0.0,9.098383390711352e-05,0.7746052048522406
US-2010312063-A1,0.025601107074900535,0.0,9.098383390711352e-05,0.7841656651475808
US-2010312065-A1,0.025601107074900535,0.0,9.098383390711352e-05,0.7691304555719504
US-2011152788-A1,0.025601107074900535,0.0,9.098383390711352e-05,0.7744522574321102
US-2011295074-A1,0.025601107074900535,0.0,9.098383390711352e-05,0.779044510821369
US-2012130188-A1,0.025601107074900535,0.0,9.098383390711352e-05,0.7400550822316398
US-2013266029-A1,0.025601107074900535,0.0,9.098383390711352e-05,0.7091360089438651
US-2014194732-A1,0.025601107074900535,0.0,9.098383390711352e-05,0.7767533829103369
US-2015145953-A1,0.22764227642276422,0.005325525283470263,0.029219902310063144,0.7587956778992955
US-2016007979-A1,0.025601107074900535,0.0,9.098383390711352e-05,0.758001103408322
US-2017024903-A1,0.025601107074900535,0.0,9.098383390711352e-05,0.7676086461431991
US-2017086653-A1,0.025601107074900535,0.0,9.098383390711352e-05,0.7871347091518927
US-2017172662-A1,0.025601107074900535,0.0,9.098383390711352e-05,0.7586504951804806
US-2018042680-A1,0.025601107074900535,0.0,9.098383390711352e-05,0.7900026394108157
US-2018070800-A1,0.025601107074900535,0.0,9.098383390711352e-05,0.7795867299179482
US-2018276877-A1,0.025601107074900535,0.0,9.098383390711352e-05,0.7794303183546825
US-2019117209-A1,0.025601107074900535,0.0,9.098383390711352e-05,0.775891458465674
US-2020037863-A1,0.025601107074900535,0.0,9.098383390711352e-05,0.7794302576594859
US-2020060524-A1,0.025601107074900535,0.0,9.098383390711352e-05,0.7443052215855643
US-2020178948-A1,0.025601107074900535,0.0,9.098383390711352e-05,0.7935866571198026
US-2020222078-A1,0.025601107074900535,0.0,9.098383390711352e-05,0.7335397607677596
US-2020306004-A1,0.025601107074900535,0.0,9.098383390711352e-05,0.7520615786707686
US-2021343088-A1,0.025601107074900535,0.0,9.098383390711352e-05,0.7478613870993894
US-2021345952-A1,0.025601107074900535,0.0,9.098383390711352e-05,0.7932930252603542
US-2021345953-A1,0.025601107074900535,0.0,9.098383390711352e-05,0.7498504495313625
US-2021346015-A1,0.025601107074900535,0.0,9.098383390711352e-05,0.7364215981185246
US-2021350895-A1,0.025601107074900535,0.0,9.098383390711352e-05,0.7910117724270184
US-2021350896-A1,0.025601107074900535,0.0,9.098383390711352e-05,0.7698684116773835
US-2021350897-A1,0.025601107074900535,0.0,9.098383390711352e-05,0.7436722968699836
US-2023110791-A1,0.025601107074900535,0.0,9.098383390711352e-05,0.8081275147452742
US-4445892-A,0.025601107074900535,0.0,9.098383390711352e-05,0.7471520105145807
US-5505700-A,0.025601107074900535,0.0,9.098383390711352e-05,0.7410378844322553
US-6004271-A,0.025601107074900535,0.0,9.098383390711352e-05,0.7538817894394677
US-6503195-B1,0.025601107074900535,0.0,9.098383390711352e-05,0.72071265210888
US-6530913-B1,0.025601107074900535,0.0,9.098383390711352e-05,0.7541316412408792
US-6544230-B1,0.025601107074900535,0.0,9.098383390711352e-05,0.7778551956770304
US-6610007-B2,0.025601107074900535,0.0,9.098383390711352e-05,0.7563151374323266
US-6669709-B1,0.025601107074900535,0.0,9.098383390711352e-05,0.7509475736047447
US-6905460-B2,0.025601107074900535,0.0,9.098383390711352e-05,0.7850051816983175
US-7371210-B2,0.025601107074900535,0.0,9.098383390711352e-05,0.7623504027241632
US-8052636-B2,0.025601107074900535,0.0,9.098383390711352e-05,0.7464472119850533
US-9269682-B2,0.025601107074900535,0.0,9.098383390711352e-05,0.7066132274424961
US-9861271-B2,0.025601107074900535,0.0,9.098383390711352e-05,0.7807375725445749
WO-2007081800-A2,0.025601107074900535,0.0,9.098383390711352e-05,0.7142388800945243
WO-2020018566-A1,0.025601107074900535,0.0,9.098383390711352e-05,0.7142388800945243
JP-2003148914-A,0.0070921985815602835,0.0,5.89481876281318e-12,0.7142388800945243
JP-2017045081-A,0.0070921985815602835,0.0,5.89481876281318e-12,0.7142388800945243
JP-2020069640-A,0.0070921985815602835,0.0,5.89481876281318e-12,0.7142388800945243
JP-2020196610-A,0.0070921985815602835,0.0,5.89481876281318e-12,0.7142388800945243
US-10053305-B2,0.0070921985815602835,0.0,5.89481876281318e-12,0.7355229559782344
US-10343857-B2,0.0070921985815602835,0.0,5.89481876281318e-12,0.7120859704718561
US-10369701-B1,0.0070921985815602835,0.0,5.89481876281318e-12,0.7490219663283043
US-10471597-B1,0.0070921985815602835,0.0,5.89481876281318e-12,0.7251706733903793
US-11007648-B2,0.0070921985815602835,0.0,5.89481876281318e-12,0.7104870433273648
US-11413762-B2,0.0070921985815602835,0.0,5.89481876281318e-12,0.7311116928725091
US-11565406-B2,0.0070921985815602835,0.0,5.89481876281318e-12,0.7114417573762669
US-2006112034-A1,0.0070921985815602835,0.0,5.89481876281318e-12,0.7444602019677531
US-2015203304-A1,0.0070921985815602835,0.0,5.89481876281318e-12,0.7121210246279731
US-2016089790-A1,0.0070921985815602835,0.0,5.89481876281318e-12,0.7222642077015725
US-2016297611-A1,0.0070921985815602835,0.0,5.89481876281318e-12,0.7358119491218705
US-2016347558-A1,0.0070921985815602835,0.0,5.89481876281318e-12,0.7354188187091811
US-2019070734-A1,0.0070921985815602835,0.0,5.89481876281318e-12,0.7105451595873821
US-2019389070-A1,0.0070921985815602835,0.0,5.89481876281318e-12,0.7311116928725091
US-2020139553-A1,0.0070921985815602835,0.0,5.89481876281318e-12,0.7446964221604815
US-2022161427-A1,0.0070921985815602835,0.0,5.89481876281318e-12,0.7114417573762669
US-4613269-A,0.0070921985815602835,0.0,5.89481876281318e-12,0.7306916002785724
US-8489229-B2,0.0070921985815602835,0.0,5.89481876281318e-12,0.7248765496519428
US-9327397-B1,0.0070921985815602835,0.0,5.89481876281318e-12,0.7358119491218705
US-9505129-B2,0.0070921985815602835,0.0,5.89481876281318e-12,0.7000703096716421
US-9579798-B2,0.0070921985815602835,0.0,5.89481876281318e-12,0.7222642077015725
US-9796540-B1,0.0070921985815602835,0.0,5.89481876281318e-12,0.7259433579923179
WO-2014145406-A1,0.0024217263449230237,0.0,2.6725431137303283e-05,0.7142388800945243
WO-2016004991-A1,0.0024217263449230237,0.0,2.6725431137303283e-05,0.7142388800945243
WO-2020139808-A2,0.002594706798131811,1.7999377520438884e-06,2.7283057470378404e-05,0.7142388800945243
WO-2020139809-A1,0.0024217263449230237,0.0,2.6725431137303283e-05,0.7142388800945243
WO-2020206216-A1,0.0024217263449230237,0.0,2.6725431137303283e-05,0.7142388800945243
EP-2907466-A1,0.0020757654385054488,0.0,5.327968020000843e-07,0.7142388800945243
US-2006053907-A1,0.0020757654385054488,0.0,5.327968020000843e-07,0.7238544764704197
US-2011264107-A1,0.0020757654385054488,0.0,5.327968020000843e-07,0.797466551393186
US-2018141215-A1,0.0020757654385054488,0.0,5.327968020000843e-07,0.7130326397622604
US-2019060014-A1,0.0020757654385054488,0.0,5.327968020000843e-07,0.7911272077557394
US-2020038125-A1,0.0020757654385054488,0.0,5.327968020000843e-07,0.769577945501876
US-2020170604-A1,0.0020757654385054488,0.0,5.327968020000843e-07,0.7969254355969795
US-2022022990-A1,0.0020757654385054488,0.0,5.327968020000843e-07,0.7666996253600915
US-6434507-B1,0.0020757654385054488,0.0,5.327968020000843e-07,0.7734978382362441
US-2016113720-A1,0.0003459609064175748,0.0,1.1032241116831122e-06,0.786244834258592
WO-2017091380-A1,0.0003459609064175748,0.0,1.1032241116831122e-06,0.7142388800945243
US-11189379-B2,0.011762670818197544,0.0,2.7078116298991834e-05,0.7911570162969598
US-11901065-B2,0.011762670818197544,0.0,2.7078116298991834e-05,0.7797398291406689
US-2023240788-A1,0.011589690364988756,0.0,2.7055020357441547e-05,0.7699044735466641
US-5891150-A,0.011762670818197544,0.0,2.7078116298991834e-05,0.769597261931791
WO-2021203082-A1,0.011762670818197544,0.0,2.7078116298991834e-05,0.7141242590312263
WO-2023034194-A1,0.011762670818197544,0.0,2.7078116298991834e-05,0.7141242590312263
WO-2023069347-A1,0.011762670818197544,0.0,2.7078116298991834e-05,0.7142388800945243
EP-1800593-A1,0.059851236810240446,0.0,0.000232483076134767,0.7142388800945243
EP-2158834-A1,0.059851236810240446,0.0,0.000232483076134767,0.7142388800945243
US-10123755-B2,0.059851236810240446,0.0,0.000232483076134767,0.7533174525749896
US-10123843-B2,0.059851236810240446,0.0,0.000232483076134767,0.7494437884770316
US-10130427-B2,0.059851236810240446,0.0,0.000232483076134767,0.7817861356751872
US-10206746-B2,0.059851236810240446,0.0,0.000232483076134767,0.7010910301425725
US-10346976-B2,0.059851236810240446,0.0,0.000232483076134767,0.7468868826097923
US-10675101-B2,0.059851236810240446,0.0,0.000232483076134767,0.7010910301425725
US-10688283-B2,0.059851236810240446,0.0,0.000232483076134767,0.7553508195098487
US-10849702-B2,0.059851236810240446,0.0,0.000232483076134767,0.7916126193479599
US-2002077533-A1,0.059851236810240446,0.0,0.000232483076134767,0.8010948171512683
US-2002161280-A1,0.059851236810240446,0.0,0.000232483076134767,0.7293509518718885
US-2002173878-A1,0.059851236810240446,0.0,0.000232483076134767,0.7193322269930927
US-2004047044-A1,0.059851236810240446,0.0,0.000232483076134767,0.7578281340798505
US-2004263535-A1,0.059851236810240446,0.0,0.000232483076134767,0.7723460064720011
US-2005085714-A1,0.059851236810240446,0.0,0.000232483076134767,0.7875907759103797
US-2005222554-A1,0.059851236810240446,0.0,0.000232483076134767,0.7603618971944431
US-2006025676-A1,0.059851236810240446,0.0,0.000232483076134767,0.7787198786070884
US-2006079745-A1,0.059851236810240446,0.0,0.000232483076134767,0.8027152288552449
US-2006095022-A1,0.059851236810240446,0.0,0.000232483076134767,0.7748763619145634
US-2006146010-A1,0.059851236810240446,0.0,0.000232483076134767,0.7990102680478121
US-2006173290-A1,0.059851236810240446,0.0,0.000232483076134767,0.7897965106899356
US-2007083098-A1,0.059851236810240446,0.0,0.000232483076134767,0.7817580678704228
US-2007138992-A1,0.059851236810240446,0.0,0.000232483076134767,0.77592244475163
US-2007144298-A1,0.059851236810240446,0.0,0.000232483076134767,0.8058573391557197
US-2007185486-A1,0.059851236810240446,0.0,0.000232483076134767,0.7812524008254448
US-2008027313-A1,0.059851236810240446,0.0,0.000232483076134767,0.7503496210250111
US-2008033442-A1,0.059851236810240446,0.0,0.000232483076134767,0.7660488588566741
US-2008082109-A1,0.059851236810240446,0.0,0.000232483076134767,0.7933468085028058
US-2008097465-A1,0.059851236810240446,0.0,0.000232483076134767,0.7512208922786096
US-2008108870-A1,0.059851236810240446,0.0,0.000232483076134767,0.7339612801725507
US-2008140087-A1,0.059851236810240446,0.0,0.000232483076134767,0.7419569917287427
US-2008161829-A1,0.059851236810240446,0.0,0.000232483076134767,0.7209553714533582
US-2008183068-A1,0.059851236810240446,0.0,0.000232483076134767,0.7854519928480554
US-2008183188-A1,0.059851236810240446,0.0,0.000232483076134767,0.7929996008895904
US-2009248036-A1,0.059851236810240446,0.0,0.000232483076134767,0.7709587654024032
US-2009259230-A1,0.059851236810240446,0.0,0.000232483076134767,0.7624725117651189
US-2009259412-A1,0.059851236810240446,0.0,0.000232483076134767,0.7252119746445268
US-2009326322-A1,0.059851236810240446,0.0,0.000232483076134767,0.8071507102647133
US-2009326556-A1,0.059851236810240446,0.0,0.000232483076134767,0.8020159730669406
US-2010019890-A1,0.059851236810240446,0.0,0.000232483076134767,0.734931201473224
US-2010039506-A1,0.059851236810240446,0.0,0.000232483076134767,0.7751119573678134
US-2010076263-A1,0.059851236810240446,0.0,0.000232483076134767,0.7537744308788508
US-2010121269-A1,0.059851236810240446,0.0,0.000232483076134767,0.7725386915669097
US-2010125284-A1,0.059851236810240446,0.0,0.000232483076134767,0.7914910196802182
US-2010204613-A1,0.059851236810240446,0.0,0.000232483076134767,0.7502086525242091
US-2010286847-A1,0.059851236810240446,0.0,0.000232483076134767,0.7314810659758648
US-2010328455-A1,0.059851236810240446,0.0,0.000232483076134767,0.7267703676738893
US-2011021926-A1,0.059851236810240446,0.0,0.000232483076134767,0.7366553714132202
US-2011118748-A1,0.059851236810240446,0.0,0.000232483076134767,0.7932283454264841
US-2011118752-A1,0.059851236810240446,0.0,0.000232483076134767,0.7816323255736456
US-2011118753-A1,0.059851236810240446,0.0,0.000232483076134767,0.7816323255736456
US-2011130718-A1,0.059851236810240446,0.0,0.000232483076134767,0.7574898595245761
US-2011196199-A1,0.059851236810240446,0.0,0.000232483076134767,0.7400149714319173
US-2011235855-A1,0.059851236810240446,0.0,0.000232483076134767,0.6880716796701373
US-2011238010-A1,0.059851236810240446,0.0,0.000232483076134767,0.7650987610397212
US-2011248987-A1,0.059851236810240446,0.0,0.000232483076134767,0.7290232896115545
US-2011276058-A1,0.059851236810240446,0.0,0.000232483076134767,0.7724230003176664
US-2012059392-A1,0.059851236810240446,0.0,0.000232483076134767,0.7842215637835577
US-2012071752-A1,0.059851236810240446,0.0,0.000232483076134767,0.770498063671773
US-2012071891-A1,0.059851236810240446,0.0,0.000232483076134767,0.7816323255736456
US-2012071892-A1,0.059851236810240446,0.0,0.000232483076134767,0.7816323255736456
US-2012071894-A1,0.059851236810240446,0.0,0.000232483076134767,0.7917070014334195
US-2012075638-A1,0.059851236810240446,0.0,0.000232483076134767,0.7730903624656752
US-2012078053-A1,0.059851236810240446,0.0,0.000232483076134767,0.7592947600206023
US-2012103123-A1,0.059851236810240446,0.0,0.000232483076134767,0.7035732495574312
US-2012191107-A1,0.059851236810240446,0.0,0.000232483076134767,0.7817861356751872
US-2012203067-A1,0.059851236810240446,0.0,0.000232483076134767,0.7603799514972315
US-2012253276-A1,0.059851236810240446,0.0,0.000232483076134767,0.7634966971561347
US-2012296161-A1,0.059851236810240446,0.0,0.000232483076134767,0.7614964253808711
US-2012314022-A1,0.059851236810240446,0.0,0.000232483076134767,0.7259909411142775
US-2013018306-A1,0.059851236810240446,0.0,0.000232483076134767,0.7397782817971765
US-2013030363-A1,0.059851236810240446,0.0,0.000232483076134767,0.7489133687873004
US-2013165854-A1,0.059851236810240446,0.0,0.000232483076134767,0.7598640142624294
US-2013245375-A1,0.059851236810240446,0.0,0.000232483076134767,0.7895288938234452
US-2014111457-A1,0.059851236810240446,0.0,0.000232483076134767,0.7057268421846528
US-2014222204-A1,0.059851236810240446,0.0,0.000232483076134767,0.7046101106823957
US-2014257334-A1,0.059851236810240446,0.0,0.000232483076134767,0.7950752678390677
US-2014264081-A1,0.059851236810240446,0.0,0.000232483076134767,0.7505952823779957
US-2014276392-A1,0.059851236810240446,0.0,0.000232483076134767,0.7515369016712353
US-2014276394-A1,0.059851236810240446,0.0,0.000232483076134767,0.7494437884770316
US-2014276646-A1,0.059851236810240446,0.0,0.000232483076134767,0.7553508195098487
US-2014276934-A1,0.059851236810240446,0.0,0.000232483076134767,0.7160609652459344
US-2014276936-A1,0.059851236810240446,0.0,0.000232483076134767,0.7021739299451476
US-2014276937-A1,0.059851236810240446,0.0,0.000232483076134767,0.7973541223201962
US-2014277333-A1,0.059851236810240446,0.0,0.000232483076134767,0.7472054772209203
US-2014277334-A1,0.059851236810240446,0.0,0.000232483076134767,0.7210001979958195
US-2014277747-A1,0.059851236810240446,0.0,0.000232483076134767,0.7010910301425725
US-2015018622-A1,0.059851236810240446,0.0,0.000232483076134767,0.7952385357799399
US-2015105747-A1,0.059851236810240446,0.0,0.000232483076134767,0.7502086525242091
US-2015223902-A1,0.059851236810240446,0.0,0.000232483076134767,0.81694396725068
US-2015224845-A1,0.059851236810240446,0.0,0.000232483076134767,0.7070261945261443
US-2015265807-A1,0.059851236810240446,0.0,0.000232483076134767,0.7728007449617099
US-2015290454-A1,0.059851236810240446,0.0,0.000232483076134767,0.7398433593410871
US-2015375399-A1,0.059851236810240446,0.0,0.000232483076134767,0.770647981714801
US-2016007881-A1,0.059851236810240446,0.0,0.000232483076134767,0.7370361167077558
US-2016098095-A1,0.059851236810240446,0.0,0.000232483076134767,0.7428307867418218
US-2016202053-A1,0.26171942570489537,0.014036105793846797,0.029311244917453454,0.7533174525749896
US-2016213436-A1,0.059851236810240446,0.0,0.000232483076134767,0.761133303547841
US-2016213884-A1,0.059851236810240446,0.0,0.000232483076134767,0.7663545025308319
US-2016256069-A1,0.059851236810240446,0.0,0.000232483076134767,0.7871058757751613
US-2016314710-A1,0.059851236810240446,0.0,0.000232483076134767,0.7971220563402687
US-2016314716-A1,0.059851236810240446,0.0,0.000232483076134767,0.7992299877726186
US-2016314717-A1,0.059851236810240446,0.0,0.000232483076134767,0.7926622313613697
US-2017065356-A1,0.059851236810240446,0.0,0.000232483076134767,0.7158243640865722
US-2017172664-A1,0.059851236810240446,0.0,0.000232483076134767,0.77378674852263
US-2017209224-A1,0.059851236810240446,0.0,0.000232483076134767,0.8040509839812764
US-2018056044-A1,0.059851236810240446,0.0,0.000232483076134767,0.7489359150499126
US-2018078321-A1,0.059851236810240446,0.0,0.000232483076134767,0.7472578878993189
US-2019090969-A1,0.059851236810240446,0.0,0.000232483076134767,0.7958075092325737
US-2019151032-A1,0.059851236810240446,0.0,0.000232483076134767,0.7801465440250139
US-2019175062-A1,0.059851236810240446,0.0,0.000232483076134767,0.7907422524695374
US-2019175799-A1,0.059851236810240446,0.0,0.000232483076134767,0.7833372063497952
US-2019371012-A1,0.059851236810240446,0.0,0.000232483076134767,0.7689238658523414
US-2020305922-A1,0.059851236810240446,0.0,0.000232483076134767,0.7764078068501602
US-2020345432-A1,0.059851236810240446,0.0,0.000232483076134767,0.7010910301425725
US-4771262-A,0.059851236810240446,0.0,0.000232483076134767,0.7094374368547761
US-4896554-A,0.059851236810240446,0.0,0.000232483076134767,0.7244192709022858
US-5008528-A,0.059851236810240446,0.0,0.000232483076134767,0.7226626033260303
US-5176310-A,0.059851236810240446,0.0,0.000232483076134767,0.7089953519628773
US-5280781-A,0.059851236810240446,0.0,0.000232483076134767,0.7446300873071757
US-5398691-A,0.059851236810240446,0.0,0.000232483076134767,0.7477972059731376
US-5499632-A,0.059851236810240446,0.0,0.000232483076134767,0.7397029746102982
US-5524180-A,0.059851236810240446,0.0,0.000232483076134767,0.7801564262530228
US-5526812-A,0.059851236810240446,0.0,0.000232483076134767,0.7989481313299076
US-5631973-A,0.059851236810240446,0.0,0.000232483076134767,0.7559183704471366
US-5713946-A,0.059851236810240446,0.0,0.000232483076134767,0.7718965645355925
US-5749362-A,0.059851236810240446,0.0,0.000232483076134767,0.7439904275265564
US-5762458-A,0.26171942570489537,0.014036105793846797,0.029311244917453457,0.7850051816983175
US-5831614-A,0.059851236810240446,0.0,0.000232483076134767,0.7209914060757856
US-5859934-A,0.059851236810240446,0.0,0.000232483076134767,0.7559183704471366
US-5899851-A,0.059851236810240446,0.0,0.000232483076134767,0.7384735134115421
US-5951475-A,0.059851236810240446,0.0,0.000232483076134767,0.7867745629738175
US-5963770-A,0.059851236810240446,0.0,0.000232483076134767,0.7206883870490891
US-6007550-A,0.059851236810240446,0.0,0.000232483076134767,0.7850051816983175
US-6016439-A,0.059851236810240446,0.0,0.000232483076134767,0.7961454848745438
US-6038467-A,0.059851236810240446,0.0,0.000232483076134767,0.7825988216633125
US-6096004-A,0.059851236810240446,0.0,0.000232483076134767,0.7520223407008368
US-6226543-B1,0.059851236810240446,0.0,0.000232483076134767,0.7656895422229234
US-6272371-B1,0.059851236810240446,0.0,0.000232483076134767,0.760977154365179
US-6425865-B1,0.059851236810240446,0.0,0.000232483076134767,0.7796059397634867
US-6466198-B1,0.059851236810240446,0.0,0.000232483076134767,0.7205420253298851
US-6490467-B1,0.059851236810240446,0.0,0.000232483076134767,0.8040375172696568
US-6516421-B1,0.059851236810240446,0.0,0.000232483076134767,0.7007875251992184
US-6726675-B1,0.059851236810240446,0.0,0.000232483076134767,0.7586612885802358
US-6856827-B2,0.059851236810240446,0.0,0.000232483076134767,0.7895308974155372
US-7155315-B2,0.059851236810240446,0.0,0.000232483076134767,0.7440808934941155
US-7594925-B2,0.059851236810240446,0.0,0.000232483076134767,0.7638583562395866
US-8180114-B2,0.059851236810240446,0.0,0.000232483076134767,0.7139760843082962
US-8718837-B2,0.059851236810240446,0.0,0.000232483076134767,0.7252902563816901
US-8894610-B2,0.059851236810240446,0.0,0.000232483076134767,0.7427474457486487
US-8971597-B2,0.059851236810240446,0.0,0.000232483076134767,0.7895222997048844
US-9014851-B2,0.2615464452516866,0.013737813493521723,0.029310782384051152,0.7972923053808764
US-9057600-B2,0.059851236810240446,0.0,0.000232483076134767,0.7505952823779957
US-9138166-B2,0.059851236810240446,0.0,0.000232483076134767,0.7370361167077558
US-9241767-B2,0.059851236810240446,0.0,0.000232483076134767,0.7806315258591245
US-9283046-B2,0.059851236810240446,0.0,0.000232483076134767,0.7010910301425725
US-9289578-B2,0.059851236810240446,0.0,0.000232483076134767,0.7533174525749896
US-9498291-B2,0.059851236810240446,0.0,0.000232483076134767,0.7158243640865722
US-9503681-B1,0.059851236810240446,0.0,0.000232483076134767,0.7251221529203442
US-9532840-B2,0.059851236810240446,0.0,0.000232483076134767,0.7950752678390677
US-9561019-B2,0.059851236810240446,0.0,0.000232483076134767,0.7733750979756068
US-9566414-B2,0.059851236810240446,0.0,0.000232483076134767,0.7553508195098487
US-9629595-B2,0.059851236810240446,0.0,0.000232483076134767,0.8040509839812764
US-9710921-B2,0.059851236810240446,0.0,0.000232483076134767,0.7972923053808764
US-9770216-B2,0.059851236810240446,0.0,0.000232483076134767,0.7680283093424213
US-9827061-B2,0.059851236810240446,0.0,0.000232483076134767,0.7158243640865722
US-9844353-B2,0.059851236810240446,0.0,0.000232483076134767,0.7533174525749896
WO-03086190-A1,0.059851236810240446,0.0,0.000232483076134767,0.7142388800945243
WO-2008049088-A2,0.059851236810240446,0.0,0.000232483076134767,0.7142388800945243
WO-2010025522-A1,0.059851236810240446,0.0,0.000232483076134767,0.7142388800945243
CA-2689511-A1,0.010378827192527244,0.0,0.00010859810715100152,0.7142388800945243
EP-1571581-A1,0.010378827192527244,0.0,0.00010859810715100152,0.7142388800945243
EP-2962666-A1,0.010551807645736032,4.943685208733657e-06,0.000133535696089695,0.7141242590312263
EP-3089710-A1,0.010378827192527244,0.0,0.00010859810715100152,0.7142388800945243
EP-3190531-A1,0.010378827192527244,0.0,0.00010859810715100152,0.7142388800945243
JP-2013539379-A,0.010378827192527244,0.0,0.00010859810715100152,0.7142388800945243
JP-2015057165-A,0.010378827192527244,0.0,0.00010859810715100152,0.7142388800945243
JP-2017500964-A,0.010378827192527244,0.0,0.00010859810715100152,0.7142388800945243
US-10085804-B2,0.010378827192527244,0.0,0.00010859810715100152,0.8206749003571239
US-10194919-B2,0.010378827192527244,0.0,0.00010859810715100152,0.7871601592373771
US-10314599-B2,0.010378827192527244,0.0,0.00010859810715100152,0.7789189315432923
US-11432945-B2,0.010378827192527244,0.0,0.00010859810715100152,0.796565806459671
US-2003153978-A1,0.2127659574468085,0.002404524548410563,0.0292129604408471,0.7706203872403892
US-2006142656-A1,0.010378827192527244,0.0,0.00010859810715100152,0.7584096657516886
US-2009209884-A1,0.010378827192527244,0.0,0.00010859810715100152,0.812693338835725
US-2010153081-A1,0.010551807645736032,1.9134637323414052e-06,0.00010949849967404078,0.7844903073297765
US-2011029093-A1,0.21778239058986334,0.005544588237031817,0.029215436321364772,0.8055937364563795
US-2011087332-A1,0.2127659574468085,0.002401513979267851,0.02921297985663598,0.8055892320336847
US-2011092804-A1,0.010378827192527244,0.0,0.00010859810715100152,0.8014534726229662
US-2013144392-A1,0.010378827192527244,0.0,0.00010859810715100152,0.8099129690140434
US-2013211531-A1,0.2127659574468085,0.0024063266325329165,0.02921297985663598,0.8055937364563795
US-2013211792-A1,0.015568240788790867,0.0002536760798912285,0.00013639831506515957,0.7619500458581332
US-2014066937-A1,0.010378827192527244,0.0,0.00010859810715100152,0.8034851874131226
US-2014244220-A1,0.01072478809894482,8.095575845030779e-06,0.00015847385129034216,0.790476454646254
US-2014324182-A1,0.010897768552153606,8.426072946231038e-06,0.00018341216009516899,0.7794164625746564
US-2015080717-A1,0.010378827192527244,0.0,0.00010859810715100152,0.7918644082057908
US-2016045268-A1,0.010378827192527244,0.0,0.00010859810715100152,0.8351849613779917
US-2016045317-A1,0.010378827192527244,0.0,0.00010859810715100152,0.8156680332296883
US-2017000562-A1,0.010378827192527244,0.0,0.00010859810715100152,0.7957976605618287
US-2017020609-A1,0.010378827192527244,0.0,0.00010859810715100152,0.8229212236282514
US-2017086859-A1,0.010378827192527244,0.0,0.00010859810715100152,0.7922073545330528
US-2017181755-A1,0.010378827192527244,0.0,0.00010859810715100152,0.8500591150763754
US-2017360513-A1,0.010378827192527244,0.0,0.00010859810715100152,0.7822151381216221
US-2018036083-A1,0.010378827192527244,0.0,0.00010859810715100152,0.7747094571658997
US-2018253838-A1,0.010378827192527244,0.0,0.00010859810715100152,0.836332855991735
US-2018353298-A1,0.01072478809894482,3.673804802412194e-06,0.00011012612057879721,0.7886748686948339
US-2019015119-A1,0.010378827192527244,0.0,0.00010859810715100152,0.7553411541674071
US-2019133775-A1,0.010378827192527244,0.0,0.00010859810715100152,0.7824721604857897
US-2019183411-A1,0.01072478809894482,3.482387737497381e-06,0.00015847457115647547,0.7989189676730402
US-2019282245-A1,0.010378827192527244,0.0,0.00010859810715100152,0.7825352409038207
US-2021007806-A1,0.010378827192527244,0.0,0.00010859810715100152,0.7928454254907064
US-9101393-B2,0.010378827192527244,0.0,0.00010859810715100152,0.785207824518722
US-9358117-B2,0.010378827192527244,0.0,0.00010859810715100152,0.759388008795642
US-9649195-B2,0.010378827192527244,0.0,0.00010859810715100152,0.7662150598024912
US-9668871-B2,0.010551807645736032,1.7603410700707887e-06,0.00010922572805575793,0.7717304991533316
US-9724109-B2,0.010378827192527244,0.0,0.00010859810715100152,0.7684299431003457
US-9842394-B2,0.010378827192527244,0.0,0.00010859810715100152,0.7701655737074226
WO-2010151564-A1,0.010378827192527244,0.0,0.00010859810715100152,0.7142388800945243
WO-2013101753-A1,0.010378827192527244,0.0,0.00010859810715100152,0.7142388800945243
WO-2016102025-A1,0.010551807645736032,1.7603410700707887e-06,0.00010922572805575793,0.7142388800945243
WO-2017200785-A1,0.010551807645736032,1.9134637323414052e-06,0.00010949849967404078,0.7142388800945243
AU-2015218522-A1,0.011762670818197544,0.0,1.2029509775565368e-06,0.7142388800945243
BR-112013030509-B1,0.011762670818197544,0.0,1.2029509775565368e-06,0.7142388800945243
CA-3068216-A1,0.011762670818197544,0.0,1.2029509775565368e-06,0.7142388800945243
CN-102688129-A,0.011762670818197544,0.0,1.2029509775565368e-06,0.7142388800945243
CN-102892376-A,0.011762670818197544,0.0,1.2029509775565368e-06,0.7142388800945243
CN-107283436-A,0.011762670818197544,0.0,1.2029509775565368e-06,0.7142388800945243
CN-108227506-A,0.011762670818197544,0.0,1.2029509775565368e-06,0.7142388800945243
CN-109259863-A,0.011762670818197544,0.0,1.2029509775565368e-06,0.7142388800945243
CN-109397245-A,0.011762670818197544,0.0,1.2029509775565368e-06,0.7142388800945243
CN-207874211-U,0.011762670818197544,0.0,1.2029509775565368e-06,0.7142388800945243
EP-3505079-B1,0.011762670818197544,0.0,1.2029509775565368e-06,0.7142388800945243
EP-3797715-A1,0.011762670818197544,0.0,1.2029509775565368e-06,0.7142388800945243
GB-2345051-A,0.011762670818197544,0.0,1.2029509775565368e-06,0.7142388800945243
GB-2509814-A,0.011762670818197544,0.0,1.2029509775565368e-06,0.7142388800945243
GB-2527207-A,0.011762670818197544,0.0,1.2029509775565368e-06,0.7142388800945243
JP-2008119820-A,0.011762670818197544,0.0,1.2029509775565368e-06,0.7142388800945243
JP-2008260117-A,0.011762670818197544,0.0,1.2029509775565368e-06,0.7142388800945243
KR-101819531-B1,0.011762670818197544,0.0,1.2029509775565368e-06,0.7142388800945243
KR-101872282-B1,0.011762670818197544,0.0,1.2029509775565368e-06,0.7142388800945243
KR-20110054850-A,0.011762670818197544,0.0,1.2029509775565368e-06,0.7142388800945243
KR-20120126934-A,0.011762670818197544,0.0,1.2029509775565368e-06,0.7142388800945243
US-10136947-B2,0.011762670818197544,0.0,1.2029509775565368e-06,0.7902557919584611
US-10687915-B2,0.011762670818197544,0.0,1.2029509775565368e-06,0.779460811233435
US-2004251656-A1,0.011762670818197544,0.0,1.2029509775565368e-06,0.7167310995336449
US-2007112458-A1,0.011762670818197544,0.0,1.2029509775565368e-06,0.7177377938867896
US-2011045194-A1,0.011762670818197544,0.0,1.2029509775565368e-06,0.716793347259759
US-2011288573-A1,0.011762670818197544,0.0,1.2029509775565368e-06,0.7646774912204408
US-2011290854-A1,0.011762670818197544,0.0,1.2029509775565368e-06,0.7603352458485791
US-2012010749-A1,0.011762670818197544,0.0,1.2029509775565368e-06,0.7496395544965134
US-2012328395-A1,0.011762670818197544,0.0,1.2029509775565368e-06,0.7283873807822677
US-2013325244-A1,0.011762670818197544,0.0,1.2029509775565368e-06,0.7252902563816901
US-2014088761-A1,0.011762670818197544,0.0,1.2029509775565368e-06,0.716878639569486
US-2014200713-A1,0.011762670818197544,0.0,1.2029509775565368e-06,0.7168960323000739
US-2015359694-A1,0.011762670818197544,0.0,1.2029509775565368e-06,0.7463591387324695
US-2017348931-A1,0.011762670818197544,0.0,1.2029509775565368e-06,0.7140654681097177
US-2018014988-A1,0.011762670818197544,0.0,1.2029509775565368e-06,0.7332518353845909
US-2019049977-A1,0.011762670818197544,0.0,1.2029509775565368e-06,0.7319096173322521
US-2019105776-A1,0.011762670818197544,0.0,1.2029509775565368e-06,0.7787529048145332
US-2019107454-A1,0.011762670818197544,0.0,1.2029509775565368e-06,0.7326811125223268
US-2019248002-A1,0.011762670818197544,0.0,1.2029509775565368e-06,0.7384890205266683
US-2019248013-A1,0.011762670818197544,0.0,1.2029509775565368e-06,0.7384890205266683
US-2019248016-A1,0.011762670818197544,0.0,1.2029509775565368e-06,0.7384890205266683
US-2019327394-A1,0.011762670818197544,0.0,1.2029509775565368e-06,0.7582052390820277
US-2020008899-A1,0.011762670818197544,0.0,1.2029509775565368e-06,0.721731968300949
US-2020100845-A1,0.011762670818197544,0.0,1.2029509775565368e-06,0.7992417079940821
US-2020405406-A1,0.011762670818197544,0.0,1.2029509775565368e-06,0.7648321506388308
US-2022015773-A1,0.011762670818197544,0.0,1.2029509775565368e-06,0.7483950017334806
US-2022126438-A1,0.011762670818197544,0.0,1.2029509775565368e-06,0.7337663537506698
US-2022225982-A1,0.011762670818197544,0.0,1.2029509775565368e-06,0.787069409958467
US-2022234194-A1,0.011762670818197544,0.0,1.2029509775565368e-06,0.7384838822251906
US-2022387031-A1,0.011762670818197544,0.0,1.2029509775565368e-06,0.7668280782263108
US-4119900-A,0.011762670818197544,0.0,1.2029509775565368e-06,0.7046338596558781
US-8065051-B2,0.011762670818197544,0.0,1.2029509775565368e-06,0.7064235952872896
US-8380350-B2,0.011762670818197544,0.0,1.2029509775565368e-06,0.707092583739798
US-8968332-B2,0.011762670818197544,0.0,1.2029509775565368e-06,0.7855046133698295
WO-2007050407-A1,0.011762670818197544,0.0,1.2029509775565368e-06,0.7142388800945243
WO-2011076240-A1,0.011762670818197544,0.0,1.2029509775565368e-06,0.7142388800945243
WO-2012149446-A2,0.011762670818197544,0.0,1.2029509775565368e-06,0.7142388800945243
WO-2012166517-A1,0.011762670818197544,0.0,1.2029509775565368e-06,0.7142388800945243
WO-2014122752-A1,0.011762670818197544,0.0,1.2029509775565368e-06,0.7142388800945243
WO-2015137040-A1,0.011762670818197544,0.0,1.2029509775565368e-06,0.7142388800945243
WO-2016042704-A1,0.011762670818197544,0.0,1.2029509775565368e-06,0.7142388800945243
WO-2018063100-A2,0.011762670818197544,0.0,1.2029509775565368e-06,0.7142388800945243
WO-2020214787-A1,0.011762670818197544,0.0,1.2029509775565368e-06,0.7142388800945243
US-6254605-B1,0.011589690364988756,0.0,2.7055020357441547e-05,0.7718643635167551
US-11583361-B1,0.0001729804532087874,0.0,3.5323749750857917e-08,0.7981843119148408
CA-2641580-A1,0.20238713025428126,0.0,0.029203749958773007,0.7142388800945243
CA-2660827-A1,0.20238713025428126,0.0,0.029203749958773007,0.7142388800945243
CA-2698057-A1,0.20238713025428126,0.0,0.029203749958773007,0.7142388800945243
DE-1903016-U,0.20238713025428126,0.0,0.029203749958773007,0.7141624674860947
DE-1903316-A1,0.20238713025428126,0.0,0.029203749958773007,0.7142388800945243
DE-3517204-A1,0.20238713025428126,0.0,0.029203749958773007,0.7142246901998855
DE-3722538-A1,0.20238713025428126,0.0,0.029203749958773007,0.7143748803527328
DE-9002844-U1,0.20238713025428126,0.0,0.029203749958773007,0.7142388800945243
EP-0773004-A1,0.20238713025428126,0.0,0.029203749958773007,0.7142388800945243
EP-0784454-A1,0.20238713025428126,0.0,0.029203749958773007,0.7141242590312263
EP-1614525-A1,0.20238713025428126,0.0,0.029203749958773007,0.7142388800945243
EP-1988837-A2,0.20238713025428126,0.0,0.029203749958773007,0.7142388800945243
EP-2134294-A2,0.20238713025428126,0.0,0.029203749958773007,0.7142388800945243
FR-2696338-A1,0.20238713025428126,0.0,0.029203749958773007,0.7142388800945243
FR-2717368-A1,0.20238713025428126,0.0,0.029203749958773007,0.7142388800945243
FR-2728779-A1,0.20238713025428126,0.0,0.029203749958773007,0.7142388800945243
FR-2736257-A1,0.20238713025428126,0.0,0.029203749958773007,0.7142388800945243
FR-2750031-A1,0.20238713025428126,0.0,0.029203749958773007,0.7142388800945243
FR-2771621-A1,0.20238713025428126,0.0,0.029203749958773007,0.7142388800945243
FR-2785171-A1,0.20238713025428126,0.0,0.029203749958773007,0.7142388800945243
GB-2093701-A,0.20238713025428126,0.0,0.029203749958773007,0.7142388800945243
GB-2306110-A,0.20238713025428126,0.0,0.029203749958773007,0.7142388800945243
JP-H08140982-A,0.20238713025428126,0.0,0.029203749958773007,0.7142388800945243
RU-184396-U1,0.20238713025428126,0.0,0.029203749958773007,0.7143748803527328
US-10058393-B2,0.20238713025428126,0.0,0.029203749958773007,0.8014466469794065
US-10194801-B2,0.20238713025428126,0.0,0.029203749958773007,0.7462277126584274
US-10368951-B2,0.20238713025428126,0.0,0.029203749958773007,0.7464472119850533
US-10433763-B2,0.20238713025428126,0.0,0.029203749958773007,0.7988571731838141
US-10594931-B2,0.20238713025428126,0.0,0.029203749958773007,0.7635173255495645
US-10672134-B2,0.20238713025428126,0.0,0.029203749958773007,0.7102580930530001
US-10687784-B2,0.20238713025428126,0.0,0.029203749958773007,0.7865838205203226
US-10765484-B2,0.20238713025428126,0.0,0.029203749958773007,0.8014466469794065
US-10828786-B2,0.20238713025428126,0.0,0.029203749958773007,0.7372537461933013
US-10974069-B2,0.20238713025428126,0.0,0.029203749958773007,0.7754795485081049
US-11197651-B2,0.20238713025428126,0.0,0.029203749958773007,0.7707576575696373
US-11229362-B2,0.20238713025428126,0.0,0.029203749958773007,0.7603951836772568
US-11317974-B2,0.20238713025428126,0.0,0.029203749958773007,0.7963429234884116
US-2001002440-A1,0.20238713025428126,0.0,0.029203749958773007,0.7572477884122893
US-2001005975-A1,0.20238713025428126,0.0,0.029203749958773007,0.7370335365301173
US-2001009250-A1,0.20238713025428126,0.0,0.029203749958773007,0.7148090919029249
US-2001041916-A1,0.20238713025428126,0.0,0.029203749958773007,0.7635436988798397
US-2001049497-A1,0.20238713025428126,0.0,0.029203749958773007,0.7654872983525023
US-2002016593-A1,0.20238713025428126,0.0,0.029203749958773007,0.7701384247647596
US-2002016633-A1,0.20238713025428126,0.0,0.029203749958773007,0.7851598553658855
US-2002019649-A1,0.20238713025428126,0.0,0.029203749958773007,0.7661286408109101
US-2002026244-A1,0.20238713025428126,0.0,0.029203749958773007,0.7522780606575289
US-2002029083-A1,0.20238713025428126,0.0,0.029203749958773007,0.7460171388162256
US-2002029084-A1,0.20238713025428126,0.0,0.029203749958773007,0.8055011844009694
US-2002038118-A1,0.20238713025428126,0.0,0.029203749958773007,0.8377244508293757
US-2002045888-A1,0.20238713025428126,0.0,0.029203749958773007,0.7814414551832536
US-2002045902-A1,0.20238713025428126,0.0,0.029203749958773007,0.7933473038332144
US-2002049449-A1,0.20238713025428126,0.0,0.029203749958773007,0.8264909517246735
US-2002062136-A1,0.20238713025428126,0.0,0.029203749958773007,0.7615485766133834
US-2002062153-A1,0.20238713025428126,0.0,0.029203749958773007,0.7700768970628423
US-2002087049-A1,0.20238713025428126,0.0,0.029203749958773007,0.7623504027241632
US-2002087148-A1,0.20238713025428126,0.0,0.029203749958773007,0.7623504027241632
US-2002087166-A1,0.20238713025428126,0.0,0.029203749958773007,0.7623504027241632
US-2002095175-A1,0.20238713025428126,0.0,0.029203749958773007,0.7623557233546576
US-2002103495-A1,0.20238713025428126,0.0,0.029203749958773007,0.7601907689735974
US-2002115934-A1,0.20238713025428126,0.0,0.029203749958773007,0.8044038794849329
US-2002120252-A1,0.20238713025428126,0.0,0.029203749958773007,0.7911768080049069
US-2002123750-A1,0.20238713025428126,0.0,0.029203749958773007,0.7979306418003245
US-2002128633-A1,0.20238713025428126,0.0,0.029203749958773007,0.7921711227581152
US-2002128661-A1,0.20238713025428126,0.0,0.029203749958773007,0.7785863893939485
US-2002128662-A1,0.20238713025428126,0.0,0.029203749958773007,0.781788413245137
US-2002133173-A1,0.20238713025428126,0.0,0.029203749958773007,0.7853273452673944
US-2002133175-A1,0.20238713025428126,0.0,0.029203749958773007,0.818264096760608
US-2002138082-A1,0.20238713025428126,0.0,0.029203749958773007,0.8143652259556253
US-2002138109-A1,0.20238713025428126,0.0,0.029203749958773007,0.7847262311907556
US-2002143319-A1,0.20238713025428126,0.0,0.029203749958773007,0.7667366575490445
US-2002183762-A1,0.20238713025428126,0.0,0.029203749958773007,0.7924779165081591
US-2002183851-A1,0.20238713025428126,0.0,0.029203749958773007,0.7575599395669982
US-2002188301-A1,0.20238713025428126,0.0,0.029203749958773007,0.7863539994572376
US-2003014064-A1,0.20238713025428126,0.0,0.029203749958773007,0.7646055514104683
US-2003028196-A1,0.20238713025428126,0.0,0.029203749958773007,0.8170146075816419
US-2003039196-A1,0.20238713025428126,0.0,0.029203749958773007,0.7196391021967679
US-2003040758-A1,0.20238713025428126,0.0,0.029203749958773007,0.7600775199225305
US-2003045900-A1,0.20238713025428126,0.0,0.029203749958773007,0.7726671448532871
US-2003055409-A1,0.20238713025428126,0.0,0.029203749958773007,0.7604768511961609
US-2003060927-A1,0.20238713025428126,0.0,0.029203749958773007,0.7720906812024656
US-2003065361-A1,0.20238713025428126,0.0,0.029203749958773007,0.7437401864789478
US-2003105474-A1,0.20238713025428126,0.0,0.029203749958773007,0.7787353405489532
US-2003118518-A1,0.20238713025428126,0.0,0.029203749958773007,0.7135132535021051
US-2003125808-A1,0.20238713025428126,0.0,0.029203749958773007,0.744601811831984
US-2003158582-A1,0.20238713025428126,0.0,0.029203749958773007,0.76172900840147
US-2003167072-A1,0.20238713025428126,0.0,0.029203749958773007,0.7930629839472706
US-2003176783-A1,0.20238713025428126,0.0,0.029203749958773007,0.7239063114630437
US-2003181800-A1,0.20238713025428126,0.0,0.029203749958773007,0.7919874213248335
US-2003195530-A1,0.20238713025428126,0.0,0.029203749958773007,0.7295921198767549
US-2003195565-A1,0.20238713025428126,0.0,0.029203749958773007,0.7605635052645597
US-2003204204-A1,0.20238713025428126,0.0,0.029203749958773007,0.7635436988798397
US-2003212403-A1,0.20238713025428126,0.0,0.029203749958773007,0.7857493846595793
US-2003216669-A1,0.20238713025428126,0.0,0.029203749958773007,0.7633659203048787
US-2003216742-A1,0.20238713025428126,0.0,0.029203749958773007,0.7926647181195833
US-2003225438-A1,0.20238713025428126,0.0,0.029203749958773007,0.7709076319218995
US-2003229361-A1,0.20238713025428126,0.0,0.029203749958773007,0.7610497107581307
US-2004010287-A1,0.20238713025428126,0.0,0.029203749958773007,0.795390839937086
US-2004030341-A1,0.20238713025428126,0.0,0.029203749958773007,0.7822366945729369
US-2004034357-A1,0.20238713025428126,0.0,0.029203749958773007,0.757298902306188
US-2004097939-A1,0.20238713025428126,0.0,0.029203749958773007,0.8057959634096095
US-2004097948-A1,0.20238713025428126,0.0,0.029203749958773007,0.8157547326527125
US-2004098050-A1,0.20238713025428126,0.0,0.029203749958773007,0.8093867446327626
US-2004102804-A1,0.20238713025428126,0.0,0.029203749958773007,0.7684735800419312
US-2004138703-A1,0.20238713025428126,0.0,0.029203749958773007,0.7900992205024149
US-2004143334-A1,0.20238713025428126,0.0,0.029203749958773007,0.7329547575909585
US-2004152970-A1,0.20238713025428126,0.0,0.029203749958773007,0.7867244186965212
US-2004167548-A1,0.20238713025428126,0.0,0.029203749958773007,0.7787353405489532
US-2004199072-A1,0.20238713025428126,0.0,0.029203749958773007,0.8038004146739184
US-2004220616-A1,0.20238713025428126,0.0,0.029203749958773007,0.7734914047728968
US-2004225325-A1,0.20238713025428126,0.0,0.029203749958773007,0.7749836280013019
US-2004230223-A1,0.20238713025428126,0.0,0.029203749958773007,0.7709076319218995
US-2004236374-A1,0.20238713025428126,0.0,0.029203749958773007,0.7709076319218995
US-2004243109-A1,0.20238713025428126,0.0,0.029203749958773007,0.7732584562526936
US-2004267242-A1,0.20238713025428126,0.0,0.029203749958773007,0.7542034116923176
US-2005033366-A1,0.20238713025428126,0.0,0.029203749958773007,0.7761390786726549
US-2005038514-A1,0.20238713025428126,0.0,0.029203749958773007,0.77646628605119
US-2005043796-A1,0.20238713025428126,0.0,0.029203749958773007,0.7562014353450625
US-2005071012-A1,0.20238713025428126,0.0,0.029203749958773007,0.744652048305868
US-2005090827-A1,0.20238713025428126,0.0,0.029203749958773007,0.8007718992772458
US-2005090840-A1,0.20238713025428126,0.0,0.029203749958773007,0.7558455822335409
US-2005096699-A1,0.20238713025428126,0.0,0.029203749958773007,0.7606111012305777
US-2005113928-A1,0.20238713025428126,0.0,0.029203749958773007,0.7558995259377188
US-2005126680-A1,0.20238713025428126,0.0,0.029203749958773007,0.7258141908383539
US-2005143826-A1,0.20238713025428126,0.0,0.029203749958773007,0.7604260011195209
US-2005149024-A1,0.20238713025428126,0.0,0.029203749958773007,0.7871217510384738
US-2005149029-A1,0.20238713025428126,0.0,0.029203749958773007,0.7933473038332144
US-2005192673-A1,0.20238713025428126,0.0,0.029203749958773007,0.7736701469054738
US-2005203521-A1,0.20238713025428126,0.0,0.029203749958773007,0.7933287198711345
US-2005216059-A1,0.20238713025428126,0.0,0.029203749958773007,0.7352939714734379
US-2005216087-A1,0.20238713025428126,0.0,0.029203749958773007,0.7546750904968704
US-2005222620-A1,0.20238713025428126,0.0,0.029203749958773007,0.7962575708767148
US-2005234332-A1,0.20238713025428126,0.0,0.029203749958773007,0.7916244418929179
US-2005234461-A1,0.20238713025428126,0.0,0.029203749958773007,0.7945628132457797
US-2005234465-A1,0.20238713025428126,0.0,0.029203749958773007,0.828721660362225
US-2005240190-A1,0.20238713025428126,0.0,0.029203749958773007,0.7803375865327349
US-2005240227-A1,0.20238713025428126,0.0,0.029203749958773007,0.7652078886954012
US-2005246021-A1,0.20238713025428126,0.0,0.029203749958773007,0.7489712139136293
US-2005261684-A1,0.20238713025428126,0.0,0.029203749958773007,0.7830864426797818
US-2005267481-A1,0.20238713025428126,0.0,0.029203749958773007,0.7901060040097562
US-2005267534-A1,0.20238713025428126,0.0,0.029203749958773007,0.7747358436496693
US-2006009855-A1,0.20238713025428126,0.0,0.029203749958773007,0.7572316072375179
US-2006015101-A1,0.20238713025428126,0.0,0.029203749958773007,0.7796149916392773
US-2006015108-A1,0.20238713025428126,0.0,0.029203749958773007,0.7605635052645597
US-2006024357-A1,0.20238713025428126,0.0,0.029203749958773007,0.7279304014026806
US-2006026244-A1,0.20238713025428126,0.0,0.029203749958773007,0.687609322790075
US-2006064095-A1,0.20238713025428126,0.0,0.029203749958773007,0.7389196918715838
US-2006089646-A1,0.20238713025428126,0.0,0.029203749958773007,0.7592148894891056
US-2006122600-A1,0.20238713025428126,0.0,0.029203749958773007,0.7817164611819661
US-2006122704-A1,0.20238713025428126,0.0,0.029203749958773007,0.7486472541961754
US-2006142799-A1,0.20238713025428126,0.0,0.029203749958773007,0.7572477884122893
US-2006161051-A1,0.20238713025428126,0.0,0.029203749958773007,0.789278458021539
US-2006161136-A1,0.20238713025428126,0.0,0.029203749958773007,0.7702570204559109
US-2006167495-A1,0.20238713025428126,0.0,0.029203749958773007,0.7709076319218995
US-2006200199-A1,0.20238713025428126,0.0,0.029203749958773007,0.7813016588727288
US-2006207978-A1,0.20238713025428126,0.0,0.029203749958773007,0.7621066769740397
US-2006212073-A1,0.20238713025428126,0.0,0.029203749958773007,0.7582426037117712
US-2006217765-A1,0.20238713025428126,0.0,0.029203749958773007,0.7736716078175245
US-2006229623-A1,0.20238713025428126,0.0,0.029203749958773007,0.7710051122579433
US-2006235470-A1,0.20238713025428126,0.0,0.029203749958773007,0.7709076319218995
US-2006241695-A1,0.20238713025428126,0.0,0.029203749958773007,0.7709076319218995
US-2006265009-A1,0.20238713025428126,0.0,0.029203749958773007,0.7635436988798397
US-2006265011-A1,0.20238713025428126,0.0,0.029203749958773007,0.7635436988798397
US-2006271056-A1,0.20238713025428126,0.0,0.029203749958773007,0.8015858729372282
US-2007032825-A1,0.20238713025428126,0.0,0.029203749958773007,0.7497623401389856
US-2007088340-A1,0.20238713025428126,0.0,0.029203749958773007,0.7921711227581152
US-2007088362-A1,0.20238713025428126,0.0,0.029203749958773007,0.7772528023364907
US-2007100258-A1,0.20238713025428126,0.0,0.029203749958773007,0.7829133737360544
US-2007118055-A1,0.20238713025428126,0.0,0.029203749958773007,0.8240133947577994
US-2007118129-A1,0.20238713025428126,0.0,0.029203749958773007,0.7976575396587222
US-2007173946-A1,0.20238713025428126,0.0,0.029203749958773007,0.7865807066178556
US-2007185498-A2,0.20238713025428126,0.0,0.029203749958773007,0.7516860536034444
US-2007198555-A1,0.20238713025428126,0.0,0.029203749958773007,0.7023118397772612
US-2007219561-A1,0.2103442311018855,0.007987104736972696,0.029208241824160215,0.8036945850142111
US-2007239153-A1,0.20238713025428126,0.0,0.029203749958773007,0.8115433907371613
US-2007265561-A1,0.20238713025428126,0.0,0.029203749958773007,0.7499829200797195
US-2007270833-A1,0.20238713025428126,0.0,0.029203749958773007,0.7806953880846264
US-2007287889-A1,0.20238713025428126,0.0,0.029203749958773007,0.7769970301946872
US-2008021474-A1,0.20238713025428126,0.0,0.029203749958773007,0.7806953880846264
US-2008039845-A1,0.20238713025428126,0.0,0.029203749958773007,0.7808974783030684
US-2008039873-A1,0.20238713025428126,0.0,0.029203749958773007,0.7709076319218995
US-2008046090-A1,0.20238713025428126,0.0,0.029203749958773007,0.7700768970628423
US-2008097448-A1,0.20238713025428126,0.0,0.029203749958773007,0.7853907611487775
US-2008108897-A1,0.20238713025428126,0.0,0.029203749958773007,0.7497623401389856
US-2008108916-A1,0.20238713025428126,0.0,0.029203749958773007,0.7709076319218995
US-2008114399-A1,0.20238713025428126,0.0,0.029203749958773007,0.7635436988798397
US-2008132950-A1,0.20238713025428126,0.0,0.029203749958773007,0.7588852091268039
US-2008140088-A1,0.20238713025428126,0.0,0.029203749958773007,0.7666000957804368
US-2008140116-A1,0.20238713025428126,0.0,0.029203749958773007,0.795390839937086
US-2008140117-A1,0.20238713025428126,0.0,0.029203749958773007,0.7582426037117712
US-2008195145-A1,0.20238713025428126,0.0,0.029203749958773007,0.7885075466137496
US-2008243127-A1,0.20238713025428126,0.0,0.029203749958773007,0.7840228809814626
US-2008262812-A1,0.20238713025428126,0.0,0.029203749958773007,0.8175563850905984
US-2008269753-A1,0.20238713025428126,0.0,0.029203749958773007,0.7618222080232715
US-2008269808-A1,0.20238713025428126,0.0,0.029203749958773007,0.7936657349211711
US-2009024161-A1,0.20238713025428126,0.0,0.029203749958773007,0.7426843491865452
US-2009093684-A1,0.20238713025428126,0.0,0.029203749958773007,0.7641958451945077
US-2009131941-A1,0.20238713025428126,0.0,0.029203749958773007,0.8232207170261141
US-2009138014-A1,0.20238713025428126,0.0,0.029203749958773007,0.7791377988070538
US-2009194969-A1,0.20238713025428126,0.0,0.029203749958773007,0.688396604779983
US-2009197217-A1,0.20238713025428126,0.0,0.029203749958773007,0.7654479377313393
US-2009287222-A1,0.20238713025428126,0.0,0.029203749958773007,0.7940799134885024
US-2010211120-A1,0.20238713025428126,0.0,0.029203749958773007,0.7812380860278169
US-2011060375-A1,0.20238713025428126,0.0,0.029203749958773007,0.7620343144844269
US-2011144661-A1,0.20238713025428126,0.0,0.029203749958773007,0.7678546056426221
US-2011295253-A1,0.20238713025428126,0.0,0.029203749958773007,0.7808974783030684
US-2012053591-A1,0.20238713025428126,0.0,0.029203749958773007,0.7866180756152464
US-2012123937-A1,0.20238713025428126,0.0,0.029203749958773007,0.7005610774301017
US-2012165841-A1,0.20238713025428126,0.0,0.029203749958773007,0.7956098997568313
US-2012184961-A1,0.20238713025428126,0.0,0.029203749958773007,0.7868591046790235
US-2012191140-A1,0.20238713025428126,0.0,0.029203749958773007,0.7791377988070538
US-2012215233-A1,0.20238713025428126,0.0,0.029203749958773007,0.7396706365335151
US-2012330429-A1,0.20238713025428126,0.0,0.029203749958773007,0.7962227274761529
US-2013006267-A1,0.20238713025428126,0.0,0.029203749958773007,0.8142205478840385
US-2013035696-A1,0.20238713025428126,0.0,0.029203749958773007,0.8164503876817547
US-2013331730-A1,0.20238713025428126,0.0,0.029203749958773007,0.7740593475229305
US-2014257293-A1,0.20238713025428126,0.0,0.029203749958773007,0.8012372814416394
US-2014343573-A1,0.20238713025428126,0.0,0.029203749958773007,0.8102081165486483
US-2015141759-A1,0.20238713025428126,0.0,0.029203749958773007,0.7971900489418784
US-2015157416-A1,0.20238713025428126,0.0,0.029203749958773007,0.7996310787577429
US-2015257768-A1,0.20238713025428126,0.0,0.029203749958773007,0.8002161345143296
US-2015320514-A1,0.20238713025428126,0.0,0.029203749958773007,0.7727516249626042
US-2016012306-A1,0.20238713025428126,0.0,0.029203749958773007,0.7440421024058494
US-2016030115-A1,0.20238713025428126,0.0,0.029203749958773007,0.7958350461256852
US-2016081758-A1,0.20238713025428126,0.0,0.029203749958773007,0.8090818133833859
US-2016199548-A1,0.20238713025428126,0.0,0.029203749958773007,0.7691064015534046
US-2016206375-A1,0.20238713025428126,0.0,0.029203749958773007,0.821796416778474
US-2017148213-A1,0.20238713025428126,0.0,0.029203749958773007,0.8085878262579139
US-2018296283-A1,0.20238713025428126,0.0,0.029203749958773007,0.8082277061319614
US-2019000049-A1,0.20238713025428126,0.0,0.029203749958773007,0.7287187254740374
US-2019220976-A1,0.20238713025428126,0.0,0.029203749958773007,0.8197910735466845
US-2019274765-A1,0.20238713025428126,0.0,0.029203749958773007,0.8082277061319614
US-2019388160-A1,0.20238713025428126,0.0,0.029203749958773007,0.8032852697749685
US-2021106389-A1,0.20238713025428126,0.0,0.029203749958773007,0.7963429234884116
US-2022015727-A1,0.20238713025428126,0.0,0.029203749958773007,0.7487555270502382
US-2022296311-A1,0.20238713025428126,0.0,0.029203749958773007,0.8304574182056318
US-3577991-A,0.20238713025428126,0.0,0.029203749958773007,0.762734628531102
US-3596292-A,0.20238713025428126,0.0,0.029203749958773007,0.7641725006495819
US-3608539-A,0.20238713025428126,0.0,0.029203749958773007,0.7875515469063459
US-3625220-A,0.20238713025428126,0.0,0.029203749958773007,0.7619661052441703
US-3648705-A,0.20238713025428126,0.0,0.029203749958773007,0.7385211637319482
US-3653388-A,0.20238713025428126,0.0,0.029203749958773007,0.77610263470642
US-3656476-A,0.20238713025428126,0.0,0.029203749958773007,0.7799313571258799
US-3657056-A,0.20238713025428126,0.0,0.029203749958773007,0.7563416465590153
US-3678980-A,0.20238713025428126,0.0,0.029203749958773007,0.732030180377856
US-3709218-A,0.20238713025428126,0.0,0.029203749958773007,0.7602704009732969
US-3711347-A,0.20238713025428126,0.0,0.029203749958773007,0.7072618512589931
US-3739773-A,0.20238713025428126,0.0,0.029203749958773007,0.765535128307656
US-3760808-A,0.20238713025428126,0.0,0.029203749958773007,0.733714607836121
US-3788318-A,0.20238713025428126,0.0,0.029203749958773007,0.7768236144487268
US-3789852-A,0.20238713025428126,0.0,0.029203749958773007,0.7557000848408448
US-3802438-A,0.20238713025428126,0.0,0.029203749958773007,0.7701782356529786
US-3807394-A,0.20238713025428126,0.0,0.029203749958773007,0.7960459675053723
US-3809075-A,0.20238713025428126,0.0,0.029203749958773007,0.806554083575933
US-3811449-A,0.20238713025428126,0.0,0.029203749958773007,0.7647716173934499
US-3825010-A,0.20238713025428126,0.0,0.029203749958773007,0.7735405487286453
US-3833003-A,0.20238713025428126,0.0,0.029203749958773007,0.7675478909686262
US-3835849-A,0.20238713025428126,0.0,0.029203749958773007,0.8030782387221478
US-3842824-A,0.20238713025428126,0.0,0.029203749958773007,0.806336706195326
US-3845772-A,0.20238713025428126,0.0,0.029203749958773007,0.7655631133930046
US-3857396-A,0.20238713025428126,0.0,0.029203749958773007,0.7553213759150861
US-3867932-A,0.20238713025428126,0.0,0.029203749958773007,0.7903098990409503
US-3875652-A,0.20238713025428126,0.0,0.029203749958773007,0.7252119410242915
US-3898992-A,0.20238713025428126,0.0,0.029203749958773007,0.7766055314102452
US-3918442-A,0.20238713025428126,0.0,0.029203749958773007,0.7874804501190455
US-3968800-A,0.20238713025428126,0.0,0.029203749958773007,0.7690196424791719
US-3976079-A,0.20238713025428126,0.0,0.029203749958773007,0.7712315356309244
US-4023559-A,0.20238713025428126,0.0,0.029203749958773007,0.7304492264854481
US-4064566-A,0.20238713025428126,0.0,0.029203749958773007,0.7950580564371662
US-4089071-A,0.20238713025428126,0.0,0.029203749958773007,0.7658689670486246
US-4108399-A,0.20238713025428126,0.0,0.029203749958773007,0.6851654414406194
US-4156574-A,0.20238713025428126,0.0,0.029203749958773007,0.6965193451962991
US-4164794-A,0.20238713025428126,0.0,0.029203749958773007,0.7876937646499139
US-4171544-A,0.20238713025428126,0.0,0.029203749958773007,0.7742150565041181
US-4183102-A,0.20238713025428126,0.0,0.029203749958773007,0.7270713741843973
US-4199864-A,0.20238713025428126,0.0,0.029203749958773007,0.7832679321724186
US-4200939-A,0.20238713025428126,0.0,0.029203749958773007,0.7762482295123037
US-4210148-A,0.20238713025428126,0.0,0.029203749958773007,0.7725098009213851
US-4213816-A,0.20238713025428126,0.0,0.029203749958773007,0.7573096728685361
US-4235233-A,0.20238713025428126,0.0,0.029203749958773007,0.740391920556186
US-4235238-A,0.20238713025428126,0.0,0.029203749958773007,0.757813612513186
US-4244370-A,0.20238713025428126,0.0,0.029203749958773007,0.7622499660068449
US-4257411-A,0.20238713025428126,0.0,0.029203749958773007,0.7748074067144393
US-4265231-A,0.20238713025428126,0.0,0.029203749958773007,0.7580868403630123
US-4281649-A,0.20238713025428126,0.0,0.029203749958773007,0.7848496999939218
US-4291698-A,0.20238713025428126,0.0,0.029203749958773007,0.772852261271438
US-4309488-A,0.20238713025428126,0.0,0.029203749958773007,0.7742260566862863
US-4320762-A,0.20238713025428126,0.0,0.029203749958773007,0.7365497912395981
US-4351069-A,0.20238713025428126,0.0,0.029203749958773007,0.7782422151775711
US-4364381-A,0.20238713025428126,0.0,0.029203749958773007,0.7911072613499002
US-4365356-A,0.20238713025428126,0.0,0.029203749958773007,0.7572200526613915
US-4388921-A,0.20238713025428126,0.0,0.029203749958773007,0.7922263520439872
US-4395798-A,0.20238713025428126,0.0,0.029203749958773007,0.7009168967373022
US-4409974-A,0.20238713025428126,0.0,0.029203749958773007,0.7963925634421254
US-4414166-A,0.20238713025428126,0.0,0.029203749958773007,0.7217037614925333
US-4437362-A,0.20238713025428126,0.0,0.029203749958773007,0.723783751486784
US-4437941-A,0.20238713025428126,0.0,0.029203749958773007,0.6853506012235914
US-4444180-A,0.20238713025428126,0.0,0.029203749958773007,0.8152337135794019
US-4448194-A,0.20238713025428126,0.0,0.029203749958773007,0.7671118546830826
US-4456005-A,0.20238713025428126,0.0,0.029203749958773007,0.7782638006509085
US-4461281-A,0.20238713025428126,0.0,0.029203749958773007,0.8014364759208451
US-4493317-A,0.20238713025428126,0.0,0.029203749958773007,0.8097962630300523
US-4495664-A,0.20238713025428126,0.0,0.029203749958773007,0.7766202775878462
US-4501031-A,0.20238713025428126,0.0,0.029203749958773007,0.7670533024199084
US-4504268-A,0.20238713025428126,0.0,0.029203749958773007,0.745532269714102
US-4506681-A,0.20238713025428126,0.0,0.029203749958773007,0.7876525768232066
US-4514125-A,0.20238713025428126,0.0,0.029203749958773007,0.731741911154872
US-4526173-A,0.20238713025428126,0.0,0.029203749958773007,0.7521277618329985
US-4532926-A,0.20238713025428126,0.0,0.029203749958773007,0.7570219440594012
US-4535772-A,0.20238713025428126,0.0,0.029203749958773007,0.7719194723270525
US-4547327-A,0.20238713025428126,0.0,0.029203749958773007,0.7627129148859855
US-4556059-A,0.20238713025428126,0.0,0.029203749958773007,0.761169717934843
US-4556350-A,0.20238713025428126,0.0,0.029203749958773007,0.7037298512123561
US-4566138-A,0.20238713025428126,0.0,0.029203749958773007,0.759014913710399
US-4589868-A,0.20238713025428126,0.0,0.029203749958773007,0.7300688041321535
US-4590928-A,0.20238713025428126,0.0,0.029203749958773007,0.7925379880523311
US-4597379-A,0.20238713025428126,0.0,0.029203749958773007,0.7269261844720831
US-4599085-A,0.20238713025428126,0.0,0.029203749958773007,0.8128615756697214
US-4601893-A,0.20238713025428126,0.0,0.029203749958773007,0.7307100464845062
US-4606335-A,0.20238713025428126,0.0,0.029203749958773007,0.7778493843343469
US-4611593-A,0.20238713025428126,0.0,0.029203749958773007,0.7793096416563039
US-4621640-A,0.20238713025428126,0.0,0.029203749958773007,0.7860292801294614
US-4630609-A,0.20238713025428126,0.0,0.029203749958773007,0.7513506690209694
US-4632101-A,0.20238713025428126,0.0,0.029203749958773007,0.7986158820117693
US-4645503-A,0.20238713025428126,0.0,0.029203749958773007,0.7765636283042812
US-4657460-A,0.20238713025428126,0.0,0.029203749958773007,0.7072106796360517
US-4659268-A,0.20238713025428126,0.0,0.029203749958773007,0.7048970877577342
US-4662063-A,0.20238713025428126,0.0,0.029203749958773007,0.6992505887675985
US-4662068-A,0.20238713025428126,0.0,0.029203749958773007,0.7945733016554132
US-4662887-A,0.20238713025428126,0.0,0.029203749958773007,0.7596392007925942
US-4669473-A,0.20238713025428126,0.0,0.029203749958773007,0.7918477685422982
US-4681107-A,0.20238713025428126,0.0,0.029203749958773007,0.7374621742251077
US-4691741-A,0.20238713025428126,0.0,0.029203749958773007,0.6980114740588209
US-4705040-A,0.20238713025428126,0.0,0.029203749958773007,0.7839233013838638
US-4706670-A,0.20238713025428126,0.0,0.029203749958773007,0.7376840509354026
US-4708139-A,0.20238713025428126,0.0,0.029203749958773007,0.7730630621823061
US-4713077-A,0.20238713025428126,0.0,0.029203749958773007,0.7792134189536589
US-4716901-A,0.20238713025428126,0.0,0.029203749958773007,0.7744630438682518
US-4718909-A,0.20238713025428126,0.0,0.029203749958773007,0.7744007265459422
US-4722331-A,0.20238713025428126,0.0,0.029203749958773007,0.7662958968240798
US-4722948-A,0.20238713025428126,0.0,0.029203749958773007,0.7729242647251399
US-4724584-A,0.20238713025428126,0.0,0.029203749958773007,0.6998480518698794
US-4738255-A,0.20238713025428126,0.0,0.029203749958773007,0.7733311016320483
US-4739751-A,0.20238713025428126,0.0,0.029203749958773007,0.7802609625489874
US-4741330-A,0.20238713025428126,0.0,0.029203749958773007,0.7797646613405801
US-4749585-A,0.20238713025428126,0.0,0.029203749958773007,0.7525515944560579
US-4750492-A,0.20238713025428126,0.0,0.029203749958773007,0.7751662748974296
US-4768507-A,0.20238713025428126,0.0,0.029203749958773007,0.746879506705871
US-4772286-A,0.20238713025428126,0.0,0.029203749958773007,0.7801215942338267
US-4776328-A,0.20238713025428126,0.0,0.029203749958773007,0.790140555910038
US-4776738-A,0.20238713025428126,0.0,0.029203749958773007,0.7181134294829153
US-4776851-A,0.20238713025428126,0.0,0.029203749958773007,0.7821268005289331
US-4781182-A,0.20238713025428126,0.0,0.029203749958773007,0.7809441728955732
US-4790303-A,0.20238713025428126,0.0,0.029203749958773007,0.7834062184686346
US-4792336-A,0.20238713025428126,0.0,0.029203749958773007,0.7601473725942939
US-4817591-A,0.20238713025428126,0.0,0.029203749958773007,0.781593766310136
US-4822224-A,0.20238713025428126,0.0,0.029203749958773007,0.7084030689102695
US-4823794-A,0.20238713025428126,0.0,0.029203749958773007,0.7788670248238136
US-4832025-A,0.20238713025428126,0.0,0.029203749958773007,0.7580186981617393
US-4832026-A,0.20238713025428126,0.0,0.029203749958773007,0.7792165999592031
US-4834752-A,0.20238713025428126,0.0,0.029203749958773007,0.769807727070849
US-4841960-A,0.20238713025428126,0.0,0.029203749958773007,0.7734336656342891
US-4843112-A,0.20238713025428126,0.0,0.029203749958773007,0.7742985577435624
US-4846812-A,0.20238713025428126,0.0,0.029203749958773007,0.7507835193124905
US-4862812-A,0.20238713025428126,0.0,0.029203749958773007,0.716081352857666
US-4862882-A,0.20238713025428126,0.0,0.029203749958773007,0.787868451029431
US-4869242-A,0.20238713025428126,0.0,0.029203749958773007,0.7885037748522906
US-4870957-A,0.20238713025428126,0.0,0.029203749958773007,0.7486092059556199
US-4883048-A,0.20238713025428126,0.0,0.029203749958773007,0.7815753131941195
US-4890612-A,0.20238713025428126,0.0,0.029203749958773007,0.7759709957809875
US-4895148-A,0.20238713025428126,0.0,0.029203749958773007,0.7757865188499979
US-4898156-A,0.20238713025428126,0.0,0.029203749958773007,0.7687075676136973
US-4899729-A,0.20238713025428126,0.0,0.029203749958773007,0.7692582398354694
US-4899743-A,0.20238713025428126,0.0,0.029203749958773007,0.7487295612423269
US-4899744-A,0.20238713025428126,0.0,0.029203749958773007,0.7545021658784721
US-4901721-A,0.20238713025428126,0.0,0.029203749958773007,0.7806675285570212
US-4921479-A,0.20238713025428126,0.0,0.029203749958773007,0.740544022196455
US-4922897-A,0.20238713025428126,0.0,0.029203749958773007,0.7802609625489874
US-4924865-A,0.20238713025428126,0.0,0.029203749958773007,0.7826873874166029
US-4924866-A,0.20238713025428126,0.0,0.029203749958773007,0.7757349787939424
US-4932960-A,0.20238713025428126,0.0,0.029203749958773007,0.7679039515630388
US-4935026-A,0.20238713025428126,0.0,0.029203749958773007,0.7582147636844334
US-4935028-A,0.20238713025428126,0.0,0.029203749958773007,0.7644435857258791
US-4945625-A,0.20238713025428126,0.0,0.029203749958773007,0.7254025634125126
US-4946468-A,0.20238713025428126,0.0,0.029203749958773007,0.7853362579596245
US-4954126-A,0.20238713025428126,0.0,0.029203749958773007,0.7674414449635881
US-4955910-A,0.20238713025428126,0.0,0.029203749958773007,0.7537476876274164
US-4957498-A,0.20238713025428126,0.0,0.029203749958773007,0.7922532814872828
US-4961741-A,0.20238713025428126,0.0,0.029203749958773007,0.7689110600857963
US-4963151-A,0.20238713025428126,0.0,0.029203749958773007,0.7617759631833736
US-4964862-A,0.20238713025428126,0.0,0.029203749958773007,0.766815135164959
US-4966583-A,0.20238713025428126,0.0,0.029203749958773007,0.7851521644705407
US-4968315-A,0.20238713025428126,0.0,0.029203749958773007,0.7580980399085314
US-4969888-A,0.20238713025428126,0.0,0.029203749958773007,0.7787628835101921
US-4969892-A,0.20238713025428126,0.0,0.029203749958773007,0.7629209283742532
US-4990161-A,0.20238713025428126,0.0,0.029203749958773007,0.7882062993406926
US-4994071-A,0.20238713025428126,0.0,0.029203749958773007,0.7547318656254948
US-4997445-A,0.20238713025428126,0.0,0.029203749958773007,0.755149508549427
US-4998539-A,0.20238713025428126,0.0,0.029203749958773007,0.7500051914378496
US-5002550-A,0.20238713025428126,0.0,0.029203749958773007,0.7853362579596245
US-5002563-A,0.20238713025428126,0.0,0.029203749958773007,0.7818365474030147
US-5009652-A,0.20238713025428126,0.0,0.029203749958773007,0.7475487791126041
US-5009663-A,0.20238713025428126,0.0,0.029203749958773007,0.7705015946257504
US-5009664-A,0.20238713025428126,0.0,0.029203749958773007,0.7976288071989464
US-5013316-A,0.20238713025428126,0.0,0.029203749958773007,0.7522327878783235
US-5019090-A,0.20238713025428126,0.0,0.029203749958773007,0.7444882059978074
US-5021059-A,0.20238713025428126,0.0,0.029203749958773007,0.774884372186529
US-5031841-A,0.20238713025428126,0.0,0.029203749958773007,0.6869790141320911
US-5035713-A,0.20238713025428126,0.0,0.029203749958773007,0.7500793431252718
US-5037404-A,0.20238713025428126,0.0,0.029203749958773007,0.7515250985532869
US-5037422-A,0.20238713025428126,0.0,0.029203749958773007,0.7730233954410325
US-5041093-A,0.20238713025428126,0.0,0.029203749958773007,0.7552232714027025
US-5041114-A,0.20238713025428126,0.0,0.029203749958773007,0.791963330866435
US-5041129-A,0.20238713025428126,0.0,0.029203749958773007,0.769926897841533
US-5046513-A,0.20238713025428126,0.0,0.029203749958773007,0.7712374574327576
US-5047055-A,0.20238713025428126,0.0,0.029203749958773007,0.726659149556866
US-5051049-A,0.20238713025428126,0.0,0.029203749958773007,0.6772740499359271
US-5053046-A,0.20238713025428126,0.0,0.029203749958773007,0.7706515959641594
US-5053047-A,0.20238713025428126,0.0,0.029203749958773007,0.8010181003080799
US-5059193-A,0.20238713025428126,0.0,0.029203749958773007,0.7609611102695926
US-5059206-A,0.20238713025428126,0.0,0.029203749958773007,0.7587473566273474
US-5061274-A,0.20238713025428126,0.0,0.029203749958773007,0.7684116831024683
US-5061286-A,0.20238713025428126,0.0,0.029203749958773007,0.7973515323285165
US-5069674-A,0.20238713025428126,0.0,0.029203749958773007,0.729449582101509
US-5078731-A,0.20238713025428126,0.0,0.029203749958773007,0.7569460159030703
US-5078744-A,0.20238713025428126,0.0,0.029203749958773007,0.7547986097441943
US-5078745-A,0.20238713025428126,0.0,0.029203749958773007,0.7502850113394738
US-5084050-A,0.20238713025428126,0.0,0.029203749958773007,0.7637312404248031
US-5084051-A,0.20238713025428126,0.0,0.029203749958773007,0.7779018012378521
US-5085660-A,0.20238713025428126,0.0,0.029203749958773007,0.7600164755315892
US-5085661-A,0.20238713025428126,0.0,0.029203749958773007,0.7698130662734431
US-5090072-A,0.20238713025428126,0.0,0.029203749958773007,0.7593677088915963
US-5098433-A,0.20238713025428126,0.0,0.029203749958773007,0.7828557131599703
US-5098434-A,0.20238713025428126,0.0,0.029203749958773007,0.787592457169398
US-5098436-A,0.20238713025428126,0.0,0.029203749958773007,0.7842659924271865
US-5100405-A,0.20238713025428126,0.0,0.029203749958773007,0.7693751577900284
US-5100417-A,0.20238713025428126,0.0,0.029203749958773007,0.7913891082436948
US-5102417-A,0.20238713025428126,0.0,0.029203749958773007,0.7625294034817572
US-5102421-A,0.20238713025428126,0.0,0.029203749958773007,0.7765176535840346
US-5120175-A,0.20238713025428126,0.0,0.029203749958773007,0.7200735818247476
US-5123520-A,0.20238713025428126,0.0,0.029203749958773007,0.7272014599077046
US-5123914-A,0.20238713025428126,0.0,0.029203749958773007,0.7542501693154723
US-5123941-A,0.20238713025428126,0.0,0.029203749958773007,0.698912567603378
US-5133732-A,0.20238713025428126,0.0,0.029203749958773007,0.748448565488303
US-5141520-A,0.20238713025428126,0.0,0.029203749958773007,0.756004870933107
US-5147362-A,0.20238713025428126,0.0,0.029203749958773007,0.7739848537809698
US-5152765-A,0.20238713025428126,0.0,0.029203749958773007,0.7840273145190352
US-5154720-A,0.20238713025428126,0.0,0.029203749958773007,0.703656010340834
US-5156613-A,0.20238713025428126,0.0,0.029203749958773007,0.761412079277229
US-5156616-A,0.20238713025428126,0.0,0.029203749958773007,0.789668473605439
US-5158566-A,0.20238713025428126,0.0,0.029203749958773007,0.782063967337291
US-5158934-A,0.20238713025428126,0.0,0.029203749958773007,0.7858114486301078
US-5163960-A,0.20238713025428126,0.0,0.029203749958773007,0.7883497721817647
US-5171251-A,0.20238713025428126,0.0,0.029203749958773007,0.7710290187234329
US-5176682-A,0.20238713025428126,0.0,0.029203749958773007,0.7847865986859944
US-5179964-A,0.20238713025428126,0.0,0.029203749958773007,0.7757925762268865
US-5180388-A,0.20238713025428126,0.0,0.029203749958773007,0.7957160226959722
US-5183464-A,0.20238713025428126,0.0,0.029203749958773007,0.7504671182077829
US-5192287-A,0.20238713025428126,0.0,0.029203749958773007,0.7837096862836745
US-5192326-A,0.20238713025428126,0.0,0.029203749958773007,0.7413359651073266
US-5197166-A,0.20238713025428126,0.0,0.029203749958773007,0.6979736453717362
US-5197971-A,0.20238713025428126,0.0,0.029203749958773007,0.785529108149762
US-5203784-A,0.20238713025428126,0.0,0.029203749958773007,0.785851856684108
US-5203787-A,0.20238713025428126,0.0,0.029203749958773007,0.7929738266394102
US-5208950-A,0.20238713025428126,0.0,0.029203749958773007,0.7142764368722034
US-5209776-A,0.20238713025428126,0.0,0.029203749958773007,0.7546299426919664
US-5217486-A,0.20238713025428126,0.0,0.029203749958773007,0.7275935993913532
US-5217493-A,0.20238713025428126,0.0,0.029203749958773007,0.7437326550509434
US-5219359-A,0.20238713025428126,0.0,0.029203749958773007,0.7633801588975095
US-5224946-A,0.20238713025428126,0.0,0.029203749958773007,0.7782336720470806
US-5226899-A,0.20238713025428126,0.0,0.029203749958773007,0.7230996416689461
US-5230352-A,0.20238713025428126,0.0,0.029203749958773007,0.755224661539581
US-5234006-A,0.20238713025428126,0.0,0.029203749958773007,0.7770373380133924
US-5234425-A,0.20238713025428126,0.0,0.029203749958773007,0.739896994031224
US-5236438-A,0.20238713025428126,0.0,0.029203749958773007,0.767534702079375
US-5236445-A,0.20238713025428126,0.0,0.029203749958773007,0.7977882689543593
US-5242902-A,0.20238713025428126,0.0,0.029203749958773007,0.7146422495968716
US-5246441-A,0.20238713025428126,0.0,0.029203749958773007,0.7852697309908175
US-5250026-A,0.20238713025428126,0.0,0.029203749958773007,0.7470069512194282
US-5250055-A,0.20238713025428126,0.0,0.029203749958773007,0.8039611173249682
US-5254113-A,0.20238713025428126,0.0,0.029203749958773007,0.7769636684099301
US-5258007-A,0.20238713025428126,0.0,0.029203749958773007,0.7574513705355038
US-5258015-A,0.20238713025428126,0.0,0.029203749958773007,0.7491890291108347
US-5258016-A,0.20238713025428126,0.0,0.029203749958773007,0.768458375799676
US-5261914-A,0.20238713025428126,0.0,0.029203749958773007,0.7998093059456834
US-5266325-A,0.20238713025428126,0.0,0.029203749958773007,0.6998731229997479
US-5269783-A,0.20238713025428126,0.0,0.029203749958773007,0.7812324343193028
US-5269785-A,0.20238713025428126,0.0,0.029203749958773007,0.806522663086215
US-5269809-A,0.20238713025428126,0.0,0.029203749958773007,0.764193272399763
US-5281235-A,0.20238713025428126,0.0,0.029203749958773007,0.7864897222140679
US-5282832-A,0.20238713025428126,0.0,0.029203749958773007,0.7662409522675115
US-5290281-A,0.20238713025428126,0.0,0.029203749958773007,0.8062612418753268
US-5304119-A,0.20238713025428126,0.0,0.029203749958773007,0.7572034985265584
US-5306280-A,0.20238713025428126,0.0,0.029203749958773007,0.7710290187234329
US-5306301-A,0.20238713025428126,0.0,0.029203749958773007,0.7765884568405077
US-5312438-A,0.20238713025428126,0.0,0.029203749958773007,0.775123814741315
US-5315741-A,0.20238713025428126,0.0,0.029203749958773007,0.7004492426141077
US-5318588-A,0.20238713025428126,0.0,0.029203749958773007,0.7620135268281766
US-5320611-A,0.20238713025428126,0.0,0.029203749958773007,0.7849960401538412
US-5324308-A,0.20238713025428126,0.0,0.029203749958773007,0.7798867955543388
US-5328480-A,0.20238713025428126,0.0,0.029203749958773007,0.7511163243344366
US-5329846-A,0.20238713025428126,0.0,0.029203749958773007,0.7665060090685739
US-5329924-A,0.20238713025428126,0.0,0.029203749958773007,0.780141709962643
US-5330468-A,0.20238713025428126,0.0,0.029203749958773007,0.7843252829328985
US-5330476-A,0.20238713025428126,0.0,0.029203749958773007,0.7490810318538461
US-5330486-A,0.20238713025428126,0.0,0.029203749958773007,0.7697199149048085
US-5336231-A,0.20238713025428126,0.0,0.029203749958773007,0.771941980344264
US-5336240-A,0.20238713025428126,0.0,0.029203749958773007,0.7734089012281292
US-5339799-A,0.20238713025428126,0.0,0.029203749958773007,0.8084359009904073
US-5349956-A,0.20238713025428126,0.0,0.029203749958773007,0.7795530381583856
US-5352229-A,0.20238713025428126,0.0,0.029203749958773007,0.7664988980698471
US-5354298-A,0.20238713025428126,0.0,0.029203749958773007,0.7606580496588826
US-5354302-A,0.20238713025428126,0.0,0.029203749958773007,0.7563461044552536
US-5366480-A,0.20238713025428126,0.0,0.029203749958773007,0.7514350968006382
US-5370646-A,0.20238713025428126,0.0,0.029203749958773007,0.7525835986499863
US-5370660-A,0.20238713025428126,0.0,0.029203749958773007,0.7706957626315418
US-5372146-A,0.20238713025428126,0.0,0.029203749958773007,0.7850500339464574
US-5374235-A,0.20238713025428126,0.0,0.029203749958773007,0.7841159400753939
US-5376126-A,0.20238713025428126,0.0,0.029203749958773007,0.7473699086563992
US-5382254-A,0.20238713025428126,0.0,0.029203749958773007,0.7805169778133811
US-5383883-A,0.20238713025428126,0.0,0.029203749958773007,0.793617172073748
US-5383905-A,0.20238713025428126,0.0,0.029203749958773007,0.7749762886827336
US-5391171-A,0.20238713025428126,0.0,0.029203749958773007,0.7798265324089343
US-5391173-A,0.20238713025428126,0.0,0.029203749958773007,0.7767395415264348
US-5395308-A,0.20238713025428126,0.0,0.029203749958773007,0.7146250831432059
US-5397311-A,0.20238713025428126,0.0,0.029203749958773007,0.7678084142483228
US-5400805-A,0.20238713025428126,0.0,0.029203749958773007,0.801301727621424
US-5403312-A,0.20238713025428126,0.0,0.029203749958773007,0.7753271242858396
US-5403348-A,0.20238713025428126,0.0,0.029203749958773007,0.7628275805043832
US-5405359-A,0.20238713025428126,0.0,0.029203749958773007,0.7905292084675337
US-5411523-A,0.20238713025428126,0.0,0.029203749958773007,0.790614453367017
US-5411538-A,0.20238713025428126,0.0,0.029203749958773007,0.7397814280087543
US-5413585-A,0.20238713025428126,0.0,0.029203749958773007,0.7502897207786304
US-5417691-A,0.20238713025428126,0.0,0.029203749958773007,0.7854891020605841
US-5417701-A,0.20238713025428126,0.0,0.029203749958773007,0.7808080795548792
US-5417712-A,0.20238713025428126,0.0,0.029203749958773007,0.7886541746312827
US-5423796-A,0.20238713025428126,0.0,0.029203749958773007,0.7648063761970628
US-5423860-A,0.20238713025428126,0.0,0.029203749958773007,0.768107175495185
US-5431670-A,0.20238713025428126,0.0,0.029203749958773007,0.7579819728124743
US-5438746-A,0.20238713025428126,0.0,0.029203749958773007,0.7655370728962322
US-5439470-A,0.20238713025428126,0.0,0.029203749958773007,0.7613405650242461
US-5441502-A,0.20238713025428126,0.0,0.029203749958773007,0.7885429918600082
US-5441538-A,0.20238713025428126,0.0,0.029203749958773007,0.7675890091309666
US-5443512-A,0.20238713025428126,0.0,0.029203749958773007,0.7981257988793932
US-5447503-A,0.20238713025428126,0.0,0.029203749958773007,0.7808796382723765
US-5449372-A,0.20238713025428126,0.0,0.029203749958773007,0.7512057800829933
US-5449382-A,0.20238713025428126,0.0,0.029203749958773007,0.7632676380191349
US-5451235-A,0.20238713025428126,0.0,0.029203749958773007,0.7496078911091165
US-5453090-A,0.20238713025428126,0.0,0.029203749958773007,0.7322602668007449
US-5456722-A,0.20238713025428126,0.0,0.029203749958773007,0.7941445631604848
US-5458653-A,0.20238713025428126,0.0,0.029203749958773007,0.7857599422810118
US-5462561-A,0.20238713025428126,0.0,0.029203749958773007,0.7654580824287548
US-5464424-A,0.20238713025428126,0.0,0.029203749958773007,0.7539925512279075
US-5464425-A,0.20238713025428126,0.0,0.029203749958773007,0.7790871971069322
US-5464426-A,0.20238713025428126,0.0,0.029203749958773007,0.7654972888906008
US-5464427-A,0.20238713025428126,0.0,0.029203749958773007,0.7417502337382481
US-5467911-A,0.20238713025428126,0.0,0.029203749958773007,0.7859549611384271
US-5470337-A,0.20238713025428126,0.0,0.029203749958773007,0.7948623629765649
US-5472444-A,0.20238713025428126,0.0,0.029203749958773007,0.7579895199721951
US-5474554-A,0.20238713025428126,0.0,0.029203749958773007,0.7749206461183348
US-5478351-A,0.20238713025428126,0.0,0.029203749958773007,0.7747903891189686
US-5478353-A,0.20238713025428126,0.0,0.029203749958773007,0.78364479585469
US-5480403-A,0.20238713025428126,0.0,0.029203749958773007,0.760954962471828
US-5486197-A,0.20238713025428126,0.0,0.029203749958773007,0.7934048973144587
US-5487216-A,0.20238713025428126,0.0,0.029203749958773007,0.7544841515477075
US-5487844-A,0.20238713025428126,0.0,0.029203749958773007,0.708863829339949
US-5488958-A,0.20238713025428126,0.0,0.029203749958773007,0.7738360336655606
US-5496292-A,0.20238713025428126,0.0,0.029203749958773007,0.7391400311389285
US-5496335-A,0.20238713025428126,0.0,0.029203749958773007,0.7897449913565199
US-5496348-A,0.20238713025428126,0.0,0.029203749958773007,0.7627828777091562
US-5500000-A,0.20238713025428126,0.0,0.029203749958773007,0.7641980515625674
US-5501700-A,0.20238713025428126,0.0,0.029203749958773007,0.740584349570732
US-5504977-A,0.20238713025428126,0.0,0.029203749958773007,0.7096506831598176
US-5505735-A,0.20238713025428126,0.0,0.029203749958773007,0.7680328232932694
US-5507754-A,0.20238713025428126,0.0,0.029203749958773007,0.7542661925328832
US-5514153-A,0.20238713025428126,0.0,0.029203749958773007,0.7779836311281001
US-5518163-A,0.20238713025428126,0.0,0.029203749958773007,0.7952375809668961
US-5518164-A,0.20238713025428126,0.0,0.029203749958773007,0.7952375809668961
US-5520700-A,0.20238713025428126,0.0,0.029203749958773007,0.7840752460760301
US-5522844-A,0.20238713025428126,0.0,0.029203749958773007,0.7695484072513996
US-5522845-A,0.20238713025428126,0.0,0.029203749958773007,0.8112577929575854
US-5522846-A,0.20238713025428126,0.0,0.029203749958773007,0.762271656692347
US-5527341-A,0.20238713025428126,0.0,0.029203749958773007,0.7825923416996412
US-5527342-A,0.20238713025428126,0.0,0.029203749958773007,0.7810316757931584
US-5527343-A,0.20238713025428126,0.0,0.029203749958773007,0.7628275805043832
US-5528844-A,0.20238713025428126,0.0,0.029203749958773007,0.7138738544357578
US-5529075-A,0.20238713025428126,0.0,0.029203749958773007,0.7535771023844425
US-5531759-A,0.20238713025428126,0.0,0.029203749958773007,0.7608221844554109
US-5534012-A,0.20238713025428126,0.0,0.029203749958773007,0.7664799580213335
US-5534028-A,0.20238713025428126,0.0,0.029203749958773007,0.7267251472938321
US-5540703-A,0.20238713025428126,0.0,0.029203749958773007,0.8021159592802617
US-5540718-A,0.20238713025428126,0.0,0.029203749958773007,0.7936783727836334
US-5542423-A,0.20238713025428126,0.0,0.029203749958773007,0.7673620468849014
US-5545178-A,0.20238713025428126,0.0,0.029203749958773007,0.7692988219412553
US-5545180-A,0.20238713025428126,0.0,0.029203749958773007,0.7898599291085717
US-5545206-A,0.20238713025428126,0.0,0.029203749958773007,0.7489487350603459
US-5549630-A,0.20238713025428126,0.0,0.029203749958773007,0.7664799580213335
US-5549631-A,0.20238713025428126,0.0,0.029203749958773007,0.7654972888906008
US-5556402-A,0.20238713025428126,0.0,0.029203749958773007,0.7729946937795
US-5562688-A,0.20238713025428126,0.0,0.029203749958773007,0.7523663276576926
US-5569252-A,0.20238713025428126,0.0,0.029203749958773007,0.7653507087242077
US-5569305-A,0.20238713025428126,0.0,0.029203749958773007,0.7664799580213335
US-5569306-A,0.20238713025428126,0.0,0.029203749958773007,0.7864716405119399
US-5573517-A,0.20238713025428126,0.0,0.029203749958773007,0.7849960401538412
US-5573538-A,0.20238713025428126,0.0,0.029203749958773007,0.7839376467465958
US-5573542-A,0.20238713025428126,0.0,0.029203749958773007,0.7783149566430433
US-5575801-A,0.20238713025428126,0.0,0.029203749958773007,0.7855267159952865
US-5580344-A,0.20238713025428126,0.0,0.029203749958773007,0.7828248566380475
US-5584835-A,0.20238713025428126,0.0,0.029203749958773007,0.7882897634612024
US-5584860-A,0.20238713025428126,0.0,0.029203749958773007,0.7536033237622195
US-5584862-A,0.20238713025428126,0.0,0.029203749958773007,0.7664799580213335
US-5591206-A,0.20238713025428126,0.0,0.029203749958773007,0.7608901100287007
US-5593422-A,0.20238713025428126,0.0,0.029203749958773007,0.7541776628773651
US-5593425-A,0.20238713025428126,0.0,0.029203749958773007,0.7892587107858539
US-5593625-A,0.20238713025428126,0.0,0.029203749958773007,0.7200269578020239
US-5601557-A,0.20238713025428126,0.0,0.029203749958773007,0.78875054094259
US-5601558-A,0.20238713025428126,0.0,0.029203749958773007,0.7863573441609438
US-5601595-A,0.20238713025428126,0.0,0.029203749958773007,0.7408798891601905
US-5607427-A,0.20238713025428126,0.0,0.029203749958773007,0.8062612418753268
US-5609595-A,0.20238713025428126,0.0,0.029203749958773007,0.7834888647210528
US-5618314-A,0.20238713025428126,0.0,0.029203749958773007,0.7965902764682784
US-5620461-A,0.20238713025428126,0.0,0.029203749958773007,0.760156288375438
US-5626612-A,0.20238713025428126,0.0,0.029203749958773007,0.7915463280850294
US-5626614-A,0.20238713025428126,0.0,0.029203749958773007,0.7768004123031811
US-5626718-A,0.20238713025428126,0.0,0.029203749958773007,0.6840144890726457
US-5628446-A,0.20238713025428126,0.0,0.029203749958773007,0.795179816860868
US-5628751-A,0.20238713025428126,0.0,0.029203749958773007,0.797362710535914
US-5628756-A,0.20238713025428126,0.0,0.029203749958773007,0.8021159592802617
US-5630824-A,0.20238713025428126,0.0,0.029203749958773007,0.7650862369645646
US-5634926-A,0.20238713025428126,0.0,0.029203749958773007,0.8173178506802486
US-5643272-A,0.20238713025428126,0.0,0.029203749958773007,0.7718066446798627
US-5643274-A,0.20238713025428126,0.0,0.029203749958773007,0.797362710535914
US-5643293-A,0.20238713025428126,0.0,0.029203749958773007,0.7995487676724
US-5643295-A,0.20238713025428126,0.0,0.029203749958773007,0.7669733480457122
US-5643320-A,0.20238713025428126,0.0,0.029203749958773007,0.7767609307658452
US-5643321-A,0.20238713025428126,0.0,0.029203749958773007,0.7763806118638298
US-5645553-A,0.20238713025428126,0.0,0.029203749958773007,0.7612254068197045
US-5645597-A,0.20238713025428126,0.0,0.029203749958773007,0.73321595343818
US-5645599-A,0.20238713025428126,0.0,0.029203749958773007,0.7687520507414232
US-5649940-A,0.20238713025428126,0.0,0.029203749958773007,0.7710601117013133
US-5649955-A,0.20238713025428126,0.0,0.029203749958773007,0.7917558407187991
US-5649963-A,0.20238713025428126,0.0,0.029203749958773007,0.7731757020366199
US-5651377-A,0.20238713025428126,0.0,0.029203749958773007,0.7686258701934876
US-5658313-A,0.20238713025428126,0.0,0.029203749958773007,0.7864716405119399
US-5660225-A,0.20238713025428126,0.0,0.029203749958773007,0.7600470656089715
US-5662658-A,0.20238713025428126,0.0,0.029203749958773007,0.7746431216369685
US-5665089-A,0.20238713025428126,0.0,0.029203749958773007,0.7796874545129301
US-5665109-A,0.20238713025428126,0.0,0.029203749958773007,0.7767500377913805
US-5665112-A,0.20238713025428126,0.0,0.029203749958773007,0.7864716405119399
US-5667513-A,0.20238713025428126,0.0,0.029203749958773007,0.7603335529674512
US-5669917-A,0.20238713025428126,0.0,0.029203749958773007,0.7714044128262384
US-5674240-A,0.20238713025428126,0.0,0.029203749958773007,0.7736671700891674
US-5680981-A,0.20238713025428126,0.0,0.029203749958773007,0.7811967979562657
US-5681310-A,0.20238713025428126,0.0,0.029203749958773007,0.7645165459590398
US-5681333-A,0.20238713025428126,0.0,0.029203749958773007,0.7533682112340202
US-5681351-A,0.20238713025428126,0.0,0.029203749958773007,0.7509838967906786
US-5681352-A,0.20238713025428126,0.0,0.029203749958773007,0.7867940678130728
US-5683401-A,0.20238713025428126,0.0,0.029203749958773007,0.798864692843216
US-5683418-A,0.20238713025428126,0.0,0.029203749958773007,0.7622443584426236
US-5685820-A,0.20238713025428126,0.0,0.029203749958773007,0.7626731863976203
US-5688283-A,0.20238713025428126,0.0,0.029203749958773007,0.7614445362319179
US-5690654-A,0.20238713025428126,0.0,0.029203749958773007,0.7646939955185102
US-5690655-A,0.20238713025428126,0.0,0.029203749958773007,0.7710601117013133
US-5690674-A,0.20238713025428126,0.0,0.029203749958773007,0.7745372928552502
US-5690676-A,0.20238713025428126,0.0,0.029203749958773007,0.768458375799676
US-5693055-A,0.20238713025428126,0.0,0.029203749958773007,0.7633931056311455
US-5697950-A,0.20238713025428126,0.0,0.029203749958773007,0.7469451932302037
US-5702397-A,0.20238713025428126,0.0,0.029203749958773007,0.7961522586544844
US-5702462-A,0.20238713025428126,0.0,0.029203749958773007,0.7546903157447519
US-5707395-A,0.20238713025428126,0.0,0.029203749958773007,0.7552296713371461
US-5713903-A,0.20238713025428126,0.0,0.029203749958773007,0.8057503315439796
US-5713921-A,0.20238713025428126,0.0,0.029203749958773007,0.795189658992516
US-5718717-A,0.20238713025428126,0.0,0.029203749958773007,0.7608549763257978
US-5720747-A,0.20238713025428126,0.0,0.029203749958773007,0.7613619490121745
US-5720753-A,0.20238713025428126,0.0,0.029203749958773007,0.8060619052846519
US-5725529-A,0.20238713025428126,0.0,0.029203749958773007,0.7678926204449581
US-5725541-A,0.20238713025428126,0.0,0.029203749958773007,0.7929646740252364
US-5725556-A,0.20238713025428126,0.0,0.029203749958773007,0.7851998132352483
US-5725582-A,0.20238713025428126,0.0,0.029203749958773007,0.7915416873176366
US-5730747-A,0.20238713025428126,0.0,0.029203749958773007,0.7629157343275375
US-5733306-A,0.20238713025428126,0.0,0.029203749958773007,0.7664799580213335
US-5735875-A,0.20238713025428126,0.0,0.029203749958773007,0.7892587107858539
US-5735877-A,0.20238713025428126,0.0,0.029203749958773007,0.756015896981644
US-5735899-A,0.20238713025428126,0.0,0.029203749958773007,0.801707381754824
US-5741268-A,0.20238713025428126,0.0,0.029203749958773007,0.7883164010607068
US-5741282-A,0.20238713025428126,0.0,0.029203749958773007,0.8083136026827813
US-5743915-A,0.20238713025428126,0.0,0.029203749958773007,0.784938521543491
US-5748767-A,0.20238713025428126,0.0,0.029203749958773007,0.8101952081152723
US-5752952-A,0.20238713025428126,0.0,0.029203749958773007,0.7980831572188715
US-5752974-A,0.20238713025428126,0.0,0.029203749958773007,0.7880813748455013
US-5755809-A,0.20238713025428126,0.0,0.029203749958773007,0.7816895203417509
US-5766126-A,0.20238713025428126,0.0,0.029203749958773007,0.7733254850560118
US-5766221-A,0.20238713025428126,0.0,0.029203749958773007,0.7913907193849716
US-5769092-A,0.20238713025428126,0.0,0.029203749958773007,0.8098809348415814
US-5769894-A,0.20238713025428126,0.0,0.029203749958773007,0.7864785874442162
US-5772672-A,0.20238713025428126,0.0,0.029203749958773007,0.773377958101686
US-5776136-A,0.20238713025428126,0.0,0.029203749958773007,0.7817669872558692
US-5776151-A,0.20238713025428126,0.0,0.029203749958773007,0.7803626713123331
US-5779706-A,0.20238713025428126,0.0,0.029203749958773007,0.8031110868269261
US-5779719-A,0.20238713025428126,0.0,0.029203749958773007,0.7785414389919156
US-5782862-A,0.20238713025428126,0.0,0.029203749958773007,0.7599549422619778
US-5785713-A,0.20238713025428126,0.0,0.029203749958773007,0.765911399836514
US-5792096-A,0.20238713025428126,0.0,0.029203749958773007,0.7178756285283696
US-5797931-A,0.20238713025428126,0.0,0.029203749958773007,0.7995170756747513
US-5797963-A,0.20238713025428126,0.0,0.029203749958773007,0.7764872627816607
US-5800537-A,0.20238713025428126,0.0,0.029203749958773007,0.7421709811549982
US-5807403-A,0.20238713025428126,0.0,0.029203749958773007,0.8218116457769125
US-5810849-A,0.20238713025428126,0.0,0.029203749958773007,0.7824182954735038
US-5810853-A,0.20238713025428126,0.0,0.029203749958773007,0.7494281751681876
US-5810884-A,0.20238713025428126,0.0,0.029203749958773007,0.7676479969529834
US-5814072-A,0.20238713025428126,0.0,0.029203749958773007,0.7635696013340794
US-5814073-A,0.20238713025428126,0.0,0.029203749958773007,0.7679845639921086
US-5817107-A,0.20238713025428126,0.0,0.029203749958773007,0.7739201409586468
US-5823994-A,0.20238713025428126,0.0,0.029203749958773007,0.7661051166259181
US-5824009-A,0.20238713025428126,0.0,0.029203749958773007,0.7588896675295195
US-5830125-A,0.20238713025428126,0.0,0.029203749958773007,0.7863043858656782
US-5836897-A,0.20238713025428126,0.0,0.029203749958773007,0.7362647116514278
US-5839899-A,0.20238713025428126,0.0,0.029203749958773007,0.7839551540104583
US-5843178-A,0.20238713025428126,0.0,0.029203749958773007,0.7651053527251317
US-5844142-A,0.20238713025428126,0.0,0.029203749958773007,0.7578101858348824
US-5845645-A,0.20238713025428126,0.0,0.029203749958773007,0.7654920897872214
US-5847394-A,0.20238713025428126,0.0,0.029203749958773007,0.710700425777995
US-5851185-A,0.20238713025428126,0.0,0.029203749958773007,0.7475860818620259
US-5865728-A,0.20238713025428126,0.0,0.029203749958773007,0.7656551445359344
US-5865834-A,0.20238713025428126,0.0,0.029203749958773007,0.7839269334790656
US-5866634-A,0.20238713025428126,0.0,0.029203749958773007,0.69755346014287
US-5868749-A,0.20238713025428126,0.0,0.029203749958773007,0.8384035104118696
US-5873212-A,0.20238713025428126,0.0,0.029203749958773007,0.7614244327561944
US-5873891-A,0.20238713025428126,0.0,0.029203749958773007,0.777881802904966
US-5874235-A,0.20238713025428126,0.0,0.029203749958773007,0.7089978890006088
US-5879371-A,0.20238713025428126,0.0,0.029203749958773007,0.772169322595546
US-5879372-A,0.20238713025428126,0.0,0.029203749958773007,0.7915463280850294
US-5891166-A,0.20238713025428126,0.0,0.029203749958773007,0.7560757107722416
US-5891168-A,0.20238713025428126,0.0,0.029203749958773007,0.7591348116998724
US-5893880-A,0.20238713025428126,0.0,0.029203749958773007,0.7644260233242194
US-5897574-A,0.20238713025428126,0.0,0.029203749958773007,0.7599549422619778
US-5899911-A,0.20238713025428126,0.0,0.029203749958773007,0.7787178395331976
US-5899921-A,0.20238713025428126,0.0,0.029203749958773007,0.7592688407421465
US-5906579-A,0.20238713025428126,0.0,0.029203749958773007,0.7595535249852459
US-5906625-A,0.20238713025428126,0.0,0.029203749958773007,0.7995170756747513
US-5908429-A,0.20238713025428126,0.0,0.029203749958773007,0.778983668256877
US-5911449-A,0.20238713025428126,0.0,0.029203749958773007,0.7657478320176201
US-5911721-A,0.20238713025428126,0.0,0.029203749958773007,0.7606551157165227
US-5915751-A,0.20238713025428126,0.0,0.029203749958773007,0.7588364623211143
US-5918604-A,0.20238713025428126,0.0,0.029203749958773007,0.7853442521631093
US-5919193-A,0.20238713025428126,0.0,0.029203749958773007,0.7873319887818897
US-5919194-A,0.20238713025428126,0.0,0.029203749958773007,0.7677674582759355
US-5919208-A,0.20238713025428126,0.0,0.029203749958773007,0.7745438986802672
US-5919215-A,0.20238713025428126,0.0,0.029203749958773007,0.7336924987424829
US-5921986-A,0.20238713025428126,0.0,0.029203749958773007,0.7791377988070538
US-5924976-A,0.20238713025428126,0.0,0.029203749958773007,0.789953228211409
US-5925064-A,0.20238713025428126,0.0,0.029203749958773007,0.7943957162225477
US-5928244-A,0.20238713025428126,0.0,0.029203749958773007,0.7788006736086011
US-5928267-A,0.20238713025428126,0.0,0.029203749958773007,0.7892587107858539
US-5931838-A,0.20238713025428126,0.0,0.029203749958773007,0.7566251837964977
US-5931869-A,0.20238713025428126,0.0,0.029203749958773007,0.7810165390369752
US-5937504-A,0.20238713025428126,0.0,0.029203749958773007,0.7593213171801515
US-5940942-A,0.20238713025428126,0.0,0.029203749958773007,0.717407920432161
US-5941900-A,0.20238713025428126,0.0,0.029203749958773007,0.7664799580213335
US-5941901-A,0.20238713025428126,0.0,0.029203749958773007,0.7797895938051571
US-5945002-A,0.20238713025428126,0.0,0.029203749958773007,0.7135940635892526
US-5947982-A,0.20238713025428126,0.0,0.029203749958773007,0.7653298064241143
US-5948000-A,0.20238713025428126,0.0,0.029203749958773007,0.769367596118109
US-5948001-A,0.20238713025428126,0.0,0.029203749958773007,0.769367596118109
US-5948002-A,0.20238713025428126,0.0,0.029203749958773007,0.7523918036074033
US-5951590-A,0.20238713025428126,0.0,0.029203749958773007,0.7527495261912297
US-5956927-A,0.20238713025428126,0.0,0.029203749958773007,0.7733635321137623
US-5957953-A,0.20238713025428126,0.0,0.029203749958773007,0.7512141105142428
US-5961499-A,0.20238713025428126,0.0,0.029203749958773007,0.7736671700891674
US-5961521-A,0.20238713025428126,0.0,0.029203749958773007,0.7833289157537511
US-5961538-A,0.20238713025428126,0.0,0.029203749958773007,0.761113189386844
US-5961554-A,0.20238713025428126,0.0,0.029203749958773007,0.7668681245558712
US-5964075-A,0.20238713025428126,0.0,0.029203749958773007,0.7717440967394708
US-5964765-A,0.20238713025428126,0.0,0.029203749958773007,0.7874465554063691
US-5964769-A,0.20238713025428126,0.0,0.029203749958773007,0.8026900597153814
US-5967970-A,0.20238713025428126,0.0,0.029203749958773007,0.7661626261979747
US-5968046-A,0.20238713025428126,0.0,0.029203749958773007,0.7785759049113703
US-5968047-A,0.20238713025428126,0.0,0.029203749958773007,0.8384035104118696
US-5970686-A,0.20238713025428126,0.0,0.029203749958773007,0.7715353621996989
US-5980520-A,0.20238713025428126,0.0,0.029203749958773007,0.7321153903512504
US-5980558-A,0.20238713025428126,0.0,0.029203749958773007,0.7780757685708505
US-5980559-A,0.20238713025428126,0.0,0.029203749958773007,0.7605635052645597
US-5983601-A,0.20238713025428126,0.0,0.029203749958773007,0.7631271313476676
US-5984929-A,0.20238713025428126,0.0,0.029203749958773007,0.768778925056572
US-5987848-A,0.20238713025428126,0.0,0.029203749958773007,0.7686325074967213
US-5989282-A,0.20238713025428126,0.0,0.029203749958773007,0.795189658992516
US-5993458-A,0.20238713025428126,0.0,0.029203749958773007,0.7780851290546195
US-5993477-A,0.20238713025428126,0.0,0.029203749958773007,0.7735171863117051
US-6007567-A,0.20238713025428126,0.0,0.029203749958773007,0.7605635052645597
US-6007580-A,0.20238713025428126,0.0,0.029203749958773007,0.7701399144233247
US-6010525-A,0.20238713025428126,0.0,0.029203749958773007,0.7601119121231289
US-6010526-A,0.20238713025428126,0.0,0.029203749958773007,0.7548978296932445
US-6012216-A,0.20238713025428126,0.0,0.029203749958773007,0.7641799739079026
US-6014851-A,0.20238713025428126,0.0,0.029203749958773007,0.777609410343321
US-6017321-A,0.20238713025428126,0.0,0.029203749958773007,0.7062663988645823
US-6032343-A,0.20238713025428126,0.0,0.029203749958773007,0.7543246045688557
US-6033429-A,0.20238713025428126,0.0,0.029203749958773007,0.7701030840810423
US-6033430-A,0.20238713025428126,0.0,0.029203749958773007,0.7523918036074033
US-6045551-A,0.20238713025428126,0.0,0.029203749958773007,0.7764265919428806
US-6050998-A,0.20238713025428126,0.0,0.029203749958773007,0.7726594303447073
US-6056751-A,0.20238713025428126,0.0,0.029203749958773007,0.7791584985295097
US-6056772-A,0.20238713025428126,0.0,0.029203749958773007,0.7679845639921086
US-6056773-A,0.20238713025428126,0.0,0.029203749958773007,0.7664799580213335
US-6059797-A,0.20238713025428126,0.0,0.029203749958773007,0.722446592718285
US-6059817-A,0.20238713025428126,0.0,0.029203749958773007,0.7892587107858539
US-6059827-A,0.20238713025428126,0.0,0.029203749958773007,0.7671385178937318
US-6063095-A,0.20238713025428126,0.0,0.029203749958773007,0.7848923813349648
US-6066151-A,0.20238713025428126,0.0,0.029203749958773007,0.7825195616085067
US-6066160-A,0.20238713025428126,0.0,0.029203749958773007,0.7634230326406296
US-6066166-A,0.20238713025428126,0.0,0.029203749958773007,0.7271601075329586
US-6068637-A,0.20238713025428126,0.0,0.029203749958773007,0.7684536874285274
US-6068648-A,0.20238713025428126,0.0,0.029203749958773007,0.7761390786726549
US-6074409-A,0.20238713025428126,0.0,0.029203749958773007,0.7527495261912297
US-6077277-A,0.20238713025428126,0.0,0.029203749958773007,0.7712047520869467
US-6077292-A,0.20238713025428126,0.0,0.029203749958773007,0.7664799580213335
US-6080161-A,0.20238713025428126,0.0,0.029203749958773007,0.783044188103158
US-6081981-A,0.20238713025428126,0.0,0.029203749958773007,0.7722109054433044
US-6083244-A,0.20238713025428126,0.0,0.029203749958773007,0.7778509064686601
US-6083522-A,0.20238713025428126,0.0,0.029203749958773007,0.7682952306468878
US-6086593-A,0.20238713025428126,0.0,0.029203749958773007,0.8024605349494126
US-6086608-A,0.20238713025428126,0.0,0.029203749958773007,0.7669717045730625
US-6090072-A,0.20238713025428126,0.0,0.029203749958773007,0.7313739976323488
US-6099531-A,0.20238713025428126,0.0,0.029203749958773007,0.7858727355859668
US-6099537-A,0.20238713025428126,0.0,0.029203749958773007,0.796887831852484
US-6099547-A,0.20238713025428126,0.0,0.029203749958773007,0.793730743226863
US-6099550-A,0.20238713025428126,0.0,0.029203749958773007,0.7848351885484425
US-6099552-A,0.20238713025428126,0.0,0.029203749958773007,0.7828032664244747
US-6102850-A,0.20238713025428126,0.0,0.029203749958773007,0.7893128739176121
US-6106545-A,0.20238713025428126,0.0,0.029203749958773007,0.7529677431068841
US-6117160-A,0.20238713025428126,0.0,0.029203749958773007,0.7791377988070538
US-6120536-A,0.20238713025428126,0.0,0.029203749958773007,0.7526707149184437
US-6125574-A,0.20238713025428126,0.0,0.029203749958773007,0.7079318072690732
US-6126677-A,0.20238713025428126,0.0,0.029203749958773007,0.7723676253985012
US-6132368-A,0.20238713025428126,0.0,0.029203749958773007,0.785991968213534
US-6139320-A,0.20238713025428126,0.0,0.029203749958773007,0.7706921509382768
US-6149658-A,0.20238713025428126,0.0,0.029203749958773007,0.7908272825565938
US-6149669-A,0.20238713025428126,0.0,0.029203749958773007,0.7846989772535656
US-6152949-A,0.20238713025428126,0.0,0.029203749958773007,0.7605635052645597
US-6155756-A,0.20238713025428126,0.0,0.029203749958773007,0.7645596066073514
US-6159224-A,0.20238713025428126,0.0,0.029203749958773007,0.7899528621343429
US-6159234-A,0.20238713025428126,0.0,0.029203749958773007,0.7599721832657191
US-6171307-B1,0.20238713025428126,0.0,0.029203749958773007,0.767641225731268
US-6174324-B1,0.20238713025428126,0.0,0.029203749958773007,0.7604660762926129
US-6179840-B1,0.20238713025428126,0.0,0.029203749958773007,0.7982808762773232
US-6179850-B1,0.20238713025428126,0.0,0.029203749958773007,0.743912240801595
US-6187008-B1,0.20238713025428126,0.0,0.029203749958773007,0.7909723488190722
US-6190400-B1,0.20238713025428126,0.0,0.029203749958773007,0.760156288375438
US-6190401-B1,0.20238713025428126,0.0,0.029203749958773007,0.7725292937111897
US-6200322-B1,0.20238713025428126,0.0,0.029203749958773007,0.7733928091275372
US-6200329-B1,0.20238713025428126,0.0,0.029203749958773007,0.7665423011256538
US-6205748-B1,0.20238713025428126,0.0,0.029203749958773007,0.7688888584845589
US-6217591-B1,0.20238713025428126,0.0,0.029203749958773007,0.7729231132585945
US-6224593-B1,0.20238713025428126,0.0,0.029203749958773007,0.7402697028402856
US-6224630-B1,0.20238713025428126,0.0,0.029203749958773007,0.7839493552934651
US-6228086-B1,0.20238713025428126,0.0,0.029203749958773007,0.7615438519098218
US-6231565-B1,0.20238713025428126,0.0,0.029203749958773007,0.7732584562526936
US-6231592-B1,0.20238713025428126,0.0,0.029203749958773007,0.7600924486525588
US-6238395-B1,0.20238713025428126,0.0,0.029203749958773007,0.7764265919428806
US-6238396-B1,0.20238713025428126,0.0,0.029203749958773007,0.7512782862132784
US-6241749-B1,0.20238713025428126,0.0,0.029203749958773007,0.7712876343826611
US-6258091-B1,0.20238713025428126,0.0,0.029203749958773007,0.7724125774214107
US-6263558-B1,0.20238713025428126,0.0,0.029203749958773007,0.7593650185896919
US-6264675-B1,0.20238713025428126,0.0,0.029203749958773007,0.7871712089603389
US-6267761-B1,0.20238713025428126,0.0,0.029203749958773007,0.7554285420655341
US-6273717-B1,0.20238713025428126,0.0,0.029203749958773007,0.7602775603840656
US-6280474-B1,0.20238713025428126,0.0,0.029203749958773007,0.7820934970452676
US-6286746-B1,0.20238713025428126,0.0,0.029203749958773007,0.7644260233242194
US-6287325-B1,0.20238713025428126,0.0,0.029203749958773007,0.7664799580213335
US-6293961-B2,0.20238713025428126,0.0,0.029203749958773007,0.7699868854980657
US-6306159-B1,0.20238713025428126,0.0,0.029203749958773007,0.7639119671073263
US-6309405-B1,0.20238713025428126,0.0,0.029203749958773007,0.795189658992516
US-6312448-B1,0.20238713025428126,0.0,0.029203749958773007,0.7573221805832882
US-6319252-B1,0.20238713025428126,0.0,0.029203749958773007,0.7773988075839121
US-6319271-B1,0.20238713025428126,0.0,0.029203749958773007,0.7710034640281264
US-6327491-B1,0.20238713025428126,0.0,0.029203749958773007,0.8012753116247754
US-6338730-B1,0.20238713025428126,0.0,0.029203749958773007,0.7736671700891674
US-6340365-B2,0.20238713025428126,0.0,0.029203749958773007,0.7726891838948581
US-6348056-B1,0.20238713025428126,0.0,0.029203749958773007,0.7576414862241023
US-6358271-B1,0.20238713025428126,0.0,0.029203749958773007,0.7642206275252786
US-6364897-B1,0.20238713025428126,0.0,0.029203749958773007,0.7679845639921086
US-6368325-B1,0.20238713025428126,0.0,0.029203749958773007,0.790725058654211
US-6368326-B1,0.20238713025428126,0.0,0.029203749958773007,0.7808204676915723
US-6368343-B1,0.20238713025428126,0.0,0.029203749958773007,0.7707182447816809
US-6371957-B1,0.20238713025428126,0.0,0.029203749958773007,0.7468316067803245
US-6395007-B1,0.20238713025428126,0.0,0.029203749958773007,0.8247731725739434
US-6409742-B1,0.20238713025428126,0.0,0.029203749958773007,0.7715213835689742
US-6409743-B1,0.20238713025428126,0.0,0.029203749958773007,0.750962199955579
US-6419704-B1,0.20238713025428126,0.0,0.029203749958773007,0.7379974549938366
US-6423072-B1,0.20238713025428126,0.0,0.029203749958773007,0.7891139949322146
US-6423088-B1,0.20238713025428126,0.0,0.029203749958773007,0.7602023169968959
US-6425919-B1,0.20238713025428126,0.0,0.029203749958773007,0.7490823791018714
US-6428562-B2,0.20238713025428126,0.0,0.029203749958773007,0.7562335996224557
US-6432115-B1,0.20238713025428126,0.0,0.029203749958773007,0.7749010301575996
US-6436107-B1,0.20238713025428126,0.0,0.029203749958773007,0.7924118063830053
US-6447516-B1,0.20238713025428126,0.0,0.029203749958773007,0.793233837554837
US-6447550-B1,0.20238713025428126,0.0,0.029203749958773007,0.7150238406191552
US-6450985-B1,0.20238713025428126,0.0,0.029203749958773007,0.7134700617314244
US-6451027-B1,0.20238713025428126,0.0,0.029203749958773007,0.7769282931076841
US-6461360-B1,0.20238713025428126,0.0,0.029203749958773007,0.7597407552251418
US-6468293-B2,0.20238713025428126,0.0,0.029203749958773007,0.7600924486525588
US-6471715-B1,0.20238713025428126,0.0,0.029203749958773007,0.7551458439384794
US-6475230-B1,0.20238713025428126,0.0,0.029203749958773007,0.7582426037117712
US-6488196-B1,0.20238713025428126,0.0,0.029203749958773007,0.7727209826878412
US-6496003-B1,0.20238713025428126,0.0,0.029203749958773007,0.6932000912183371
US-6500195-B2,0.20238713025428126,0.0,0.029203749958773007,0.7665350573236289
US-6503259-B2,0.20238713025428126,0.0,0.029203749958773007,0.7732457132634165
US-6527774-B2,0.20238713025428126,0.0,0.029203749958773007,0.77333783357353
US-6530933-B1,0.20238713025428126,0.0,0.029203749958773007,0.7536664005825742
US-6533157-B1,0.20238713025428126,0.0,0.029203749958773007,0.7324112050215724
US-6533818-B1,0.20238713025428126,0.0,0.029203749958773007,0.7668358236796922
US-6535764-B2,0.20238713025428126,0.0,0.029203749958773007,0.7356422573018631
US-6544267-B1,0.20238713025428126,0.0,0.029203749958773007,0.7761390786726549
US-6545909-B2,0.20238713025428126,0.0,0.029203749958773007,0.6990288213665252
US-6547792-B1,0.20238713025428126,0.0,0.029203749958773007,0.775726455171304
US-6551304-B1,0.20238713025428126,0.0,0.029203749958773007,0.6984214247628816
US-6554852-B1,0.20238713025428126,0.0,0.029203749958773007,0.7930629839472706
US-6557426-B2,0.20238713025428126,0.0,0.029203749958773007,0.7721899859985668
US-6558390-B2,0.20238713025428126,0.0,0.029203749958773007,0.7635803874251245
US-6562043-B1,0.20238713025428126,0.0,0.029203749958773007,0.7698049838646513
US-6565554-B1,0.20238713025428126,0.0,0.029203749958773007,0.7385779091793628
US-6568313-B2,0.20238713025428126,0.0,0.029203749958773007,0.7125298763506931
US-6569167-B1,0.20238713025428126,0.0,0.029203749958773007,0.8062399541576161
US-6569187-B1,0.20238713025428126,0.0,0.029203749958773007,0.7599721832657191
US-6572635-B1,0.20238713025428126,0.0,0.029203749958773007,0.7605635052645597
US-6585746-B2,0.20238713025428126,0.0,0.029203749958773007,0.7832952307273974
US-6585750-B2,0.20238713025428126,0.0,0.029203749958773007,0.7708882370949746
US-6585764-B2,0.20238713025428126,0.0,0.029203749958773007,0.7319397416069948
US-6592609-B1,0.20238713025428126,0.0,0.029203749958773007,0.7946685614490809
US-6594517-B1,0.20238713025428126,0.0,0.029203749958773007,0.7352657691378464
US-6605090-B1,0.20238713025428126,0.0,0.029203749958773007,0.8065284344142418
US-6610080-B2,0.20238713025428126,0.0,0.029203749958773007,0.776363448343237
US-6618910-B1,0.20238713025428126,0.0,0.029203749958773007,0.7119254640890016
US-6623486-B1,0.20238713025428126,0.0,0.029203749958773007,0.7802890423011122
US-6623487-B1,0.20238713025428126,0.0,0.029203749958773007,0.7722045569439847
US-6626944-B1,0.20238713025428126,0.0,0.029203749958773007,0.7506468301884309
US-6632245-B2,0.20238713025428126,0.0,0.029203749958773007,0.7696603398268871
US-6635073-B2,0.20238713025428126,0.0,0.029203749958773007,0.7635436988798397
US-6638279-B2,0.20238713025428126,0.0,0.029203749958773007,0.7764265919428806
US-6641592-B1,0.20238713025428126,0.0,0.029203749958773007,0.7771244401342908
US-6645227-B2,0.20238713025428126,0.0,0.029203749958773007,0.7606865644522484
US-6666877-B2,0.20238713025428126,0.0,0.029203749958773007,0.7842637325950695
US-6669705-B2,0.20238713025428126,0.0,0.029203749958773007,0.7528818083795545
US-6679888-B2,0.20238713025428126,0.0,0.029203749958773007,0.782303652041188
US-6685750-B1,0.20238713025428126,0.0,0.029203749958773007,0.718435697678277
US-6699177-B1,0.20238713025428126,0.0,0.029203749958773007,0.8124815823653267
US-6699240-B2,0.20238713025428126,0.0,0.029203749958773007,0.7372713782675544
US-6705179-B1,0.20238713025428126,0.0,0.029203749958773007,0.687158886231414
US-6709457-B1,0.20238713025428126,0.0,0.029203749958773007,0.7710909093372634
US-6712828-B2,0.20238713025428126,0.0,0.029203749958773007,0.7683438531803402
US-6714841-B1,0.20238713025428126,0.0,0.029203749958773007,0.7803589882648717
US-6719765-B2,0.20238713025428126,0.0,0.029203749958773007,0.7787353405489532
US-6719797-B1,0.20238713025428126,0.0,0.029203749958773007,0.7313075490606785
US-6722552-B2,0.20238713025428126,0.0,0.029203749958773007,0.7592845488692003
US-6731988-B1,0.20238713025428126,0.0,0.029203749958773007,0.7434711540572431
US-6733506-B1,0.20238713025428126,0.0,0.029203749958773007,0.8171079722761707
US-6733531-B1,0.20238713025428126,0.0,0.029203749958773007,0.757476160033557
US-6764514-B1,0.20238713025428126,0.0,0.029203749958773007,0.7616498919834037
US-6770079-B2,0.20238713025428126,0.0,0.029203749958773007,0.8266912520050612
US-6780198-B1,0.20238713025428126,0.0,0.029203749958773007,0.7978057459850735
US-6783524-B2,0.20238713025428126,0.0,0.029203749958773007,0.7678247423418628
US-6786989-B2,0.20238713025428126,0.0,0.029203749958773007,0.7474891412162358
US-6796003-B1,0.20238713025428126,0.0,0.029203749958773007,0.7152317170068024
US-6799065-B1,0.20238713025428126,0.0,0.029203749958773007,0.7795068050253791
US-6818010-B2,0.20238713025428126,0.0,0.029203749958773007,0.7800270028850933
US-6823871-B2,0.20238713025428126,0.0,0.029203749958773007,0.7940557990885184
US-6827712-B2,0.20238713025428126,0.0,0.029203749958773007,0.7732584562526936
US-6840938-B1,0.20238713025428126,0.0,0.029203749958773007,0.7627494395230596
US-6843403-B2,0.20238713025428126,0.0,0.029203749958773007,0.7547200690167837
US-6860878-B2,0.20238713025428126,0.0,0.029203749958773007,0.7604768511961609
US-6860885-B2,0.20238713025428126,0.0,0.029203749958773007,0.7933473038332144
US-6869437-B1,0.20238713025428126,0.0,0.029203749958773007,0.7744692688622743
US-6878167-B2,0.20238713025428126,0.0,0.029203749958773007,0.780698113129879
US-6884264-B2,0.20238713025428126,0.0,0.029203749958773007,0.7561141674663213
US-6890334-B2,0.20238713025428126,0.0,0.029203749958773007,0.7737391393677366
US-6893434-B2,0.20238713025428126,0.0,0.029203749958773007,0.7874536844083461
US-6899722-B2,0.20238713025428126,0.0,0.029203749958773007,0.795189658992516
US-6913666-B1,0.20238713025428126,0.0,0.029203749958773007,0.7407405263569414
US-6916321-B2,0.20238713025428126,0.0,0.029203749958773007,0.7747777872001556
US-6921264-B2,0.20238713025428126,0.0,0.029203749958773007,0.7739929073197391
US-6923824-B2,0.20238713025428126,0.0,0.029203749958773007,0.7747497096042046
US-6932835-B2,0.20238713025428126,0.0,0.029203749958773007,0.76172900840147
US-6942684-B2,0.20238713025428126,0.0,0.029203749958773007,0.7679845639921086
US-6944111-B2,0.20238713025428126,0.0,0.029203749958773007,0.7197411124201871
US-6951535-B2,0.20238713025428126,0.0,0.029203749958773007,0.787949033662881
US-6955540-B2,0.20238713025428126,0.0,0.029203749958773007,0.7468081447981735
US-6955683-B2,0.20238713025428126,0.0,0.029203749958773007,0.7605635052645597
US-6958077-B2,0.20238713025428126,0.0,0.029203749958773007,0.7295420134031284
US-6987983-B2,0.20238713025428126,0.0,0.029203749958773007,0.7119250695124626
US-6997940-B2,0.20238713025428126,0.0,0.029203749958773007,0.7749836280013019
US-7001411-B1,0.20238713025428126,0.0,0.029203749958773007,0.7691347894893065
US-7004959-B2,0.20238713025428126,0.0,0.029203749958773007,0.7572477884122893
US-7008226-B2,0.20238713025428126,0.0,0.029203749958773007,0.7647589689366838
US-7013191-B2,0.20238713025428126,0.0,0.029203749958773007,0.7691772585029388
US-7018380-B2,0.20238713025428126,0.0,0.029203749958773007,0.7817164611819661
US-7033379-B2,0.20238713025428126,0.0,0.029203749958773007,0.7419355249870769
US-7048755-B2,0.20238713025428126,0.0,0.029203749958773007,0.7582426037117712
US-7066960-B1,0.20238713025428126,0.0,0.029203749958773007,0.7491112413707517
US-7087073-B2,0.20238713025428126,0.0,0.029203749958773007,0.7635436988798397
US-7090111-B2,0.20238713025428126,0.0,0.029203749958773007,0.7360419310049312
US-7090683-B2,0.20238713025428126,0.0,0.029203749958773007,0.7623504027241632
US-7094251-B2,0.20238713025428126,0.0,0.029203749958773007,0.7567706722951284
US-7128763-B1,0.20238713025428126,0.0,0.029203749958773007,0.793790413216868
US-7147652-B2,0.20238713025428126,0.0,0.029203749958773007,0.7600924486525588
US-7153312-B1,0.20238713025428126,0.0,0.029203749958773007,0.7692351031847801
US-7160405-B2,0.20238713025428126,0.0,0.029203749958773007,0.7258141908383539
US-7179259-B1,0.20238713025428126,0.0,0.029203749958773007,0.7747721050941746
US-7192448-B2,0.20238713025428126,0.0,0.029203749958773007,0.809331534089281
US-7209776-B2,0.20238713025428126,0.0,0.029203749958773007,0.7725927529948762
US-7217279-B2,0.20238713025428126,0.0,0.029203749958773007,0.761067031259311
US-7217290-B2,0.20238713025428126,0.0,0.029203749958773007,0.7892587107858539
US-7241297-B2,0.20238713025428126,0.0,0.029203749958773007,0.7830864426797818
US-7250051-B2,0.20238713025428126,0.0,0.029203749958773007,0.7356747655372813
US-7252685-B2,0.20238713025428126,0.0,0.029203749958773007,0.7852449290107771
US-7273497-B2,0.20238713025428126,0.0,0.029203749958773007,0.7526562820672276
US-7297142-B2,0.20238713025428126,0.0,0.029203749958773007,0.7667366575490445
US-7329263-B2,0.20238713025428126,0.0,0.029203749958773007,0.7709076319218995
US-7331932-B2,0.20238713025428126,0.0,0.029203749958773007,0.7679567176823006
US-7335205-B2,0.20238713025428126,0.0,0.029203749958773007,0.770440330064157
US-7445634-B2,0.20238713025428126,0.0,0.029203749958773007,0.7471847111697056
US-7477926-B2,0.20238713025428126,0.0,0.029203749958773007,0.7587426131931821
US-7481825-B2,0.20238713025428126,0.0,0.029203749958773007,0.8057959634096095
US-7481831-B2,0.20238713025428126,0.0,0.029203749958773007,0.7941356506385434
US-7510895-B2,0.20238713025428126,0.0,0.029203749958773007,0.7181716789756958
US-7641660-B2,0.20238713025428126,0.0,0.029203749958773007,0.820952385254482
US-7708741-B1,0.20238713025428126,0.0,0.029203749958773007,0.8031043615719616
US-7854750-B2,0.20238713025428126,0.0,0.029203749958773007,0.7497623401389856
US-7879072-B2,0.20238713025428126,0.0,0.029203749958773007,0.7736716078175245
US-7891691-B2,0.20238713025428126,0.0,0.029203749958773007,0.688396604779983
US-7959635-B1,0.20238713025428126,0.0,0.029203749958773007,0.8041156910996392
US-7967820-B2,0.20238713025428126,0.0,0.029203749958773007,0.7806953880846264
US-8046052-B2,0.20238713025428126,0.0,0.029203749958773007,0.7766296752679899
US-8073528-B2,0.20238713025428126,0.0,0.029203749958773007,0.7710107656192268
US-8128669-B2,0.20238713025428126,0.0,0.029203749958773007,0.7956098997568313
US-8140982-B2,0.20238713025428126,0.0,0.029203749958773007,0.7191946992609668
US-8147514-B2,0.20238713025428126,0.0,0.029203749958773007,0.7791377988070538
US-8162977-B2,0.20238713025428126,0.0,0.029203749958773007,0.7497554972675174
US-8214016-B2,0.20238713025428126,0.0,0.029203749958773007,0.8276246835721713
US-8221402-B2,0.20238713025428126,0.0,0.029203749958773007,0.7889818993424511
US-8429266-B2,0.20238713025428126,0.0,0.029203749958773007,0.7102774184595814
US-8500816-B2,0.20238713025428126,0.0,0.029203749958773007,0.7811870089008331
US-8532361-B2,0.20238713025428126,0.0,0.029203749958773007,0.8250959812102143
US-8560047-B2,0.20238713025428126,0.0,0.029203749958773007,0.7880192711070816
US-8617171-B2,0.20238713025428126,0.0,0.029203749958773007,0.7939157882691988
US-8702732-B2,0.20238713025428126,0.0,0.029203749958773007,0.7690867191006205
US-8737700-B2,0.20238713025428126,0.0,0.029203749958773007,0.7939157882691988
US-8740798-B2,0.20238713025428126,0.0,0.029203749958773007,0.7516746361111307
US-8781193-B2,0.20238713025428126,0.0,0.029203749958773007,0.76294995541142
US-8781556-B2,0.20238713025428126,0.0,0.029203749958773007,0.7382116331300261
US-8894634-B2,0.20238713025428126,0.0,0.029203749958773007,0.7688765260846965
US-8968320-B2,0.20238713025428126,0.0,0.029203749958773007,0.8030148822653199
US-9060797-B2,0.20238713025428126,0.0,0.029203749958773007,0.8102081165486483
US-9186046-B2,0.20238713025428126,0.0,0.029203749958773007,0.7555590906948227
US-9195926-B2,0.20238713025428126,0.0,0.029203749958773007,0.7005534184601813
US-9456765-B2,0.20238713025428126,0.0,0.029203749958773007,0.8108101835064553
US-9844414-B2,0.20238713025428126,0.0,0.029203749958773007,0.7818994464226218
US-9922410-B2,0.20238713025428126,0.0,0.029203749958773007,0.7121099111426739
US-RE34021-E,0.20238713025428126,0.0,0.029203749958773007,0.7839233013838638
US-RE36974-E,0.20238713025428126,0.0,0.029203749958773007,0.7628275805043832
WO-02053011-A2,0.20238713025428126,0.0,0.029203749958773007,0.7142388800945243
WO-2007092869-A2,0.20238713025428126,0.0,0.029203749958773007,0.7142388800945243
WO-2008116203-A2,0.20238713025428126,0.0,0.029203749958773007,0.7142388800945243
WO-2009029908-A1,0.20238713025428126,0.0,0.029203749958773007,0.7142388800945243
WO-2010099222-A1,0.20238713025428126,0.0,0.029203749958773007,0.7142388800945243
WO-2014163164-A1,0.20238713025428126,0.0,0.029203749958773007,0.7142388800945243
WO-2015020093-A1,0.20238713025428126,0.0,0.029203749958773007,0.7142388800945243
WO-9112779-A1,0.20238713025428126,0.0,0.029203749958773007,0.7142388800945243
WO-9323094-A1,0.20238713025428126,0.0,0.029203749958773007,0.7142388800945243
WO-9408642-A1,0.20238713025428126,0.0,0.029203749958773007,0.7142388800945243
WO-9516398-A1,0.20238713025428126,0.0,0.029203749958773007,0.7142388800945243
WO-9531941-A1,0.20238713025428126,0.0,0.029203749958773007,0.7142388800945243
WO-9614802-A1,0.20238713025428126,0.0,0.029203749958773007,0.7142388800945243
WO-9712779-A1,0.20238713025428126,0.0,0.029203749958773007,0.7142388800945243
WO-9749347-A1,0.20238713025428126,0.0,0.029203749958773007,0.7142388800945243
WO-9811838-A1,0.20238713025428126,0.0,0.029203749958773007,0.7142388800945243
WO-9826720-A1,0.20238713025428126,0.0,0.029203749958773007,0.7142388800945243
CN-102824746-A,0.02266043937035115,0.0,9.344090304759251e-07,0.7142388800945243
CN-108885452-A,0.02266043937035115,0.0,9.344090304759251e-07,0.7142388800945243
GB-2091423-A,0.02266043937035115,0.0,9.344090304759251e-07,0.7142388800945243
JP-H11154031-A,0.02266043937035115,0.0,9.344090304759251e-07,0.7142388800945243
US-10152853-B2,0.02266043937035115,0.0,9.344090304759251e-07,0.7299408667791762
US-10222794-B2,0.02266043937035115,0.0,9.344090304759251e-07,0.7070057297483565
US-10324487-B2,0.02266043937035115,0.0,9.344090304759251e-07,0.7152523422561999
US-10324540-B1,0.02266043937035115,0.0,9.344090304759251e-07,0.7056987750126529
US-10331232-B2,0.02266043937035115,0.0,9.344090304759251e-07,0.7141823739885977
US-10331233-B2,0.02266043937035115,0.0,9.344090304759251e-07,0.7226113724091652
US-10481704-B2,0.02266043937035115,0.0,9.344090304759251e-07,0.7056987750126529
US-10520973-B2,0.02266043937035115,0.0,9.344090304759251e-07,0.7197966736650887
US-10664002-B2,0.02266043937035115,0.0,9.344090304759251e-07,0.708232053921097
US-2002128064-A1,0.02266043937035115,0.0,9.344090304759251e-07,0.6946229290185022
US-2003006956-A1,0.02266043937035115,0.0,9.344090304759251e-07,0.7098088541676197
US-2003058219-A1,0.02266043937035115,0.0,9.344090304759251e-07,0.7313478385442304
US-2003214484-A1,0.02266043937035115,0.0,9.344090304759251e-07,0.6851051187962215
US-2004083940-A1,0.02266043937035115,0.0,9.344090304759251e-07,0.7132468341574502
US-2005104742-A1,0.02266043937035115,0.0,9.344090304759251e-07,0.7080218442164301
US-2005159850-A1,0.02266043937035115,0.0,9.344090304759251e-07,0.7001217698501625
US-2005277470-A1,0.02266043937035115,0.0,9.344090304759251e-07,0.7244970900852343
US-2006137931-A1,0.02266043937035115,0.0,9.344090304759251e-07,0.7134761222740664
US-2006156848-A1,0.02266043937035115,0.0,9.344090304759251e-07,0.7216277817076048
US-2006164383-A1,0.02266043937035115,0.0,9.344090304759251e-07,0.7158019502128982
US-2006224280-A1,0.02266043937035115,0.0,9.344090304759251e-07,0.7167405589286237
US-2006262000-A1,0.02266043937035115,0.0,9.344090304759251e-07,0.7003718675859757
US-2007080934-A1,0.02266043937035115,0.0,9.344090304759251e-07,0.7024519303589646
US-2007156286-A1,0.02266043937035115,0.0,9.344090304759251e-07,0.7210937650901571
US-2008063400-A1,0.02266043937035115,0.0,9.344090304759251e-07,0.710375568586586
US-2008132334-A1,0.02266043937035115,0.0,9.344090304759251e-07,0.7086752875922558
US-2008174550-A1,0.02266043937035115,0.0,9.344090304759251e-07,0.704773320857836
US-2008278448-A1,0.02266043937035115,0.0,9.344090304759251e-07,0.7359709683408137
US-2009152782-A1,0.02266043937035115,0.0,9.344090304759251e-07,0.7274477897818665
US-2009179869-A1,0.02266043937035115,0.0,9.344090304759251e-07,0.7241646247528261
US-2009213073-A1,0.02266043937035115,0.0,9.344090304759251e-07,0.7086755870834345
US-2009248220-A1,0.02266043937035115,0.0,9.344090304759251e-07,0.7065005827455536
US-2010097309-A1,0.02266043937035115,0.0,9.344090304759251e-07,0.7103550753356401
US-2010302017-A1,0.02266043937035115,0.0,9.344090304759251e-07,0.6972399591523625
US-2011148667-A1,0.02266043937035115,0.0,9.344090304759251e-07,0.7076191430204051
US-2011213384-A1,0.02266043937035115,0.0,9.344090304759251e-07,0.7802347636819252
US-2011219899-A1,0.02266043937035115,0.0,9.344090304759251e-07,0.7384961494876122
US-2012187238-A1,0.02266043937035115,0.0,9.344090304759251e-07,0.6995042687880201
US-2012249455-A1,0.02266043937035115,0.0,9.344090304759251e-07,0.7027840003208843
US-2013147611-A1,0.02266043937035115,0.0,9.344090304759251e-07,0.7148127524662623
US-2013178293-A1,0.02266043937035115,0.0,9.344090304759251e-07,0.7101062124584017
US-2013293362-A1,0.02266043937035115,0.0,9.344090304759251e-07,0.7056987750126529
US-2014083225-A1,0.02266043937035115,0.0,9.344090304759251e-07,0.710843725244815
US-2014247119-A1,0.02266043937035115,0.0,9.344090304759251e-07,0.7018265606154214
US-2014249695-A1,0.02266043937035115,0.0,9.344090304759251e-07,0.7185225122679415
US-2015253801-A1,0.02266043937035115,0.0,9.344090304759251e-07,0.7022492052697307
US-2016077589-A1,0.02266043937035115,0.0,9.344090304759251e-07,0.7272412710363717
US-2016195939-A1,0.02266043937035115,0.0,9.344090304759251e-07,0.7056987750126529
US-2016241767-A1,0.02266043937035115,0.0,9.344090304759251e-07,0.728238764835738
US-2017121000-A1,0.02266043937035115,0.0,9.344090304759251e-07,0.7255779650519515
US-2017233983-A1,0.02266043937035115,0.0,9.344090304759251e-07,0.7192745261116311
US-2017246533-A1,0.02266043937035115,0.0,9.344090304759251e-07,0.7161086606183715
US-2017269587-A1,0.02266043937035115,0.0,9.344090304759251e-07,0.7152639581347222
US-2018164799-A1,0.02266043937035115,0.0,9.344090304759251e-07,0.7157229737095592
US-2018356907-A1,0.02266043937035115,0.0,9.344090304759251e-07,0.7240978230203563
US-2019025869-A1,0.02266043937035115,0.0,9.344090304759251e-07,0.7197966736650887
US-2019033987-A1,0.02266043937035115,0.0,9.344090304759251e-07,0.7056987750126529
US-2019041891-A1,0.02266043937035115,0.0,9.344090304759251e-07,0.7197966736650887
US-2019041894-A1,0.02266043937035115,0.0,9.344090304759251e-07,0.7152523422561999
US-2019042003-A1,0.02266043937035115,0.0,9.344090304759251e-07,0.7141823739885977
US-2019042004-A1,0.02266043937035115,0.0,9.344090304759251e-07,0.72303766927974
US-2019243468-A1,0.02266043937035115,0.0,9.344090304759251e-07,0.7240978230203563
US-2020285326-A1,0.02266043937035115,0.0,9.344090304759251e-07,0.7056987750126529
US-4012014-A,0.02266043937035115,0.0,9.344090304759251e-07,0.7164262860299344
US-4216467-A,0.02266043937035115,0.0,9.344090304759251e-07,0.7181629397760373
US-4420808-A,0.02266043937035115,0.0,9.344090304759251e-07,0.7163747769772806
US-4584510-A,0.02266043937035115,0.0,9.344090304759251e-07,0.7054832762081934
US-4590339-A,0.02266043937035115,0.0,9.344090304759251e-07,0.7155571453549945
US-4733214-A,0.02266043937035115,0.0,9.344090304759251e-07,0.7178419854952104
US-5042314-A,0.02266043937035115,0.0,9.344090304759251e-07,0.7096164464159816
US-5128671-A,0.02266043937035115,0.0,9.344090304759251e-07,0.691428086357556
US-5223776-A,0.02266043937035115,0.0,9.344090304759251e-07,0.7225194470790617
US-5317301-A,0.02266043937035115,0.0,9.344090304759251e-07,0.6901592764550838
US-5459382-A,0.02266043937035115,0.0,9.344090304759251e-07,0.730851611612048
US-5503040-A,0.02266043937035115,0.0,9.344090304759251e-07,0.7237659910617235
US-5559432-A,0.02266043937035115,0.0,9.344090304759251e-07,0.6875412051530402
US-5565891-A,0.02266043937035115,0.0,9.344090304759251e-07,0.7200446478026841
US-5694153-A,0.02266043937035115,0.0,9.344090304759251e-07,0.7046847333568159
US-5749577-A,0.02266043937035115,0.0,9.344090304759251e-07,0.7103442052432358
US-5781180-A,0.02266043937035115,0.0,9.344090304759251e-07,0.710669689785701
US-5963196-A,0.02266043937035115,0.0,9.344090304759251e-07,0.721396623393346
US-6068554-A,0.02266043937035115,0.0,9.344090304759251e-07,0.7102972323652679
US-6198471-B1,0.02266043937035115,0.0,9.344090304759251e-07,0.7171480222313209
US-6201196-B1,0.02266043937035115,0.0,9.344090304759251e-07,0.7090476527607589
US-6222525-B1,0.02266043937035115,0.0,9.344090304759251e-07,0.7332713861870072
US-6429849-B1,0.02266043937035115,0.0,9.344090304759251e-07,0.6734615098048176
US-6459420-B1,0.02266043937035115,0.0,9.344090304759251e-07,0.7043783224165932
US-6580418-B1,0.02266043937035115,0.0,9.344090304759251e-07,0.6857190269805076
US-6597347-B1,0.02266043937035115,0.0,9.344090304759251e-07,0.7088824083814721
US-6613997-B2,0.02266043937035115,0.0,9.344090304759251e-07,0.7008756994050768
US-6624806-B2,0.02266043937035115,0.0,9.344090304759251e-07,0.7019609603338026
US-6644141-B2,0.02266043937035115,0.0,9.344090304759251e-07,0.7282574925647437
US-6865342-B2,0.02266043937035115,0.0,9.344090304759251e-07,0.7199508998357476
US-7131389-B1,0.02266043937035115,0.0,9.344090304759251e-07,0.712199639151313
US-7170420-B2,0.02266043937035115,0.0,9.344090304759251e-07,0.7080218442164301
US-7548697-B2,0.02266043937035115,0.0,9.344090304759251e-07,0.710375568586586
US-7575491-B1,0.02266043937035115,0.0,9.344090304759251e-07,0.6817268553291432
US-7793890-B2,0.02266043937035115,0.0,9.344090304759251e-07,0.7138715150413645
US-7823685-B2,0.02266043937035115,0.0,9.344090304759251e-07,0.7234405827366441
US-7931239-B2,0.02266043937035115,0.0,9.344090304759251e-07,0.6987328914172398
US-8089225-B2,0.02266043937035115,0.0,9.344090304759251e-07,0.7059195656356121
US-8100218-B2,0.02266043937035115,0.0,9.344090304759251e-07,0.6961486145296492
US-8212770-B2,0.02266043937035115,0.0,9.344090304759251e-07,0.707721159862385
US-8258917-B2,0.02266043937035115,0.0,9.344090304759251e-07,0.7148676818965345
US-8276476-B2,0.02266043937035115,0.0,9.344090304759251e-07,0.7042478409968859
US-8300012-B2,0.02266043937035115,0.0,9.344090304759251e-07,0.7197588584255039
US-8344914-B2,0.02266043937035115,0.0,9.344090304759251e-07,0.7076191430204051
US-8371187-B2,0.02266043937035115,0.0,9.344090304759251e-07,0.741654894222017
US-8380402-B2,0.02266043937035115,0.0,9.344090304759251e-07,0.7109282924544768
US-8576168-B2,0.02266043937035115,0.0,9.344090304759251e-07,0.7319157112112094
US-8716973-B1,0.02266043937035115,0.0,9.344090304759251e-07,0.7246809756394612
US-8866597-B2,0.02266043937035115,0.0,9.344090304759251e-07,0.7148127524662623
US-8881616-B2,0.02266043937035115,0.0,9.344090304759251e-07,0.7384961494876122
US-8887597-B2,0.02266043937035115,0.0,9.344090304759251e-07,0.7177326800515653
US-9501084-B1,0.02266043937035115,0.0,9.344090304759251e-07,0.7160382786305342
US-9547380-B2,0.02266043937035115,0.0,9.344090304759251e-07,0.7056987750126529
US-9727076-B2,0.02266043937035115,0.0,9.344090304759251e-07,0.7398501923671507
US-H1822-H,0.02266043937035115,0.0,9.344090304759251e-07,0.7008155069868756
CN-102033980-A,0.0024217263449230237,0.0,2.8131968442428375e-05,0.7142388800945243
US-10537388-B2,0.002594706798131811,6.1631875147039e-07,2.8666815778161345e-05,0.815026119077313
US-2006058604-A1,0.0024217263449230237,0.0,2.8131968442428375e-05,0.7684551059121575
US-2012076378-A1,0.0027676872513405985,1.0059672736996276e-06,2.9203668205453447e-05,0.7522119396989736
US-2019139320-A1,0.0024217263449230237,0.0,2.8131968442428375e-05,0.7475541359544821
US-2020197137-A1,0.0027676872513405985,1.0059672736996276e-06,2.9203668205453447e-05,0.8235366025767344
JP-2006212608-A,0.0019027849852966616,0.0,2.2667629449289527e-12,0.7142388800945243
US-10601355-B2,0.0019027849852966616,0.0,2.2667629449289527e-12,0.6985470534472434
US-10843229-B2,0.0019027849852966616,0.0,2.2667629449289527e-12,0.7020597184676219
US-10945514-B2,0.0019027849852966616,0.0,2.2667629449289527e-12,0.7188291161733286
US-11203041-B2,0.0019027849852966616,0.0,2.2667629449289527e-12,0.7020597184676219
US-3920222-A,0.0019027849852966616,0.0,2.2667629449289527e-12,0.704662568367468
US-4550622-A,0.0019027849852966616,0.0,2.2667629449289527e-12,0.7089657790538486
US-7213479-B2,0.0019027849852966616,0.0,2.2667629449289527e-12,0.69070280487013
US-9802225-B2,0.0019027849852966616,0.0,2.2667629449289527e-12,0.7150030886590764
US-2011060341-A1,0.0020757654385054488,0.0,1.3561870002094053e-06,0.7830686252504123
US-2015051602-A1,0.0020757654385054488,0.0,1.3561870002094053e-06,0.7864105067577855
US-4926847-A,0.0020757654385054488,0.0,1.3561870002094053e-06,0.8055171693661878
US-5037423-A,0.0020757654385054488,0.0,1.3561870002094053e-06,0.7822304867216736
US-5234433-A,0.0020757654385054488,0.0,1.3561870002094053e-06,0.7789430942291995
US-5683397-A,0.0020757654385054488,0.0,1.3561870002094053e-06,0.7947761205174915
US-5688279-A,0.0020757654385054488,0.0,1.3561870002094053e-06,0.7728086641998746
US-5720752-A,0.0020757654385054488,0.0,1.3561870002094053e-06,0.7774422015743179
US-7104997-B2,0.0020757654385054488,0.0,1.3561870002094053e-06,0.7915460775018435
US-9005207-B2,0.0020757654385054488,0.0,1.3561870002094053e-06,0.8400169810304381
WO-2007030866-A1,0.0020757654385054488,0.0,1.3561870002094053e-06,0.7142388800945243
US-2015216541-A1,0.0003459609064175748,0.0,4.519981398152061e-08,0.7905097475016181
US-2019029757-A1,0.005708354955889984,0.00034602076124567473,5.285667073168016e-05,0.8110587640800885
US-2020253666-A1,0.0003459609064175748,0.0,4.51998139815206e-08,0.7801005220760261
JP-2018126273-A,0.004843452689846047,0.0,1.104122612227808e-15,0.7142388800945243
JP-2018150124-A,0.004843452689846047,0.0,1.104122612227808e-15,0.7142388800945243
JP-2018507829-A,0.004843452689846047,0.0,1.104122612227808e-15,0.7142388800945243
JP-2018520957-A,0.004843452689846047,0.0,1.104122612227808e-15,0.7142388800945243
JP-H0291713-U,0.004843452689846047,0.0,1.104122612227808e-15,0.7142388800945243
US-10108185-B1,0.004843452689846047,0.0,1.104122612227808e-15,0.7199241875023646
US-10442607-B2,0.004843452689846047,0.0,1.104122612227808e-15,0.7197868026978927
US-2008167884-A1,0.004843452689846047,0.0,1.104122612227808e-15,0.7060062097607319
US-2010312388-A1,0.004843452689846047,0.0,1.104122612227808e-15,0.7326098536098509
US-2016236867-A1,0.004843452689846047,0.0,1.104122612227808e-15,0.7109209755222383
US-2016325933-A1,0.004843452689846047,0.0,1.104122612227808e-15,0.7277668453160626
US-2016325934-A1,0.004843452689846047,0.0,1.104122612227808e-15,0.7225478693320354
US-2016327941-A1,0.004843452689846047,0.0,1.104122612227808e-15,0.7263527373071855
US-2017021502-A1,0.004843452689846047,0.0,1.104122612227808e-15,0.7185699624087573
US-2017100837-A1,0.004843452689846047,0.0,1.104122612227808e-15,0.72149270421428
US-2017136632-A1,0.004843452689846047,0.0,1.104122612227808e-15,0.7300700384516203
US-2017158430-A1,0.004843452689846047,0.0,1.104122612227808e-15,0.720723013139147
US-2017225330-A1,0.004843452689846047,0.0,1.104122612227808e-15,0.7348388524124893
US-2017233188-A1,0.004843452689846047,0.0,1.104122612227808e-15,0.7202110153742696
US-2017278047-A1,0.004843452689846047,0.0,1.104122612227808e-15,0.717611080457002
US-2018154399-A1,0.004843452689846047,0.0,1.104122612227808e-15,0.7166251360508152
US-2018215541-A1,0.004843452689846047,0.0,1.104122612227808e-15,0.7376528641009245
US-2018276604-A1,0.004843452689846047,0.0,1.104122612227808e-15,0.7177061823095517
US-2019361672-A1,0.004843452689846047,0.0,1.104122612227808e-15,0.7157332013931612
US-2020094997-A1,0.004843452689846047,0.0,1.104122612227808e-15,0.7168013527651481
US-2020095063-A1,0.004843452689846047,0.0,1.104122612227808e-15,0.7254328344553048
US-2020223634-A1,0.004843452689846047,0.0,1.104122612227808e-15,0.7167445281730056
US-9428336-B2,0.004843452689846047,0.0,1.104122612227808e-15,0.7347418030675164
US-10398477-B2,0.007957100847604221,0.0,2.942566824395901e-05,0.7704716192842987
US-2007066917-A1,0.007957100847604221,0.0,2.942566824395901e-05,0.7849931791245482
US-2009018544-A1,0.007957100847604221,0.0,2.942566824395901e-05,0.7620437894565582
US-2012017276-A1,0.007957100847604221,0.0,2.942566824395901e-05,0.7105454976940799
US-2014031828-A1,0.007957100847604221,0.0,2.942566824395901e-05,0.790274992349669
US-2017156736-A1,0.007957100847604221,0.0,2.942566824395901e-05,0.7821848759692055
US-2018049895-A1,0.007957100847604221,0.0,2.942566824395901e-05,0.770939230814174
US-2018085134-A1,0.007957100847604221,0.0,2.942566824395901e-05,0.780439651755154
US-2018098774-A1,0.007957100847604221,0.0,2.942566824395901e-05,0.7806660962708194
US-2018177612-A1,0.007957100847604221,0.0,2.942566824395901e-05,0.8034305985962582
US-2020289050-A1,0.007957100847604221,0.0,2.942566824395901e-05,0.7720415952812066
US-2022304829-A1,0.007957100847604221,0.0,2.942566824395901e-05,0.754773485537803
US-4899761-A,0.007957100847604221,0.0,2.942566824395901e-05,0.7479458665112704
US-5470354-A,0.007957100847604221,0.0,2.942566824395901e-05,0.7758254240931876
US-7442196-B2,0.007957100847604221,0.0,2.942566824395901e-05,0.7629941229295408
US-7837691-B2,0.007957100847604221,0.0,2.942566824395901e-05,0.7788314621351277
US-8118815-B2,0.007957100847604221,0.0,2.942566824395901e-05,0.8090632938524507
US-8197489-B2,0.007957100847604221,0.0,2.942566824395901e-05,0.7996784928638457
US-8491589-B2,0.007957100847604221,0.0,2.942566824395901e-05,0.7875988405814905
US-8506571-B2,0.007957100847604221,0.0,2.942566824395901e-05,0.7794200189418042
US-8998910-B2,0.007957100847604221,0.0,2.942566824395901e-05,0.8116595328897731
US-9539116-B2,0.007957100847604221,0.0,2.942566824395901e-05,0.7419897418105244
US-9554745-B2,0.007957100847604221,0.0,2.942566824395901e-05,0.7815926091545996
US-9572588-B2,0.007957100847604221,0.0,2.942566824395901e-05,0.7875988405814905
US-9642571-B2,0.007957100847604221,0.0,2.942566824395901e-05,0.7716148676076513
US-11464650-B1,0.00536239404947241,0.0,5.285659355719633e-05,0.7882472434444718
US-11510733-B1,0.00536239404947241,0.0,5.285659355719633e-05,0.8245588279584932
US-2008009697-A1,0.00536239404947241,0.0,5.285659355719633e-05,0.7880850983933068
US-2015257838-A1,0.00536239404947241,0.0,5.285659355719633e-05,0.8035345648369498
US-2016030658-A1,0.00536239404947241,0.0,5.285659355719633e-05,0.7353642100770277
US-2019000553-A1,0.00536239404947241,0.0,5.285659355719633e-05,0.7911812681450142
US-2019000570-A1,0.00536239404947241,0.0,5.285659355719633e-05,0.8023277607029052
US-2019388158-A1,0.00536239404947241,0.0,5.285659355719633e-05,0.7824838346418538
US-2020078180-A1,0.00536239404947241,0.0,5.285659355719633e-05,0.8030829497921397
US-2020093542-A1,0.00536239404947241,0.0,5.285659355719633e-05,0.796418396265158
US-2020275976-A1,0.00536239404947241,0.0,5.285659355719633e-05,0.7985235971923939
US-2020315708-A1,0.00536239404947241,0.0,5.285659355719633e-05,0.8053880884662761
US-2021378752-A1,0.00536239404947241,0.0,5.285659355719633e-05,0.7970282952062767
US-2022192844-A1,0.00536239404947241,0.0,5.285659355719633e-05,0.8148044377557536
US-2022202497-A1,0.00536239404947241,0.0,5.285659355719633e-05,0.7859326983458199
US-2022218422-A1,0.00536239404947241,0.0,5.285659355719633e-05,0.7820103822103924
US-7630750-B2,0.00536239404947241,0.0,5.285659355719633e-05,0.8014919584250128
EP-0538276-A1,0.0013838436256702993,0.0,1.6605146614514688e-07,0.7142388800945243
US-2014371897-A1,0.0013838436256702993,0.0,1.6605146614514688e-07,0.8262223093566942
US-2017203509-A1,0.0013838436256702993,0.0,1.6605146614514688e-07,0.7278796546083915
US-2018326484-A1,0.0013838436256702993,0.0,1.6605146614514688e-07,0.7361728631730299
US-2022354653-A1,0.0013838436256702993,0.0,1.6605146614514688e-07,0.750512044576863
US-8532807-B2,0.0013838436256702993,0.0,1.6605146614514688e-07,0.8319056069194669
WO-2009134672-A1,0.0013838436256702993,0.0,1.6605146614514688e-07,0.7142388800945243
