link_row,node1,node2,ours_text,baseline_run1,baseline_run2,baseline_run3
0,US-2021393344-A1,US-2023097906-A1,"A method is provided for generating an image from a medical device comprising an imaging system, an imaging device comprising a first and second section of the device, and an imaging device comprising a proximal portion of the device. In addition, the imaging device may be calibrated according to the orientation of the device. The imaging device comprises a plurality of instruments that are aligned at one end of the device with respect to a body surface, and a polarity modulator is applied to the instrument to determine the position of the instrument relative to the body surface.","Systems and methods are disclosed for coordinated calibration and control of multiple medical instruments using multi-source imaging. A first interventional instrument is advanced to an anatomical site along a first trajectory, while one or more imaging instruments, each following distinct access paths, acquire image data of the site and the first instrument from multiple perspectives. A set of coordinate frames associated with the interventional instrument and the multiple imaging sources is registered, and differences between the frames are computed. A unified control reference frame is dynamically updated based at least in part on the computed differences and the multi-source image data to enhance guidance, navigation, and targeting accuracy during a medical procedure.","Systems and methods are provided for multi-source image-guided calibration and control of medical instruments. A first instrument is configured to access an anatomical site via a first access path and to be controlled in a first control frame of reference, while a plurality of second instruments, each incorporating an imaging component, are configured to access the anatomical site via respective additional access paths and provide image data of the anatomical site and the first instrument. Differences between coordinate frames associated with each imaging source and the first instrument are determined and fused into a unified control frame of reference. The unified control frame is iteratively updated based on multi-source imaging data to enhance spatial accuracy, redundancy, and robustness of instrument guidance during medical procedures.","Devices, systems, and methods are disclosed for multi-source image-guided calibration and control of medical instruments. A first instrument is configured to access an anatomical site along a first path and is controlled in a first coordinate frame, while one or more additional instruments, each along respective access paths, include imaging components that provide multi-source image data of the anatomical site and the first instrument. A processor is configured to jointly register the multi-source image data, determine differences between coordinate frames associated with the instruments, and update a control frame of reference for the first instrument based at least in part on the fused imaging information. The updated control frame facilitates enhanced navigation, targeting, and procedural accuracy using coordinated multi-source imaging."
1,US-2021393344-A1,US-2009135280-A1,"A surgical imaging system comprises a device that is actuated by a first and second axis to determine the position of an instrument relative to a focal point. The instrument is synchronized with a detector at one end of the device, and a detector at the other end of the device is synchronized with a detector at the other end of the device. A signal transmission method comprising an array of optically modulated light sources may be employed to control the output of an optically modulated light source from a detector at one end of the device.","A system and method are provided for multi-path, coordinated medical imaging and instrument calibration using shared, multiplexed optical resources. A first medical instrument accesses an anatomical site via a first path and is controlled in a first coordinate frame, while one or more second instruments with imaging components access the site via different paths and operate in corresponding coordinate frames. A multiplexed imaging architecture employs multiple scanning devices and light receivers with waveband separation, temporal multiplexing, and/or modulation-demodulation schemes to generate co-registered images from the plurality of access paths while avoiding crosstalk. Differences between the coordinate frames are computed based on the multiplexed imaging data, and a control frame of reference associated with the first instrument is dynamically updated to provide accurate guidance and calibration across the multiple instrument access paths.","A system and method are provided for multi-path, multi-device image-guided calibration of medical instruments accessing a common anatomical site. A plurality of scanning instruments, each following a distinct access path, are configured with imaging components that operate using temporally or spectrally multiplexed light to avoid crosstalk and to share common light sources, detectors, and processing resources. Image data from the plurality of instruments are used to determine differences between respective instrument coordinate frames and a unified control frame of reference for an actively controlled or navigated instrument. The unified control frame is iteratively updated based at least in part on the demodulated, device-specific image signals to enhance registration accuracy and coordinated guidance of the instruments within the anatomical site.","A system and method are provided for multi-instrument medical navigation and imaging using shared, multiplexed optical resources. A first medical instrument accesses an anatomical site along a first path and is controlled in a first coordinate frame, while one or more second instruments, each equipped with an imaging or scanning component, access the site along different paths and operate in respective second coordinate frames. A plurality of scanning devices and light receivers are driven using shared light sources, detectors, and controllers, with crosstalk between instruments mitigated via wavelength division, temporal multiplexing, or modulation/demodulation schemes so that image data from each instrument is separable. A control frame of reference associated with the first instrument is dynamically updated based at least in part on differences between instrument coordinate frames derived from the multiplexed image data, thereby providing coordinated, low-cost, multi-instrument guidance."
2,US-2021393344-A1,US-2018168757-A1,A system of the present invention provides a method for controlling and manipulating a surgical device. The system includes a motion sensor and a control mechanism for detecting and manipulating the motion of a surgical device. The control mechanism emits a resonant energy generated by the first and second components of the control mechanism. The resonant energy generated by the first and second components of the control mechanism is transmitted to a user at a fixed location. The resonant energy generated by the third component is transmitted to a user at a fixed location to be viewed.,"A system and method are provided for robotically assisted surgical removal of hard or non-fibrous tissue using multi-axis robotic instruments with coordinated calibration. A first robotic instrument comprising a reciprocating tool is configured to access an anatomical site along a first access path for tissue removal, while a second robotic instrument comprising an imaging component is configured to access the anatomical site along a second access path to obtain real-time image data of the anatomical site and the first instrument. A control unit determines a difference between a first coordinate frame associated with the tissue-removal instrument and a second coordinate frame associated with the imaging instrument. Based at least in part on the determined difference, the system updates a control frame of reference for the tissue-removal instrument to enable precise, image-guided robotic resection while preserving surrounding soft tissue.","A system and method are provided for robotically assisted surgical bone removal with dynamic instrument calibration using intraoperative imaging. A first robotically controlled bone-removal instrument accesses a target anatomical site along a first access path, while a second instrument with an imaging component accesses the site along a second access path and generates real-time image data of the anatomy and the first instrument. A control system determines a difference between a coordinate frame of the first instrument and a coordinate frame of the imaging instrument, and updates a control frame of reference for the robotic bone-removal tool based on the difference. The updated control frame enables precise, image-guided robotic resection of hard tissue while maintaining safe separation from adjacent soft tissues, and may be operated locally or via telemanipulation.","A system and method are provided for robotically assisted surgical procedures that employ coordinated calibration between multiple instruments accessing a common anatomical site. A first robotically controlled instrument including a reciprocating tool is configured to remove hard or non-fibrous tissues along a planned trajectory, while a second instrument including an imaging component accesses the anatomical site along a different path to acquire real-time image data of the site and the first instrument. A difference between a coordinate frame associated with the first instrument and a coordinate frame associated with the second instrument is determined based at least in part on the acquired image data. A control frame of reference of the robotically controlled instrument is updated in response to the determined difference to enhance accuracy, safety, and remote operability of the tissue-removal procedure."
3,US-2020100855-A1,US-2020405417-A1,"A surgical instrument system comprises a robotically actuated endoscope capable of manipulating a portion of a patient's body cavity. The robotically actuated endoscope is positioned proximal to the surgical instrument, and a guiding device is positioned proximal to the surgical instrument. The method of the invention includes a first-line technique for removing a portion of a patient's body cavity from a surgical instrument, and a second-line technique for insertion of a surgical instrument through a longitudinal slit.","A system and method are provided for coordinated robotic endoscopic-percutaneous surgical procedures. The system includes a surgical platform carrying a first robotic arm that manipulably controls a percutaneous instrument and a second robotic arm that manipulably controls an endoscopic instrument inserted through a natural orifice, each arm having position sensing capability. A control circuit determines and registers the positions of both instruments within a common anatomical coordinate frame, defines a target location within a treatment region based on endoscopic sensing, and automatically guides the percutaneous instrument toward the target location while compensating for changes in platform position. The control circuit further coordinates cooperative interaction between the percutaneous and endoscopic instruments to perform diagnostic and therapeutic tasks within the treatment region.","A robotic surgical system enables coordinated endoscopic and percutaneous interventions within a patient using a common surgical platform. A first robotic arm manipulates an endoscopic instrument with an onboard position sensor introduced through a natural orifice to map and define a target location within a treatment region. A second robotic arm percutaneously guides a therapeutic instrument toward the defined target location, with the control circuit compensating for patient and platform motion and dynamically adjusting both arms’ positions and orientations. The control circuit further coordinates cooperative interaction between the endoscopic and percutaneous instruments to perform image-guided, robotically assisted surgical procedures at or near the target location.","A prospective system enables coordinated endoscopic and percutaneous robotic interventions using shared spatial registration and cooperative control. An elongated endoscopic instrument with an onboard position sensor is passed through a natural orifice to a treatment region, where its position is tracked and used to define one or more internal target locations. A surgical platform supporting multiple robotic arms then percutaneously guides secondary instruments toward the defined targets, automatically compensating for platform motion and patient movement. A control circuit synchronizes the positions and orientations of the endoscopic and percutaneous instruments to cooperatively perform complex procedures such as triangulation, tissue manipulation, and targeted therapy delivery."
4,US-2020100855-A1,US-2002065455-A1,"1 A method for manipulating surgical instruments comprises a catheter-shaped endoscope and a catheter-shaped guide device. The catheter-shaped guide device generates an image of the catheter-shaped guide device. The catheter-shaped guide device generates an image of the catheter-shaped guide device. In addition, the method is able to determine a relative position of the catheter-shaped guide device within a patient's body cavity without the need for a radial emission system. In addition, the method is able to identify a point of obstruction within a patient's body cavity.","A system and method are provided for robotically assisted, endoscopically guided percutaneous interventions using multi-sensor electromagnetic tracking. A first medical instrument including an elongated shaft and a plurality of distal electromagnetic sensors is introduced through a natural orifice, its six-degree-of-freedom pose continuously determined relative to an external field generator array to define a dynamic treatment map. A target location within the treatment region is identified based on the tracked pose of the first instrument, and a second medical instrument is percutaneously advanced under robotic control and real-time electromagnetic localization toward the target. The system integrates sensor fusion between endoscopic and percutaneous instruments to improve registration accuracy, procedural guidance, and safety in minimally invasive therapies.","Systems and methods are provided for robotically assisted, endoscopically guided percutaneous interventions using multi-sensor electromagnetic localization. An endoscopic instrument having an elongated shaft and a plurality of distal magnetic field sensors is inserted through a natural orifice into a treatment region, and its three-dimensional position and orientation are determined relative to an external reference frame using distinguishable AC magnetic fields generated by multiple field generators. A target location within the treatment region is defined based on the localized endoscope, and a percutaneous instrument under robotic control is guided toward the target using the same electromagnetic locating system for continuous tracking and alignment. The integrated system enables coordinated navigation, real-time targeting, and precise tool-to-target registration for minimally invasive procedures.","Systems and methods are disclosed for robotically-assisted percutaneous interventions that integrate multi-sensor magnetic tracking with endoscopic navigation. An endoscope carrying a plurality of magnetic field sensors is advanced through a natural orifice into a treatment region, where its six-degree-of-freedom pose is determined relative to external field generators. A robotic controller defines a target location within the treatment region based on the tracked endoscope position and subsequently guides a percutaneously introduced instrument toward the target under real-time positional feedback. The system thereby coordinates internal endoscopic visualization and tracking with external percutaneous tool navigation to improve accuracy and safety of minimally invasive procedures."
5,US-2020100855-A1,US-2021212784-A1,"A surgical tool system comprises a surgical instrument capable of manipulating an endoscope to perform a surgical procedure at a location proximal to the endoscope. A surgical instrument comprises a first-axis rotational motor coupled to a cutting tool. A surgical instrument comprises a laser-guided image transmission device. The laser-guided image transmission device is coupled to a cutting tool. A method for determining the position of a surgical instrument is also provided, and a method for determining the position of a surgical instrument is also provided, and a method for.","Systems and methods are provided for lifecycle-aware, robotically-assisted endoscopic-percutaneous procedures. A first instrument having an elongated shaft, a position sensor, and at least one usage sensor is inserted endoscopically into a treatment region, its position determined, and a target location defined. A second percutaneous robotic instrument is guided toward the target location while images captured during the procedure are used to identify instrument types and correlate them with sensor-derived usage data. Based on the identified instrument type and aggregated usage data across procedures, a stage in each instrument’s life cycle is determined and used to control instrument selection, provide maintenance alerts, and adjust procedural planning in real time.","A system and method for managing robotically-assisted endoscopic-percutaneous procedures integrates real-time instrument tracking with lifecycle monitoring. A first endoscopic instrument including a position sensor is inserted through a natural orifice to define a target location within a treatment region, while a second robotic instrument is percutaneously guided toward the target location. One or more imagers capture images of the instruments during the procedure, and a processor identifies instrument type and determines a degree of usage based on sensor data and image-derived information. The system further determines a lifecycle stage of each instrument and generates guidance or alerts regarding instrument deployment, replacement, or reuse during or after the robotically-enabled procedure.","A system for managing endoscopically-assisted percutaneous robotic procedures includes a first instrument having an elongated shaft, a position sensor, and a usage-tracking module, and a second percutaneously-introduced robotic instrument. The system determines a three-dimensional position of the first instrument within a treatment region via the position sensor and defines a target location for percutaneous approach. An imager captures images of the first and second instruments during the procedure, and a processor identifies instrument types and determines degrees of usage from sensor data to track life-cycle stages of each instrument. The robotic system uses both positional and life-cycle information to guide the second instrument toward the target location while enforcing instrument usage limits and replacement scheduling."
6,US-2021085410-A1,US-2023100989-A1,"A system comprises a device for manipulating and tagging surgical instruments. The system includes a method for determining the position of a surgical instrument at a particular location. The method includes a first-arm motion detector coupled to one of the first-arm motion detectors. The method includes a set of control circuits that are electrically connected to at least one end of the system. In addition, a plurality of data input and output channels are provided to the system for generating and tagging a biometric image of the system.","Systems and methods are provided for coordinated robotic medical procedures that integrate fiducial-based identification and tracking with multi-port robotic tool control. A robotic camera and multiple robotic instruments are inserted through separate patient ports, wherein fiducial markers disposed on tissue, instruments, or port structures are automatically detected and tracked in real time. The system dynamically adjusts remote centers of motion and coordinated tool trajectories based on fiducial-derived pose information to maintain instruments within the camera’s field of view and relative to targeted anatomical sites. Multiple control modes enable selective manual control of a camera or instrument while automatically updating the positions of other tools in response to changes in fiducial locations and orientations.","Disclosed are robotic medical systems and methods that integrate coordinated multi-tool control with automated fiducial-based tracking to enhance intraoperative guidance. A robotic camera and multiple robotic tools inserted through separate ports are controlled in coordinated motion while maintaining remote centers of motion, with the positions and orientations of the tools and anatomical targets continuously updated using fiducial identification and tracking. In various modes, the camera and tools are automatically repositioned to maintain all relevant fiducials within the field of view and to align tool trajectories with fiducial-defined target regions. The system thereby enables dynamic, image-guided, and cooperative manipulation of multiple instruments with improved accuracy and situational awareness.","Systems and methods are provided for robotically assisted medical procedures that integrate coordinated multi-tool control with fiducial-based identification and tracking. A robotic medical system includes a camera and multiple robotic tools inserted through separate ports, wherein movements of the tools and camera are automatically coordinated while maintaining remote centers of motion and ensuring that the tools remain within the camera’s field of view. Fiducial markers disposed on tools, instruments, anatomical landmarks, or implants are automatically identified and tracked in real time, and their positions are used to refine tool trajectories, update virtual overlays, and enhance coordination of camera and tool motion. The system may operate in multiple control modes in which user input on one or more controllers is combined with fiducial tracking data to dynamically adjust coordinated movements and improve procedural accuracy and safety."
7,US-2021085410-A1,US-2010056900-A1,"A medical robotic device of the invention comprises a coupling system to provide a method for manipulating a body cavity during a surgical procedure. The device is positioned within the body cavity to provide a recognizable image to the user. The device is positioned in the body cavity to provide a recognizable image to the user. The invention also provides a method for inserting an endoscope into a patient, wherein the endoscope is operated on by a centrally operated device, wherein the endoscope is operated on by a centrally controlled device.","A robotic image-guided interventional system and methods are provided for coordinating multiple intracavitary robotic tools and needle-based instruments under real-time medical imaging. A multi-port robotic platform with remote centers of motion positions and orients a camera and one or more therapeutic or diagnostic tools within a body cavity, while a three degree-of-freedom intracavitary mechanism advances and steers a needle toward an image-selected target. In response to user inputs at one or more controllers, networked computers process imaging data to automatically adjust the coordinated motion of the camera, tools, and needle so that the working instruments remain within the field of view and follow an optimized image-guided trajectory. The system enables remote or local operation inside MRI, CT, ultrasound, or X-ray environments while maintaining precise, coordinated alignment among visualization, access, and needle insertion paths.","A robotic image-guided interventional system and methods are provided for performing coordinated multi-port procedures inside and adjacent to body cavities under real-time medical imaging. A plurality of robotic tools, including at least one steerable needle device adapted for operation within an MRI, CT, fluoroscopy, or ultrasound imager, are inserted through separate ports or natural orifices and are controlled to maintain remote centers of motion while executing coordinated movements. A robotic camera or imaging-localized end effector is controlled in a first mode to define a dynamic field of interest, with the steerable needle and additional tools automatically coordinated to remain within this field and follow image-defined trajectories to target locations. In a second mode, a master controller directs the steerable needle device and associated tools toward image-selected targets while the camera or imaging reference automatically repositions to maintain optimal visualization and imaging compatibility.","A robotic image-guided interventional system and related methods are provided for performing coordinated, minimally invasive procedures within a patient using multiple robotic tools deployed through body cavities or laparoscopic ports under real-time medical imaging. A first controller actuates a 3-degree-of-freedom mechanical device configured to translate and rotate within a cavity and to advance and steer a needle toward a user-selected target within the imaging volume, while additional robotic tools and a robotic camera are automatically moved in coordinated fashion to maintain remote centers of motion and preserve a desired field of view. A second controller enables independent or shared control of the robotic camera, with automatic adjustment of the needle-guidance device and ancillary tools to remain within the imaging plane and camera view. Networked computers process real-time images from MRI, CT, fluoroscopy, or ultrasound, compute coordinated motion commands, and provide closed-loop control of the multi-tool robotic system for precise, image-guided targeting and intervention."
8,US-2021085410-A1,US-2016015471-A1,"A system of the invention includes a method for manipulating a surgical instrument, a device comprising at least one robotic actuator coupled to said actuator, and a device comprising a first-order camera coupled to said actuator. A method for obtaining and analyzing a patient's body position relative to said surgical instrument is provided. A method for transmitting and analyzing a patient's body position relative to said surgical instrument is provided. One or more embodiments of said embodiments may be configured to provide an electrical power source within said device.","Disclosed are systems and methods for context-aware coordinated control of multiple robotic medical tools and imaging devices during a medical procedure. A robotic controller maintains remote centers of motion while automatically coordinating the movements of multiple tools and at least one robotic camera, and dynamically adjusts their relative positions to preserve tool visibility within the camera’s field of view. Configuration parameters and control modes for the tools and imaging devices are adaptively selected based on real-time detection of instruments, procedure phase, and image-based contextual measures. In some embodiments, the inferred procedural context is further used to switch between different imaging modalities and to autonomously reorient tools and cameras for optimized access, safety, and visualization.","Systems and methods are provided for context-aware coordinated control of multiple robotic medical tools and imaging devices during a medical procedure. A robotic medical system maintains remote centers of motion while coordinating movements of therapeutic tools and robotic cameras, and dynamically reconfigures control modes based on the detected phase, context, or state of the procedure. Image-based identification of instruments and real-time inference of procedural phase are used to automatically adjust tool trajectories, camera viewpoints, and control assignments between operators and autonomous modes. In some embodiments, detection of specific tools or procedural contexts triggers adaptive switching between imaging modalities and corresponding updates to coordinated motion strategies.","A robotic medical system is provided that adaptively coordinates multiple robotic tools and imaging devices during a medical procedure based on real-time procedural context. A controller maintains remote centers of motion while automatically adjusting the positions and orientations of robotic instruments and cameras in coordinated movements responsive to detected instruments, surgical phase, or region of interest. Image-based detection and instrument identification are used to infer the current state or phase of the procedure and to dynamically reconfigure control modes, such as prioritizing field-of-view maintenance, instrument-centric coordination, or modality switching between imaging systems. The system thereby optimizes tool positioning, visualization, and device configurations throughout the evolving course of the procedure."
9,JP-2011217787-A,US-2014180290-A1,"A method for actuating a surgical manipulating device includes a virtual user interface and a computer-based control system. The virtual user interface provides haptic feedback to a surgical manipulating device. The virtual user interface provides a method for actuating a surgical manipulating device at a predetermined position relative to a haptic force source. The device may be equipped with a receptacle to store a haptic force source, which is used to determine the shape of a surgical instrument. The device may be equipped with a three-dimensional shape.","A remotely operated surgical actuator system includes an elongated guide section with a distal end member carrying a surgical tool, and a drive source for changing the attitude of the distal end member via an internal attitude operation member. A non-contact attitude detection device detects the orientation of the distal end member relative to the guide section, and correction means adjust command values supplied to the drive source to compensate for product-to-product variations in distal end straightness. A processing circuit associates the surgical tool with a virtual haptic interaction point, establishes at least one virtual entry boundary within a surgical workspace, and activates a haptic object that constrains movement of the tool when the virtual haptic interaction point crosses the boundary. The correction and haptic constraint control operate cooperatively to provide accurate, stable, and safe tool positioning during remote surgical procedures.","A remotely operated surgical actuator system includes an elongated guide section with a distal end member supporting a surgical tool, and a control unit configured to change the attitude of the distal end member via an internally disposed attitude operation member. A non-contact attitude detection device detects the orientation of the distal end member relative to the guide section, and a correction means adjusts command values to a drive source based on the detected attitude to compensate for product variation and bending. A processing circuit associates the surgical tool with a virtual haptic interaction point and defines a virtual entry boundary within a surgical workspace. When the virtual haptic interaction point crosses the virtual entry boundary, a haptic object is activated to constrain movement of the surgical tool in accordance with the corrected attitude control, thereby improving precision and safety of remote surgical manipulation.","A surgical manipulation system comprises an elongated guide section having a distal end member that supports a surgical tool, and a drive source configured to advance and retract an attitude operation member within the guide section to change the attitude of the distal end member. An attitude detection device non‑contactingly detects the attitude of the distal end member relative to the guide section, and a control unit corrects command values to the drive source based on the detected attitude. A virtual haptic interaction point is associated with the surgical tool such that movement of the virtual haptic interaction point corresponds to movement and attitude of the distal end member. The control unit further establishes a virtual entry boundary and activates a haptic object that constrains motion of the distal end member and surgical tool after the virtual haptic interaction point crosses the virtual entry boundary, thereby providing corrected, haptically guided attitude control during surgery."
10,CN-102933163-A,US-2014180290-A1,"One of the methods of the present invention includes a virtual surgical tool system for manipulating anatomical data generated by a computer and displaying it to a user during a surgical procedure. The system is configured to detect anatomical changes in a patient during a surgical procedure. A user interface is configured to provide feedback to a surgeon on the anatomical position of a surgical implant. The anatomical position of a surgical implant can be correlated with the anatomical position of a surgical instrument, based on a combination of physical and electro-mechanical parameters.","A surgical system and method are disclosed for performing computer-assisted surgery using patient-specific anatomy models combined with haptic-constrained tool guidance. A three-dimensional model of the patient’s anatomy is generated, and an optimal implant orientation and position are determined to design patient-matched instrumentation that defines virtual entry boundaries and safe tool paths. A surgical tool, associated with a virtual haptic interaction point, is registered to the patient-matched instrumentation, and a processing circuit activates haptic objects that constrain tool motion when the virtual haptic interaction point approaches or crosses the predefined boundaries. The system thereby provides real-time, anatomy-specific haptic feedback to guide the surgeon along planned trajectories while preventing deviation outside the virtual constraints.","A surgical system and method are disclosed for performing computer-assisted procedures using patient-specific 3D anatomical models in combination with virtual haptic guidance. A 3D model of the patient’s affected area is generated, and patient-matched instrumentation is created and positioned on the anatomy to acquire registration information and define an implant orientation and position. A surgical tool, registered to the model and associated with a virtual haptic interaction point, is then constrained by one or more virtual entry boundaries and haptic objects that correspond to planned surgical paths and implant locations. Movement of the tool is thus haptically guided within the patient-specific virtual environment to improve accuracy and safety of the surgical procedure.","A surgical system and method are disclosed that integrate patient-specific 3D anatomical modeling and virtual haptic boundary control for computer-assisted surgery. A 3D model of the patient’s affected area is generated and used to determine an implant orientation and position, and to design patient-matched instrumentation that serves as a physical registration interface for a computer-assisted surgical tool. A virtual haptic interaction point associated with the surgical tool is registered to the patient’s anatomy via the patient-matched instrumentation, enabling establishment of virtual entry boundaries and haptic objects that constrain tool motion relative to the planned implant position. The system thereby provides guided, constrained tool manipulation within the patient-specific anatomy to enhance accuracy and safety of implant placement."
11,US-2019290247-A1,US-2013253550-A1,"A bi-sectional endoscopy device of the present invention comprises an implantable catheter that is able to be inserted into a body cavity for the purpose of generating an image of the surrounding tissue. The implantable catheter is anchored to the endoscope by means of a flexible suture. In addition, the implantable catheter is equipped with a magnetically activated ligand, a receptacle, and a protruding membrane. The ligand is positioned at the surface of the implantable catheter to facilitate insertion and dissection.","A surgical system for image-guided, magnetically assisted anastomosis combines an endoscopic-ultrasound image fusion workstation with an implantable magnetic anastomosis device. The system includes an image fusion controller configured to detect a laparoscopic ultrasound probe and a delivery endoscope within a common field-of-view and to generate a fused endoscopic-ultrasound image of a target anatomical region. Based on the fused image space, a navigation module guides minimally-invasive deployment and self-assembly of a linear-configured magnetic exoskeleton device into a polygonal configuration circumscribing tissue selected for anastomosis. The fused imaging further enables real-time assessment of device placement, tissue apposition, and subsequent formation of the anastomosis.","A system and method for image-guided deployment of an implantable magnetic anastomosis device using fused endoscopic and laparoscopic ultrasound imaging is disclosed. An image fusion workstation registers an endoscopic image space to an ultrasound image space by detecting an ultrasound probe within the endoscope field-of-view, and generates a real-time fused visualization of the target tissue region. The magnetic anastomosis device, deliverable in a linear configuration via the endoscope or laparoscopic port, is navigated and positioned under this fused guidance to self-assemble into a predefined polygonal configuration circumscribing the selected tissue. The fused imaging enables precise placement, monitoring of tissue apposition, and verification of anastomosis formation and patency over time.","A system and method for image-guided deployment of an implantable magnetic anastomosis device using fused intraoperative imaging is disclosed. An image fusion workstation registers and fuses a real-time endoscopic or laparoscopic image of an anatomical region with an ultrasound image acquired by a laparoscopic ultrasound probe, based on detection and tracking of the probe within the endoscopic field of view. The fused image stream is used to plan, guide, and verify minimally-invasive delivery and self-assembly of a magnetic anastomosis device from a linear to a polygonal configuration around a selected tissue segment. The system further enables real-time assessment of tissue apposition, perfusion, and eventual necrosis/perforation at the anastomosis site, thereby improving precision and safety of magnetic anastomosis procedures."
12,US-2018049821-A1,US-2008065110-A1,"An endoscopic surgical tool comprises a robot-operated manipulator arm with a coupling mechanism that allows the manipulator arm to move relative to a surgical instrument. The coupling mechanism allows the manipulator arm to be flexibly accessed by a surgical instrument. A drive shaft is attached to the manipulator arm. The assembly includes a handle for controlling the movement of a surgical instrument, and a first-in, first-out, and second-in, middle-in, and third-in device for removing tissue from a surgical instrument.","A robotic surgical system includes a control system operatively coupled to one or more minimally invasive robotic instruments each having an end effector driven through a compact U-turn actuation mechanism. The U-turn mechanism transmits actuating forces around a tight bend radius between proximal drive elements and a distal wrist and end effector, enabling articulation within constrained anatomical spaces. One or more sensors disposed along the instrument and within the U-turn mechanism measure forces, torques, and velocities associated with the distal components. The control system processes the sensed data to determine movement parameters and actively modulate actuation through the U-turn mechanism, thereby providing precise control of tissue manipulation and cutting while mitigating unintended tissue damage.","A robotic minimally invasive surgical system is disclosed in which a control system manipulates one or more robotic arms coupled to elongated tool assemblies incorporating compact U-turn mechanisms. Each tool assembly includes an end effector and optionally a wrist mechanism positioned distal to a U-turn mechanism that transmits actuating forces around a tight bend radius, enabling complex distal articulation within confined anatomical spaces. One or more sensors disposed along the shaft and near the U-turn mechanism measure forces, velocities, and tensions associated with the robotic arm and distal components. The control system processes the sensed data to determine movement parameters that coordinate robotic arm motion with U-turn force transmission, thereby precisely controlling tissue cutting or manipulation while reducing the risk of unintended tissue damage.","A robotic surgical system comprises a control system operatively coupled to at least one robotic arm supporting a minimally invasive instrument having a U-turn mechanism for transmitting actuating forces around a compact bend. The U-turn mechanism is configured to route control forces to a distal wrist and end effector through a bend radius smaller than that of comparable flexible arms while maintaining precise motion transmission. One or more sensors are disposed along the instrument and at the end effector to measure forces, velocities, or tensions associated with tissue interaction and instrument motion. The control system processes the sensed data to determine and adjust movement parameters of the robotic arm and U-turn-actuated distal components to achieve controlled tissue manipulation and cutting while reducing unintended tissue damage."
13,US-2017360509-A1,US-2014031664-A1,"A method for a patient undergoing orthopaedic surgery comprises a device for positioning and adjusting the anatomical portion of a bone implant in a joint. The device may be augmented with a computer-generated guidance system to generate a map of the anatomical portion of a bone implant. In addition, the invention includes methods for obtaining data from a multi-probe imaging system, such as a digital camera, which is used to identify the location of the implant in relation to the anatomical portion of the joint.","A system and method are provided for navigated orthopedic revision surgery utilizing a hand-held imaging device and existing implants as registration references. The system includes a radiation-based hand-held imaging unit with an integrated detector and a navigation system configured to track the pose of the imaging unit in real time relative to the patient. Image data acquired from the tracked device is registered to the known geometry and spatial position of an in-situ orthopedic implant, allowing precise localization and guided removal of bone, bone cement, and/or the prosthesis. The system may further interface with robotic or articulating hand-held tools to execute computer-assisted, image-guided resection and implant extraction with improved accuracy and reduced invasiveness.","A system and method are provided for computer-assisted revision orthopedic surgery that integrates intraoperative imaging with implant-based registration. A hand-held radiation imaging device with a tracked pose acquires real-time image data of a previously implanted prosthesis and surrounding bone and/or bone cement. The navigation system uses the known geometry and position of the existing implant, as visualized in the tracked images, to automatically register the patient anatomy and guide precise removal of bone, cement, and/or the prosthesis. The system may be used with robotic or articulating hand-held tools to execute planned cuts or removal paths based on the intraoperative imaging and implant-based registration.","A system and method are provided for navigated orthopedic revision surgery that integrates a hand-held imaging device with an existing implanted prosthesis as a registration landmark. The system includes a radiation-based hand-held imaging probe tracked by a navigation system to acquire intraoperative images of bone, bone cement, and prosthetic interfaces, and to determine the pose of the device relative to the implant. Using the known geometry and spatial position of the existing implant, the system generates a real-time, registered anatomical model that guides removal of bone, bone cement, and/or the prosthesis. The system may further interface with robotic or articulating hand-held cutting tools to execute planned removal trajectories with enhanced accuracy and reduced damage to surrounding tissue."
14,JP-2016505326-A,US-9588583-B2,"1 The invention comprises a method for establishing a bone satchet relative to the surface of the body of the first osteotomy. The technique is achieved by cutting a portion of a bone satchet into the surface of the body of the first osteotomy. The insertion point of the insertion point is controlled by a coupling tool, which provides a positional adjustment of the insertion point relative to the surface of the body of the first osteotomy. The coupling tool provides a positional adjustment of the insertion point relative to the surface.","A system and method for computer-assisted wedge-opening osteotomy is provided, comprising a bone fixation plate and a haptic-enabled virtual planning environment. The system includes a computer configured to generate a patient-specific bone model, simulate formation of first and second bone voids and corresponding cut surfaces, and virtually position a fixation plate having first and second holes. The computer is further configured to compute haptic interaction geometric primitives corresponding to plate-bone alignment and osteotomy gap manipulation, and to determine haptic forces in distinct subspaces corresponding to translational and rotational adjustments of the bone segments. A haptic interface outputs substantially stable haptic feedback to guide the surgeon in achieving desired alignment before physical cutting and fixation with fasteners.","A surgical guidance system for wedge-opening osteotomy integrates virtual haptic interaction with bone fixation planning. A computer generates a virtual model of a bone, a fixation plate having first and second holes, and associated fasteners, and defines haptic interaction geometric primitives corresponding to cutting planes and planned fastener void locations. The computer determines, in a first haptic subspace, forces that guide a virtual or robot-assisted tool along predetermined osteotomy cut paths and void-formation trajectories, and in a second, different haptic subspace, forces that guide alignment of the plate holes with the formed bone voids as the cut bone segments are repositioned. The system provides substantially stable haptic feedback to the surgeon or robotic instrument during cutting, repositioning, and plate fixation to improve accuracy of osteotomy gap opening and hardware placement.","A computer-assisted orthopedic osteotomy system is provided that combines a fixation plate and guided cutting methodology with real-time haptic feedback in multiple subspaces. The system includes a bone fixation plate having first and second apertures configured to define corresponding bone voids used as cutting and repositioning references, and a virtual surgical tool rendered in a mixed-reality or robotic interface. A processor identifies first and second subsets of haptic interaction geometric primitives corresponding respectively to an approach/cutting subspace and a repositioning/fixation subspace, and computes haptic forces for each subspace to guide the surgeon’s tool path and bone-segment manipulation. By aligning the fixation plate apertures with the bone voids while providing substantially stable multi-subspace haptic feedback, the system enhances accuracy and stability of wedge-opening osteotomy planning, execution, and fixation."
15,US-10716630-B2,US-2014031664-A1,"An imaging system includes a radiation source formed to capture a photon of a radiation source, a handheld device disposed on a fixed surface, and a method of adjusting the position of the handheld device, a handheld device disposed on a fixed surface, and a navigation device disposed on the handheld device.","A system and method for performing revision surgery integrates a hand-held imaging device with a robotic-assisted surgical system to facilitate implant removal. The hand-held imaging device includes a radiation source, detector, and navigation system configured to track its pose and acquire intraoperative image data of an implant-bone interface. The system processes the acquired image data to determine information related to the interface area and to generate a planned virtual boundary for removal of a portion of the interface. A robotic system tracks a cutting tool in physical space, correlates its movement with a virtual tool, and constrains the cutting tool based on the planned virtual boundary to guide removal of the implant component from the bone.","A system and method for robot-assisted revision surgery utilizes a hand-held, tracked imaging device to acquire intraoperative image data of an implant-bone interface. The navigation system determines the pose of the hand-held imaging device and generates an updated three-dimensional representation of the implant and surrounding bone. Based on this representation, the system determines interface information and computes a planned virtual boundary for material removal to facilitate implant extraction. A robotic cutting tool is then tracked and constrained relative to the planned virtual boundary, such that cutting is dynamically guided and limited according to the real-time imaging and pose-tracked updates.","A system and method for performing revision surgery combines a robotic-assisted surgery platform with a hand-held imaging and navigation device. The method includes using the hand-held imaging device having a radiation source and fixed detector, tracked in real time by a navigation system, to acquire intraoperative image data of an implant-bone interface region. Based on the acquired image data, the system determines information related to the interface area and generates a planned virtual boundary defining a portion of the interface to be removed. A robotic or navigated cutting tool is then tracked and constrained according to the planned virtual boundary, enabling guided removal of the implant component from the bone with updated intraoperative imaging feedback."
16,JP-2014531920-A,US-2014031664-A1,"1 An orthopaedic surgery device comprising a base unit is configured to generate an image of a patient's position relative to a target joint. The device comprises a control mechanism for adjusting the position of a target joint. The device comprises a control mechanism for adjusting the position of a target joint relative to a target joint. In addition, the invention permits the use of a plurality of optical probes, including a hand-held device and a computer-aided image processing system.","A system and method are disclosed for image-guided joint repair and implant revision that integrates a patient-specific joint reconstruction platform with a hand-held tracked imaging device. The system includes customized or highly selectable surgical tools and implant components adapted to an individual patient, and a radiation-based imaging device having a source and detector rigidly fixed together and tracked in real time by a navigation system. Intraoperative image data acquired by the hand-held imaging device are used to determine the pose of existing or damaged implants and surrounding anatomy, and to guide preparation of bone surfaces and placement of customized replacement components. The integration of customizable tools and real-time navigated imaging improves accuracy, speed, and adaptability during complete or partial joint arthroplasty and revision procedures.","A system and method are disclosed for patient-specific joint repair using a tracked hand-held imaging device. The system comprises customized or highly selectable surgical tools and implant components configured for optimal fit and function in joint revision or replacement procedures, and a navigation-enabled imaging device having an integrated radiation source and detector to intraoperatively acquire three-dimensional image data of the joint region. The navigation system tracks the pose of the hand-held imaging device relative to the patient and surgical tools to provide real-time guidance for preparation of bone surfaces and placement of customized implants. The imaging and navigation data are further used to update and refine preoperative plans and to verify final implant position and joint function during the procedure.","A system and method are disclosed for image-guided revision arthroplasty using a patient-specific, handheld imaging and navigation platform. The system comprises a handheld radiation-based imaging device having an integrated detector and pose-tracked by a navigation system, configured to acquire intraoperative images of a joint having a damaged implant. Patient-specific or highly selectable surgical tools and implant components are generated or selected based on preoperative and intraoperative imaging data, and their positioning is dynamically guided using the tracked handheld imager to optimize fit and function. The system improves speed, accuracy, and ease of performing complete or partial joint replacement or re-replacement procedures."
17,WO-2016089870-A1,US-9588583-B2,"A method of the invention relates to a computer-controlled system for generating a virtual haptic representation of a surgical procedure by using a combination of a simulated haptic model and a predetermined haptic model. The predetermined haptic model is then analyzed for morphological features, such as bone structure and joint surface area. Two methods of the invention are described for generating a virtual haptic representation of a surgical procedure by using a predetermined haptic model and adjusting a predetermined haptic model to a target.","A system and method are disclosed for image-free, haptically guided orthopedic implant revision surgery. The method includes generating an initial 3D model of a target bone based on predefined anatomical parameters, collecting intraoperative surface points from exposed bone regions, and producing an updated, reshaped 3D bone model in real time. A haptic interface is configured with geometric interaction primitives associated with the reshaped 3D model, and the system identifies first and second subsets of the primitives to compute haptic forces in corresponding, different subspaces. The resulting haptic feedback provides substantially stable, spatially differentiated guidance to a virtual surgical tool, enabling accurate bone preparation and implant positioning without preoperative imaging.","Systems and methods are disclosed for image-free computer-assisted orthopedic revision surgery with subspace-decomposed haptic guidance. A 3D model of a target bone and existing implant is generated from predefined anatomical parameters and intraoperatively acquired surface points, and is iteratively reshaped to reflect actual patient anatomy. A virtual surgical tool is defined in the modeled environment, and a haptic interaction engine identifies distinct subsets of geometric primitives associated with implant removal, bone preservation, and implant preparation. Haptic forces are computed in corresponding subspaces to provide substantially stable, task-specific tactile feedback that guides the surgeon in executing the revision plan while minimizing unintended bone removal.","A system and method are provided for planning and executing image-free revision implant surgery with stable, multi-subspace haptic guidance. The system generates an initial three-dimensional model of a target bone using pre-defined anatomical parameters, acquires intraoperative surface points from the exposed bone, and produces a reshaped three-dimensional model reflecting the actual patient anatomy. A virtual surgical tool is associated with haptic interaction geometric primitives derived from the reshaped model, and a computer identifies distinct subsets of these primitives to define multiple haptic subspaces corresponding to different surgical tasks or regions. Haptic forces are computed separately in each subspace and combined to provide substantially stable, task-specific tactile feedback to guide bone preparation and implant placement during revision surgery without reliance on preoperative imaging."
18,US-2012071893-A1,US-9588583-B2,A method for generating and adjusting a computer-based haptic simulation of a surgical intervention system is described. The method consists of determining the articulation of a surgical intervention system with respect to a predetermined articulation of a virtual device. One or more parameters of the virtual device are mapped to a predetermined articulation of a surgical intervention system. The user may use a tool to identify the articulation of a surgical intervention system by referring to a predetermined articulation of a virtual device and adjusting the rotational forces,"A system and method for robot-assisted orthopedic surgery provides substantially stable, subspace-decomposed haptic guidance during bone resection for femoral acetabular impingement. Patient-specific three-dimensional models of the proximal femur and acetabulum are generated and used to define dynamic movement limits and target resection volumes for a robotic cutting tool. A haptic controller identifies first and second subsets of haptic interaction geometric primitives corresponding respectively to constraint-enforcing boundaries and desired cutting regions, and computes haptic forces in distinct subspaces to simultaneously enforce safety constraints and guide the surgeon toward the planned resection. The robotic system applies these subspace-based haptic forces to maintain tool motion within the dynamic limits while enabling smooth, stable, and accurate execution of the planned bone removal.","A system for robot-assisted orthopedic surgery provides substantially stable haptic guidance during bone resection procedures. Patient-specific three-dimensional models of a joint are generated and used to define a first subset of haptic interaction geometric primitives corresponding to safe cutting regions and a second subset corresponding to motion-limiting boundaries. A computer determines haptic forces in a first subspace to guide a virtual or physical cutting tool along desired resection paths and determines haptic forces in a second, different subspace to constrain the tool within dynamic movement limits. The robotic system removes bone while the haptic feedback and subspace constraints inhibit tool motion outside of preplanned anatomical and surgical boundaries.","A system and method for robot-assisted orthopedic surgery combine subspace-based haptic rendering with dynamically constrained tool guidance. Patient-specific three-dimensional models of a joint are generated and used to define geometric primitives that partition the haptic interaction space into at least a first subspace associated with safe cutting zones and a second subspace associated with restricted or no-cut regions. A robotic surgical tool is controlled to compute and apply haptic forces in the first and second subspaces, providing substantially stable feedback that guides the surgeon and resists motion into the restricted regions. Dynamic movement limits of the tool are updated in real time based on the subspace-specific haptic calculations and intraoperative data to ensure accurate bone removal while preventing violation of preplanned surgical boundaries."
19,US-2017172662-A1,EP-3679851-A1,"A surgical imaging system of the present invention includes a method for manipulating an image generated by a surgical instrument to provide a user with a guide to a surgical procedure. A computer-aided image processing tool detects the position of a surgical instrument at a focal point and transmits the image to the surgical instrument. The data generated by the surgical instrument are correlated with the image generated by the surgical instrument. During the operation, an end-to-end visual representation of the image is provided, and multiple images of the image are displayed in three-dimensional space.","A system and method are provided for real-time intra-operative Q3D visualization and instrument guidance that integrates multi-camera IR-based 3D imaging with endoscopic Q3D modeling and tracking. An anatomical object is scanned and simultaneously imaged by multiple IR cameras and at least one Q3D endoscope, wherein parallax-derived integrated IR images are registered with Q3D endoscopic data to generate a unified intra-operative 3D model. Surgical instruments are tracked within this unified model, and virtual fields of view corresponding to instrument tips are generated to display predicted instrument paths and dynamically updated no-fly zones around critical anatomical structures. The system enables continuous, real-time, multi-perspective visualization and collision-avoidance guidance for instruments during minimally invasive procedures.","A system and method are provided for real-time intra-operative 3D guidance that integrates Q3D endoscopic imaging with parallax-based IR multi-camera scanning. An anatomical object and surrounding instruments are imaged concurrently by a Q3D endoscope and a plurality of IR cameras mounted on or around surgical instruments. A processor fuses the Q3D scene model with the integrated IR-based 3D image to generate an enhanced, registered intra-operative 3D representation, identifies instruments and anatomical structures, and computes instrument trajectories with dynamic no-fly zones. The system further renders virtual fields of view from selected instrument perspectives to provide predictive path visualization and 3D tracking during surgical procedures.","A system and method are provided for real-time intra-operative Q3D visualization and navigation that integrates multi-modal imaging with predictive instrument guidance. An anatomical region is scanned and concurrently imaged with a plurality of IR and optical cameras mounted on or around multiple surgical instruments to generate parallax-based integrated 3D and Q3D scene models. A processor fuses the scanner data, IR images, and optical images to produce a dynamically updated Q3D representation of target structures and instruments, and displays the scene from a selectable virtual instrument field of view. The processor further determines and visualizes no-fly zones around critical anatomy, predicts safe instrument paths within the Q3D model, and provides continuous 3D tracking and collision-avoidance feedback during intervention."
20,US-2014194732-A1,US-2021289189-A1,"1 An operating room surgical tool system comprises a camera with a viewfinder, a camera with a viewfinder, a camera with a viewfinder, a camera with a viewfinder, a camera with a viewfinder, a camera with a viewfinder, a camera with a viewfinder, a camera with a viewfinder, a camera with a viewfinder, a camera with a viewfinder, and a camera with a viewfinder. 2 An end-axis position is performed to identify the position of a rotating instrument.","A system and method for intraoperative three-dimensional imaging and measurement within a body cavity are disclosed. The system comprises multiple trocars with retractable, tracked cameras and at least one laparoscopic instrument incorporating a wide-field optical imaging module with an optional path folding mirror, and a primary high-resolution camera. An image processing unit receives images from the retractable cameras, the wide-field camera, and the primary camera, applies geometric and optical transforms based on tracked positional marks and known optical paths, and fuses the images to generate real-time stereoscopic and three-dimensional reconstructions of the surgical field. The reconstructed images are presented on a three-dimensional display to provide highly accurate depth perception and quantitative shape measurements for surgical guidance.","A surgical imaging and assistance system for minimally invasive procedures comprising multiple instrument-mounted retractable cameras with fixed-reference tracking markers, at least one wide-field camera, and a laparoscope, all oriented toward a surgical target region. An optical tracking sensor determines the three-dimensional positions and orientations of the tracking markers, and an image processor receives images from the instrument-mounted cameras, the wide-field camera, and the laparoscope. The processor applies geometric and optical image transforms, including path-folding corrections for the wide-field camera, to co-register and fuse the images into a unified stereoscopic three-dimensional representation of the target and surrounding anatomy. The fused three-dimensional image is displayed on a stereoscopic monitor to enable accurate intra-abdominal shape measurement, depth perception, and tool guidance during surgery.","A surgical visualization and navigation system is provided that combines trocar-mounted retractable cameras with a wide-field optical imaging subsystem to generate enhanced stereoscopic three-dimensional images of an internal surgical target. The system includes multiple instrument trocars each having integrated cameras with fixed positional relationships to optical tracking markers, at least one wide-field camera with optional path-folding mirrors, and a processor configured to receive images from both trocar and wide-field cameras. The processor tracks the positions of the markers to estimate camera geometries, applies image transforms to register and align the trocar and wide-field images, and fuses the transformed images into a stereoscopic three-dimensional representation of the operative field. The resulting stereoscopic image is displayed on a three-dimensional monitor to provide accurate depth perception and real-time measurement of anatomical structures during minimally invasive procedures."
21,US-9861271-B2,EP-3679851-A1,"One method relates to a surgical imaging system comprising a manipulating device, an endoscope, and a camera. The manipulating device generates an image of the anatomical position of a patient in a surgical procedure. The imaging system is augmented to provide a virtual image of the anatomical position of a patient in a surgical procedure. In addition, the image is analyzed for accuracy by a data acquisition process. The data acquisition process may be performed remotely from the imaging system, including the acquisition of three-dimensional images of the anatomical position of objects.","A system and method for intra-operative 3D imaging and motion-compensated navigation of moving anatomical targets combines tracked endoscopy with multi-camera IR-based surface reconstruction. An endoscope including a tracking mechanism records its position and orientation relative to target tissue while a motion sensor characterizes cyclical organ motion. Simultaneously, a plurality of IR cameras, mounted on surgical instruments or the operating environment, capture IR images that are integrated via parallax-based processing into a real-time 3D anatomical model registered to optical images. The correlated motion data and integrated 3D model enable dynamic updating of the target location and tool guidance to compensate for organ motion during medical procedures.","A system and method for intra-operative guidance integrates endoscopic motion tracking with multi-camera infrared-based 3D imaging of anatomical structures. An endoscope equipped with a tracking mechanism records its positions and orientations relative to moving target tissue while a motion sensor characterizes cyclical organ motion. Simultaneously, multiple IR cameras, optionally mounted on surgical instruments, capture IR images that are fused via parallax to create a real-time 3D representation of the anatomical region. The recorded endoscope poses and organ motion data are correlated with the integrated 3D IR image to provide motion-compensated visualization and navigation during medical procedures.",A system and method for real-time intra-operative imaging of moving target tissue combines tracked endoscopy with multi-camera infrared parallax imaging. An endoscope equipped with a position/orientation tracking mechanism is used in conjunction with multiple IR cameras mounted on surgical instruments or the operating room environment to capture reflected IR light from an anatomical region. The tracked endoscope positions and orientations are temporally correlated with cyclical organ motion data and integrated with the IR parallax images to generate a continuously updated 3D representation of the target tissue. The resulting intra-operative 3D image compensates for organ motion and provides enhanced spatial context for guidance of diagnostic or therapeutic procedures.
22,US-2017360512-A1,US-2020222205-A1,"A surgical instrument system comprises a robotic tool for manipulating a surgically performed joint and a guide device for adjusting the position of the surgically performed joint relative to the patient's body. The method includes a method of generating force to be applied to the surgically performed joint. The method includes a plurality of end-pieces, including a first-axis receptacle and a cutting device. The receptacle is positioned in a pre-determined position relative to the patient's body, and the cutting device is positioned in.","A system and method for robot-assisted orthopedic implant extraction are provided. A robotic arm having an end effector is configured to manipulate an implant extractor tool having pivotably connected jaws and a one-hand operable adjustment mechanism. A robotic controller monitors the position and orientation of the end effector and the extractor jaws, and applies controlled forces to an implant while tracking bone motion via one or more trackers affixed to the bone. The controller determines soft tissue balance and extraction force parameters in real time and outputs guidance and/or automatically adjusts the extractor tool to achieve safe, balanced implant removal.",A system and method for robot-assisted implant extraction are disclosed. The system includes a robotic arm having an end effector coupled to an implant extraction tool with pivotably connected jaws and a one-hand operable adjustment mechanism. A robotic controller monitors the position and orientation of the end effector and applies controlled forces to the implant and associated bone structures based on tracking data from one or more trackers affixed to the bone. The controller determines soft tissue balance during implant engagement and extraction and dynamically adjusts the extraction tool and robotic arm motion to optimize implant removal while minimizing soft tissue disruption.,"A system and method are provided for robot-assisted extraction of orthopedic implants. A robotic arm having an end effector is configured to couple to a one-handed implant extractor tool including pivotably connected arms, jaws for engaging an implant, and an adjustment mechanism controlled by an actuator. A robotic controller monitors position and orientation of the end effector and extractor tool via a tracking system, and applies controlled forces to the implant and surrounding bone based on soft tissue balance data derived from tracker information. The controller dynamically adjusts the extractor’s engagement and biasing forces to optimize implant removal while maintaining desired soft tissue balance, and outputs corresponding metrics to a display."
23,US-2017360512-A1,US-2010100102-A1,"A method is provided for manipulating a portion of a limb to determine the position of a joint relative to the first and second vertebral bones of the limb. The method includes a force sensor and a reversible alignment device. The force sensor is positioned at the proximal end of the limb, and the reversible alignment device is positioned at the distal end of the limb. The reversible alignment device is covered by a flexible plastic covering system comprising a plurality of movable structures, including a bone.","A system and method are provided for robot-assisted ligament balancing during orthopedic surgery. The system includes a robotic arm having an end effector configured to engage a tensor/ligament balancer comprising first and second paddles and a biasing member operable to apply a substantially constant force to the second paddle to measure a joint gap. A robotic controller monitors the position and orientation of the end effector and the paddles, receives tracking information from one or more trackers affixed to patient anatomy, and determines soft tissue balance based on the measured gap under controlled force conditions. The calculated soft tissue balance and corresponding gap measurements are output to a display and can be used to automatically or semi-automatically adjust the position of the end effector to achieve a desired ligament tension profile.","A system and method for robot-assisted soft tissue balancing is provided. The system includes a robotic arm having an end effector operably coupled to a tensor/ligament balancer comprising first and second paddles and a biasing member configured to apply a substantially constant force between opposing anatomical structures. A robotic controller monitors the position and orientation of the end effector and paddles, and determines a real-time soft tissue balance metric based on the gap measured by the balancer and tracking data from markers affixed to the bone. The soft tissue balance information is used to guide robotic manipulation of the joint and can be output to a display to assist in surgical planning and execution.","A system and method for robot-assisted soft tissue balancing during joint arthroplasty is disclosed. The system includes a robotic arm having an end effector configured to operably couple to a tensor/ligament balancer comprising first and second paddles and a biasing member applying a substantially constant force between opposing bony structures. A controller monitors position and orientation of the end effector and the paddles via a tracking system and determines joint gap dimensions and soft tissue balance under controlled, repeatable loading conditions. The determined balance metrics are used to guide robotic adjustment of bone preparation and/or implant positioning, and are output to a display for intraoperative decision-making."
24,US-10383765-B2,US-11344374-B2,"A method comprises a computer-aided robotic system for detecting and mapping the position of a patient during a surgical procedure. The system generates an image of a device based on the information provided by one or more sensors in the system. The system generates an image of a device based on the information provided by one or more sensors in the system. In addition, the system may be configured to display the orientation and orientation of a reference scene from a physical location to a three-dimensional perspective, and to display the orientation and orientation of a reference scene from a virtual location","A system and method for preventing unintended tool motion in robotic-assisted ophthalmic surgery. The system comprises a robotic surgical instrument with integrated inertial sensors and kinematic tracking, an imaging assembly configured to generate a three-dimensional model of a patient’s eye and establish a global coordinate system, and a processor coupled to receive movement and imaging data. The processor is configured to identify unintentional movements of the surgical instrument within the global coordinate system and, in response, generate control signals to suppress, filter, or constrain such movements relative to a predefined virtual boundary. In some embodiments, the system dynamically updates the virtual boundary based on real-time eye motion and tool position to further reduce the risk of inadvertent injury.","A system and method are provided for robotic-assisted surgical control incorporating unintentional motion detection. A robotic surgery platform establishes a global coordinate system for a target anatomy using kinematic data and volumetric imaging to generate a registered three-dimensional model and define virtual safety boundaries. One or more freely moveable surgeon controllers equipped with inertial sensors provide movement data used to command robotic instruments within the coordinate system. A processor analyzes the movement data to identify unintentional movements of the controllers and, based on this identification and the virtual boundaries, selectively filters, attenuates, or blocks corresponding robotic motions to reduce the risk of inadvertent tissue injury.","A system and method for intention-aware robotic-assisted microsurgery are disclosed. The system includes a surgical robotic manipulator and handheld controller equipped with inertial sensors, optical coherence tomography imaging, and kinematic tracking to establish a unified global coordinate system of the surgical field. A processor analyzes movement data from the controller and robotic joints to distinguish intentional tool motions from unintentional movements, and dynamically enforces virtual safety boundaries within the registered three-dimensional model of the patient’s anatomy. Upon detecting unintentional movement, the system selectively filters, attenuates, or overrides corresponding robot commands to prevent tool motion beyond defined safety zones and reduce risk of inadvertent injury."
25,US-10383765-B2,US-2022183779-A1,"A surgical apparatus comprises a surgical tool system for generating an image of a surgical instrument and a surgical tool system for manipulating a surgical instrument. The surgical tool system includes a method for determining the relative position of a surgical instrument and a surgical tool system. In addition, the method may be configured to allow a user to rotate the surgical instrument from one end to the other. The method may be configured to allow a user to remove a portion of the surgical instrument from the surgical tool system by means of a first-axis rotation and a third-axis rotation.","A robotic-assisted surgical system is provided that integrates a globally registered coordinate framework with a multi-blade, torque-transferring retractor assembly for ophthalmic or microsurgical procedures. The system includes an overhead imaging assembly and tool-based sensors that generate a computer-registered three-dimensional model of the patient’s eye and surrounding anatomy, and define virtual boundaries within the coordinate system. A retractor instrument having first and second blades rotatably coupled to a clevis and linked via a torque-transferring tension member is tracked and controlled within this coordinate system so that blade orientation and opening are robotically actuated while respecting the virtual boundaries. In some embodiments, the system dynamically adjusts blade positions based on real-time imaging and kinematic data to optimize exposure while preventing inadvertent tissue contact or injury.","A robotic-assisted surgical system for ophthalmic procedures integrates a coordinated multi-blade retractor mechanism with a globally registered ocular coordinate system. The system includes a robotic manipulator, an overhead optical coherence tomography assembly, and a tool-mounted sensor to generate and maintain a three-dimensional model of the patient’s eye within a global reference frame. A clevis-mounted, multi-blade retractor is controlled by the robotic manipulator, wherein controlled torque applied to a first blade induces sequential or simultaneous rotation of one or more coupled blades to expose target ocular regions while respecting a virtual boundary defined in the coordinate system. The virtual boundary constrains motion of the retractor blades to prevent inadvertent injury to ocular tissues during automated or semi-automated retraction maneuvers.","A robotic-assisted surgical system for controlled tissue retraction and instrument guidance is provided. The system includes a robotic manipulator having a multi-blade retractor assembly with a clevis, first and second blades, and a tension member configured to selectively transfer torque between the blades to achieve coordinated multi-stage retraction. A global coordinate system is established using robotic kinematics and optical coherence tomography data from both an overhead imaging assembly and a tool-based sensor, thereby generating a computer-registered three-dimensional model of the surgical site. The system further defines virtual boundaries within the global coordinate system to constrain retractor blade motion and prevent inadvertent injury to adjacent anatomical structures."
26,US-10383765-B2,US-2022101745-A1,"One or more methods of executing a surgical system are described, including the manipulation of a virtual object by a computer-aided robotic device to generate an anatomical image of a surgical scene. The system generates an image of the surgical scene based on the user's perception of the location and orientation of the surgical scene. In addition, the system provides a method for identifying and synchronizing a set of data from a sensor in the operating room to a set of data from a camera in the operating room.","A system and method are provided for virtual-reality-based planning, simulation, and execution of robotically assisted ophthalmic surgery within a unified global coordinate system. A virtual reality environment presents a three-dimensional, computer-registered model of a patient’s eye derived from robotic kinematics and optical coherence tomographic imaging, and displays virtual robotic components constrained within one or more virtual safety boundaries. User inputs to manipulate the virtual robotic components are processed via a client-server architecture to generate actuation commands that are mapped into the real robotic system operating in the same global coordinate frame. The system thereby enables pre-operative rehearsal, intra-operative guidance, and real-time enforcement of virtual boundaries to reduce the risk of inadvertent tissue injury.","A system and method are provided for virtual-reality-assisted robotic eye surgery that integrates a global surgical coordinate framework with a networked virtual robotic environment. A three-dimensional, computer-registered model of the patient’s eye is generated using robotic kinematics data and optical coherence tomography acquired from an overhead imaging assembly and tool-mounted sensors, and a virtual safety boundary is defined within this model. A virtual reality client application renders a corresponding virtual robotic surgical environment including virtual representations of robotic components, the eye model, and the virtual boundary, and receives user input to manipulate the virtual robotic components. A server application generates robotic actuation commands based on the user input, the status information of the virtual components, and the global coordinate system, and transmits the commands for execution and synchronized update of both the physical robot and the virtual environment.","A system and method are provided for virtual-reality-based planning, simulation, and execution of robot-assisted ocular surgery within a unified global coordinate framework. A global coordinate system for a patient’s eye is established using robotic kinematic data and optical coherence tomographic images from an overhead optical assembly and a tool-based sensor, thereby generating a computer-registered three-dimensional eye model including optional virtual safety boundaries. A virtual reality environment is generated that includes virtual representations of the patient’s eye, the robotic components, and the virtual safety boundaries, and user inputs in the virtual environment are processed by a client-server architecture to generate actuation commands. The actuation commands are then used to control movement of corresponding physical or virtual robotic components in accordance with the global coordinate system, enabling accurate rehearsal, guidance, and/or execution of the surgical procedure while enforcing the virtual boundaries."
27,US-2017258526-A1,US-2019275323-A1,"A method of the present invention relates to providing an electrically actuated device for a surgical procedure to be implanted in a patient's body. The device includes at least one implantable imaging system, a display device, and an input/output device. The display device and the input/output device are configured to monitor the patient's physiological characteristics, such as sensitivity, temperature, and focal length, by a combination of a signal processing device and a signal processing device.","A surgical system is provided that integrates an optical head-mounted display (HMD) with an electrical stimulation unit for real-time, visually guided medical procedures. The HMD presents augmented reality overlays indicating target anatomy and planned stimulation sites, while the stimulation system delivers capacitive discharge pulses through electrodes to elicit observable tissue responses. Sensor feedback from the stimulated anatomy is processed and rendered on the HMD as visual cues, enabling the clinician to confirm anatomical function and adjust electrode placement or stimulation parameters during the procedure. Methods of use include guiding nerve identification, mapping, or functional verification under direct visual and augmented feedback.","A system and method are provided for visually guided functional localization of anatomical structures during surgery using an optical head mounted display in combination with an electrical stimulation system. The system includes a head mounted display configured to present real-time surgical field imagery overlaid with graphical indicators corresponding to stimulation parameters and observed tissue responses, and a stimulator having at least one electrode powered to deliver capacitive discharge voltage to tissue proximate a target anatomy. The head mounted display is further configured to register and track the stimulation site in three-dimensional space, correlating induced observable responses with anatomical landmarks to guide surgical decision-making. In some embodiments, the system dynamically updates visual guidance cues based on the measured or observed response to electrical stimulation to optimize precision in tissue identification, dissection, or preservation.","A system and method are provided for performing surgical or interventional procedures using an optical head mounted display integrated with an electrical stimulation system. The head mounted display presents real-time visual guidance including anatomical overlays, stimulator parameters, and induced tissue responses during delivery of capacitive discharge stimulation through at least one electrode to tissue proximate a target anatomy. The system correlates observed physiological responses to stimulation with preoperative and intraoperative imaging data to assist in identifying or confirming target anatomical structures. In some embodiments, user inputs and feedback from the observable responses dynamically adjust stimulation parameters and visual guidance to optimize precision and safety of the procedure."
28,US-2017258526-A1,WO-2013132501-A1,"This invention relates to a surgical imaging device comprising a method for displaying an image of a patient during a surgical procedure, a technique for manipulating an image of a patient, and an endoscope for guiding the image of a patient to a desired location. In addition, the apparatus may be accessed from a computer-based system comprising a positional camera, a positional camera, a positional camera, a positional camera, a positional camera, a positional camera and a positional camera.","A system and method are provided for visually guided surgical manipulation of an endoscope using an optical head-mounted display. The system comprises an endoscope providing real-time images of a field of view within a body cavity, a maneuvering system defining its own coordinate axes, and control means for receiving user movement commands via the head-mounted display interface. A data processing unit transforms the user commands into control signals that maneuver the endoscope relative to the field-of-view axes (x_FOV, y_FOV, z_FOV), independently of the maneuvering system axes, while simultaneously overlaying visual guidance, targeting cues, and contextual information within the surgeon’s display. This configuration enables intuitive, coordinate-aligned endoscope control and augmented visual feedback during minimally invasive procedures.","A system and method are disclosed for image-guided endoscopic surgery utilizing an optical head mounted display (HMD) integrated with an actively maneuvered endoscope. The system comprises an endoscope providing real-time images of an internal field of view (FOV), a maneuvering system for orienting the endoscope with respect to the FOV axes, and a head mounted display for presenting said images and related surgical guidance information to the user. A control interface and data processing unit receive user movement commands, including head and hand gestures detected via the HMD, and drive the maneuvering system to reposition the endoscope relative to the FOV axes independently of the mechanical axes of the maneuvering system. The system thereby enables intuitive, visually guided control of the endoscope and surgical tools based on the surgeon’s viewing perspective, improving precision and ergonomics during minimally invasive procedures.","A system and method are disclosed for robotically assisted, visually guided endoscopic surgery utilizing an optical head-mounted display. An endoscope provides real-time images of an internal field of view (FOV), and a maneuvering system is configured to adjust endoscope position based on user control inputs interpreted in the FOV coordinate axes (x_FOV, y_FOV, z_FOV) independently of the mechanical axes of the maneuvering system. The head-mounted display overlays visual guidance cues, including FOV-aligned directional indicators and target markers, directly onto the surgeon’s view of the endoscopic images. A data processing unit maps user gestures or interface commands captured via the head-mounted display to FOV-referenced motion commands for the endoscope, thereby enabling intuitive, image-based control of the endoscopic viewpoint during surgical procedures."
29,US-2013211792-A1,US-9655683-B2,"A method for providing guidance to a user of a virtual anatomical implant device involves generating a virtual anatomical representation of a target anatomical position in relation to a computer-generated haptic parameter. The haptic parameter is mapped to a virtual anatomical representation of a target anatomical position in relation to a computer-generated haptic parameter. One or more of the methods described in the present invention are applied to a virtual anatomical implant device, allowing the user to adjust the positioning of the device and adjusting the orientation.","A computer-implemented system for patient-specific haptic guidance of a surgical instrument is provided. The system comprises generating a virtual haptic boundary by determining an intersection between a reference feature of a virtual implant model and a virtual anatomical model of a patient. A current orientation angle of an instrument axis relative to a target axis associated with the reference feature is determined, and the haptic boundary is dynamically adjusted based on the determined orientation angle. The haptic boundary is configured to both conform to the patient-specific anatomical-implant interface and constrain the instrument axis from deviating beyond a permitted orientation envelope during a surgical procedure.","A computer-implemented method for patient-specific haptic guidance of a surgical instrument comprises generating a virtual anatomical model from patient imaging data and registering a virtual implant model thereto. The method further comprises identifying at least one reference feature on the virtual implant model, determining its intersection with the virtual anatomical model, and defining a customized three-dimensional haptic boundary based on the intersection. The method also comprises tracking a current orientation and position of an instrument axis relative to a target implant axis and dynamically constraining movement of the instrument via the customized haptic boundary. The haptic boundary thereby limits deviation from both the patient-specific anatomical constraints and the desired implant orientation during instrument manipulation.","A computer-implemented method for patient-specific haptic guidance of a surgical instrument comprises generating a virtual model of a patient anatomy and a corresponding virtual implant model, and identifying one or more reference features of the implant model. The method further comprises determining an intersection between the identified reference features and the virtual anatomy model to define a customized virtual haptic boundary for the instrument within the patient-specific anatomy. A current orientation angle of an instrument axis relative to a target implant axis is then determined, and the customized haptic boundary is dynamically adjusted based on the determined orientation angle. The haptic boundary constrains the instrument from deviating beyond patient-specific and orientation-based limits, thereby guiding implant placement along an anatomically and procedurally optimal trajectory."
30,US-11484368-B2,US-2019133791-A1,A computer-based surgical method is disclosed for obtaining a bone plan for a prosthetic implant in a patient's arthroscopic surgery. The method includes tools for manipulating the articular surface of a prosthetic implant and adjusting the relative positioning of the articular surface of a prosthetic implant. The method also includes a tool system for determining the alignment of the articular surface of a prosthetic implant and adjusting the relative positioning of the articular surface of a prosthetic implant. These components may be used in the preparation of a surgery.,"A system and method for intraoperatively planning and executing robotic revision arthroplasty without pre-operative medical imaging. Positions of a tracked probe are captured as the probe contacts an interface area between bone and a primary implant component to generate a virtual boundary defining implant removal and bone preparation regions. A robotic guidance station tracks movement of the patient anatomy and surgical tools and controls tool motion relative to the virtual boundary and additional virtual objects defined, at least in part, by intraoperatively acquired bone density data. The system constrains implant removal and subsequent bone resection so that revised implant components are seated in higher-density bone regions while preserving critical bone stock.","A system and method for robotic revision arthroplasty that intraoperatively plans and executes removal of a primary implant and preparation for a replacement implant without reliance on pre-operative medical imaging. Positions of a tracked probe are captured as the probe contacts an interface area between bone and an existing implant to generate a virtual boundary for controlled removal of the implant using a constrained cutting tool. Following implant removal, a guidance station tracks patient anatomy and surgical tools to define and control virtual cutting boundaries for preparation of the bone to receive a new implant. Virtual cutting boundaries and implant seating locations are determined based on intraoperatively derived bone density characteristics such that distal portions of the replacement implant are seated in a higher-density bone region relative to adjacent lower-density regions.","A system and method for robotic-assisted revision arthroplasty are provided, in which intraoperative mapping of an implant-bone interface is combined with density-based virtual planning of new implant placement. A guidance station tracks a probe as it contacts the interface between bone and a primary implant component to generate, without pre-operative imaging, a virtual removal boundary that constrains operation of a cutting tool for explantation. Concurrently, the system acquires or infers bone density data to define virtual target regions of higher-density bone for seating a revision implant, and generates virtual cutting and preparation boundaries for those regions. The guidance station controls the cutting and preparation tools relative to both the virtual removal boundary and the density-based virtual placement boundaries to facilitate optimized removal of the primary implant and preparation of the bone for a revision implant."
31,US-2015057756-A1,US-2008056433-A1,"A method is disclosed for creating bone-based orthopaedic implants for the proximal part of the femur joint. In addition, the method includes a system of repositioning a bone-based orthopaedic implant into the proximal part of the femur joint. The methods are characterized by a first and second scan of the articular surface of the bone and a second and third scan of the articular surface of the bone. In addition, measurements of the articular surface of the bone are used to guide the procedure","A system and method for patient-specific hip arthroplasty planning and intraoperative optimization is disclosed. The method includes determining the frontal pelvic plane of a patient’s pelvic bone by ascertaining a position of a pubic point, acquiring at least one x-ray image, determining a straight line passing through the pubic point and a pelvic contour, and rear-projecting the straight line to locate the frontal pelvic plane. Using this patient-specific pelvic reference, the system generates and selects patient-adapted implant components and surgical tools, and intraoperatively measures joint kinematics relative to the frontal pelvic plane. The system further optimizes implant positioning and orientation in real time based on the measured kinematics and pelvic plane data to improve joint function and stability.","A system and method for patient-specific hip arthroplasty planning and intraoperative kinematic optimization is disclosed. The method includes determining a frontal pelvic plane of a patient’s pelvic bone by ascertaining a position of a pubic point, generating at least one x‑ray image, identifying a straight line passing through the pubic point and a pelvic contour, and computing the frontal pelvic plane from a rear‑projection of the straight line. Using the determined frontal pelvic plane, patient-adapted implant components and surgical tools are virtually planned and manufactured, and intraoperative measurement devices are calibrated to this anatomical reference. During surgery, joint kinematics are continuously measured relative to the frontal pelvic plane to guide real-time adjustment of implant position and orientation for optimized postoperative function.","Systems and methods are provided for patient-specific hip arthroplasty planning and intraoperative optimization using radiographic determination of the frontal pelvic plane. A position of a pubic point of the pelvic bone is ascertained and at least one x-ray recording of the pelvis is generated to determine the frontal pelvic plane by rear-projection of a straight line passing through the pubic point and a pelvic contour. Patient-adapted acetabular and femoral implant components and associated surgical tools are then configured and aligned relative to the determined frontal pelvic plane, enabling preoperative and intraoperative optimization of joint kinematics. Intraoperative measurement of implant position and joint motion is used to iteratively adjust component placement in real time to achieve desired biomechanical and stability parameters."
32,US-2015057756-A1,US-10813715-B1,"The disclosed methods include a device for generating an orthopaedic representation of a patient's body during an arthroplasty procedure. In addition, the disclosed methods include a system for generating an orthopaedic representation of a patient's body during an arthroplasty procedure. In particular, a series of computer-aided devices are incorporated into a device for the purpose of measuring, adjusting, and prioritizing the orientation of two or more articular planes of a patient's body, based on three-dimensional imaging data.","Systems and methods are disclosed for patient-specific orthopedic implant planning using 2D camera-based 3D body reconstruction. A single 2D image of a patient’s limb or joint is captured in a non-controlled environment, and camera pose is determined via inertial sensing to generate an accurate 3D anatomical model with automatic segmentation of relevant skeletal and soft-tissue structures. The resulting 3D morphology is used to design, simulate, and optimize patient-adapted implant components and associated surgical tools, including preoperative kinematic analysis and intraoperative guidance data. In some embodiments, the 3D anatomical and implant models are shared via a network service to enable remote surgical planning, manufacturing of customized implants, and postoperative kinematic assessment.","Systems and methods are disclosed for patient-specific joint arthroplasty planning and implantation using 3D body modeling derived from 2D imaging. A single 2D camera image of the patient, acquired in a non-controlled environment, is processed with accelerometer-based camera pose data and automated image segmentation to construct a 3D anatomical model including joint morphology and limb alignment. The 3D model is used to design or select patient-adapted implant components and to plan component positioning, which is then refined intraoperatively via kinematic measurements and optimization. In some embodiments, the 3D model and planned implant configuration are shared via a network for remote surgical planning, implant manufacture, and postoperative outcome analysis.","Systems and methods are provided for planning and performing joint arthroplasty using a patient-specific 3D body and limb model reconstructed from 2D camera images captured in an unconstrained environment. A mobile device acquires one or more 2D images and motion data from an onboard accelerometer to generate a 3D skeletal and soft-tissue model, including joint morphology and alignment parameters, which are transmitted to a surgical planning platform. Patient-adapted implant components and surgical tools are automatically designed and virtually positioned on the 3D model, with simulated joint kinematics used to optimize implant selection, orientation, and sizing. In some embodiments, the 3D patient model and proposed implant configuration are shared via a secure cloud service for remote surgical planning, preoperative fitting, and postoperative assessment."
33,US-2017258526-A1,US-2021093393-A1,"A surgical method relating to the present invention includes a device for displaying a virtual anatomical representation of a patient in the operating room, a surgical tool for determining the anatomical position of a surgical implant, and a surgical tool for determining the anatomical orientation of a surgical implant. One or more data acquisition systems are accessed from a user interface. The data acquisition system is augmented by a guiding lens, which is augmented by a guiding lens, which is augmented by a guiding lens and a guiding lens.","A system and method for navigated hip surgery using an optical head-mounted display is disclosed. Pre-operative images of the pelvis and femur are processed to generate three-dimensional models, which are intra-operatively registered using probe-acquired anatomical data to produce aligned pelvis and femur models. An optimal target location and corresponding entry vector cone for guide wire or implant insertion are computed and overlaid in real time within the surgeon’s field of view via the head-mounted display. The display provides dynamic visual guidance, including virtual trajectory lines and alignment cues, to assist the surgeon in accurately advancing instruments along the planned vector cone to the target location.","A system and method for hip joint surgery using an optical head-mounted display with integrated navigation is disclosed. Pre-operative images of the pelvis and femur are processed to generate three-dimensional models which are registered intra-operatively using tracked probes to create aligned bone models and an entry vector cone for guide wire insertion. The head-mounted display presents augmented reality guidance by overlaying the target location, entry vector cone, and real-time instrument position onto the surgeon’s field of view. The system thereby enables visually guided, navigated access to the hip joint with improved accuracy and reduced reliance on external monitors.","A system and method are provided for computer-assisted hip surgery using an optical head mounted display (HMD) for real-time visual guidance. Pre-operative images of a patient’s hip joint are processed to generate three-dimensional models of the pelvis and femur, which are intraoperatively aligned with probe-acquired models to define a target location and an associated entry vector cone for surgical access. The HMD displays an augmented reality overlay of the aligned models, target location, and entry vector cone superimposed on the surgeon’s field of view, thereby guiding insertion of a navigated guide wire and subsequent surgical instruments. The system may further provide dynamic updates of trajectory, depth, and alignment based on continuous tracking of the patient anatomy, instruments, and HMD."
34,US-2010153076-A1,US-2004116835-A1,"An apparatus of the invention includes a method for determining a bone alignment relative to a proximal articular joint, a method for generating a bone alignment relative to a distal articular joint, and a method for generating a bone alignment relative to a proximal articular joint. The first and second components of the device, including a loading plate, are inserted into the insertion space to provide a repositioning force to be applied to the insertion space by means of a compression device.","A computer-implemented system and apparatus for planning and intraoperatively guiding spinal implant placement using cartilage-modeled regions and a distractor arm assembly is disclosed. The system acquires measurements of spinal cartilage and bony landmarks at a plurality of control points along adjacent vertebrae, generates enlarged projected areas representing cartilage, and constructs a three-dimensional representation of the spinal segment including said cartilage areas. A distractor arm assembly having segments pivotal with respect to each other and driven by a centrally positioned jackscrew via a pivotal collar assembly is coupled to the vertebrae and manipulated to induce controlled distraction and measure spinal instability parameters. The system dynamically updates the implant planning model based on the measured instability and cartilage-based geometry to optimize the position, orientation, and sizing of spinal implants.","A computer-assisted surgical system for planning and intraoperatively assessing spinal implant placement integrates cartilage-based anatomical modeling with mechanically actuated spinal instability measurement. Preoperative imaging data are processed to determine control points and generate projected cartilage-representative areas along vertebral joint surfaces, defining a virtual anatomical framework for spinal implant components. Intraoperatively, a distractor arm assembly having pivotal segments and a pivotal collar movable along a centrally positioned jackscrew is used to apply controlled distraction and measure segmental spinal motion and instability relative to the modeled cartilage areas. The system dynamically updates implant positioning recommendations based on the combined virtual cartilage representations and real-time spinal instability measurements.","Systems and methods are disclosed for planning and executing spinal implant placement using cartilage-based area modeling and a mechanically guided distractor arm assembly. A three-dimensional representation of vertebral bone structures and associated cartilage regions is generated by defining control points and projecting areas representing intervertebral cartilage surfaces at targeted spinal levels. A distractor arm assembly including pivotal segments and a pivotal collar movable along a centrally positioned jackscrew is configured and controlled based on the modeled cartilage areas to achieve a desired distraction profile and alignment. A representation of one or more spinal implant components is then positioned relative to the adjusted vertebral geometry, wherein implant placement parameters are derived from the combined cartilage area model and measured spinal instability obtained via the distractor arm assembly."
35,US-10537388-B2,US-2022160440-A1,"A method of generating a robotic surgical system based on a computer-aided visualization of the patient's anatomy is disclosed. The method includes techniques for adjusting the orthopaedic positioning of a surgical implant in relation to the orthopaedic features of the implant. In addition, a series of tools may be used to obtain a 3-dimensional model of a surgical procedure, such as arthroplasty, arthroplasty, and arthroplasty, to be performed within the patient's own joint space.","Systems and methods are provided for robot-assisted, image-free revision arthroplasty planning and execution. A pre-operative revision plan is generated by creating a parametric 3D model of a target bone from predefined anatomical parameters and iteratively reshaping the model based on intraoperatively collected surface points. A surgical robotic arm with onboard control and fiducial-marked tools is registered to the reshaped 3D model via an external vision system, enabling real-time positioning and guidance of cutting, drilling, or milling instruments according to the revision plan. The system can update the 3D model and tool trajectories dynamically as additional bone surface data are acquired, improving accuracy of implant removal and placement without pre-operative imaging.","Systems and methods are disclosed for image-free robotic-assisted orthopedic implant revision surgery. A pre-operative revision plan is generated by constructing a patient-specific 3D bone model from predefined anatomical parameters and intraoperatively reshaping the model using surface points acquired from the exposed bone. A vision-guided surgical robotic arm with onboard control and fiducial registration positions and orients cutting, drilling, or reaming tools according to the updated 3D revision plan without requiring preoperative imaging. The robotic arm operates under processor and/or manual control to execute bone resections and implant site preparations based on the dynamically refined model, thereby improving accuracy and workflow in revision arthroplasty.","Systems and methods are disclosed for robot-assisted, image-free orthopedic revision surgery integrating intraoperative bone modeling with vision-guided tool positioning. A plurality of surface points of a target bone are collected by a vision system tracking fiducials on a multi-degree-of-freedom surgical robotic arm, and a reshaped 3D bone model is generated in real time from predefined anatomical parameters and the collected surface data. A revision plan is automatically computed on the updated 3D model and executed by the robotic arm, which positions and orients cutting, drilling, or reaming tools within the surgical field under processor control. The system enables dynamic adjustment of the revision plan based on ongoing surface acquisition and tool feedback to improve implant fit and alignment without preoperative imaging."
36,US-2007270685-A1,US-10575913-B2,"A method for actuating a surgical instrument comprises a computer-generated image of a surgical tool and a method for determining the relative position of a surgical instrument at a given surgical location. The method includes a method for generating a first-person feedback signal from a surgical tool and a method for determining the position of a surgical instrument at a given surgical location. In addition, the data collected by the system may be correlated with the data stored in the system, which may be used to calibrate and modify the data stored in the system at various surgical locations.","A surgical robotic system and method are provided for task-specific, calibrated control of an end effector. The method includes calibrating the surgical device by determining a position and/or an orientation of a first object relative to a second location on the device and determining a position and/or an orientation of a second object relative to the second location based at least in part on the first data, the second data, and the third data. A processing circuit generates a plurality of virtual geometries, each associated with a respective calibrated configuration and surgical task, and tracks a calibrated position of the end effector relative to the virtual geometries. In response to the end effector reaching a location corresponding to a selected virtual geometry, the processing circuit controls the robotic device to facilitate completion of the associated surgical task with improved positional accuracy.","A system and method for task-aware calibration and control of a robotic surgical device is provided. The method includes calibrating a surgical end effector by determining a position and/or orientation of multiple reference objects disposed at different locations on the end effector and establishing their relative spatial relationships using calibration data. Based on the calibrated geometry, the system generates a plurality of virtual geometries, each associated with a respective surgical task, and tracks the pose of the end effector relative to the virtual geometries. The system further controls the robotic device to automatically facilitate completion of a selected surgical task when the end effector reaches a location corresponding to a respective virtual geometry, using the calibration data to maintain task accuracy despite changes in instrument configuration or positioning.","A system for task-adaptive calibration and control of a robotic surgical device is provided. The system includes a robotic arm, an end effector, multiple fiducial objects disposed at different locations on the surgical device, and a processing circuit. The processing circuit is configured to calibrate positions and orientations of the fiducial objects relative to one another and to the end effector based on multi-point tracking data, and to register the calibrated geometry to a plurality of virtual geometries each associated with a respective surgical task. The processing circuit is further configured to track the calibrated end effector within the virtual geometries and, upon determining that the end effector is at a location corresponding to a selected virtual geometry, automatically control the robotic device to facilitate completion of a corresponding task-specific surgical operation."
37,US-2018049895-A1,US-2009198240-A1,"A device is provided for insertion into the proximal and distal portions of the femur bone and tibia during a knee joint alignment procedure. The device includes a guide for measuring the force exerted on the proximal and distal portions of the femur bone and tibia bone. The guide can be rotated in a fixed position, thereby reducing the stress on the femur bone. An alternative method of adjusting the first and second articulating tips of the guide for insertion into the femur.","A system and method are provided for intraoperative knee joint balancing that integrates adjustable joint distraction with quantitative force and gap measurement. The system includes a femoral-tibial spreader having opposing jaws configured to contact respective cut surfaces of the femur and tibia, an integrated adjustable height mechanism to vary the joint gap, and a force-sensing module coupled to a movable sensor platform. A radial or digital gauge is operatively connected to the force-sensing module to simultaneously display total distraction force and compartment-specific medial and lateral loads as the gap is adjusted. The system enables real-time assessment and controlled balancing of soft tissue tension during knee replacement surgery, facilitating optimization of implant alignment and ligament balance.","A system and method are provided for dynamically balancing a knee joint during replacement surgery using an integrated force-spreading and measurement assembly. The system includes a femoral-tibial spreader having opposing forward ends configured to engage cut distal femoral and proximal tibial surfaces, a height-adjustable sensor platform disposed between the bones, and a radial gauge and electronic force sensors cooperatively measuring separation distance and medial/lateral ligament forces. Actuation of handle members spreads the joint while simultaneously adjusting the collective height of the sensor platform, enabling controlled distraction and gap balancing. Real-time force and displacement data are displayed to guide intraoperative adjustment of soft tissues and implant positioning to achieve desired knee alignment and balance.","Systems and methods are provided for dynamically balancing a knee joint during replacement surgery using a force-sensing femoral-tibial spreader with adjustable height. The system can include opposing femoral and tibial engagement members, a moveable sensor platform coupled to a multi-axis force sensor, and a handle-driven spreading mechanism with an integrated radial gauge indicating both distraction distance and ligamentous load. An adjustment mechanism can vary the collective height of the sensor platform while the gauge and force sensor concurrently measure and display medial and lateral compartment forces throughout a range of flexion. Methods include inserting the device into the joint space, actuating the handles to distract the femur and tibia, adjusting the platform height, and using the combined gauge and force data to guide soft-tissue releases and implant positioning for optimal knee balance."
38,US-8118815-B2,US-2009198240-A1,A device for insertion into the proximal and distal portions of the femur bone (tibia) is provided. The device includes a guide sleeve that can be used to measure the amount of pressure exerted on the proximal and distal portions of the femur bone during arthroscopic surgery. The guide sleeve includes a pivoting mechanism for adjusting the alignment of a joint. A second pivoting mechanism for adjusting the alignment of a joint is provided herein by means of a crossmember.,"A system and method for ligament-balanced joint replacement are provided. The system includes a surgical orientation device with a reference sensor configured to determine the orientation of a joint axis and cutting planes, and a femoral-tibial spreader having an integrated radial measurement gauge configured to quantify ligament tension between adjacent bones. The orientation data and force measurements are processed to dynamically adjust the position and orientation of orthopedic cutting fixtures and implants to achieve desired joint alignment and soft-tissue balance. The system can guide intraoperative modification of bone cuts and implant positioning in response to real-time ligament force feedback.","A system and method for ligament-balanced joint replacement are provided. The system includes a surgical orientation device and reference sensor for determining a bone axis and cutting plane orientation, and a force-measuring distractor configured to radially spread adjacent bones and quantify ligament tension during trial and final implantation. Data from the radial force gauge is correlated in real time with the cutting plane orientation to guide adjustment of bone resections, component positioning, and soft-tissue releases. The integrated system enables optimization of joint alignment and gap balance based on both geometric and load distribution parameters.","A system and method for ligament-balanced joint replacement are provided. The system includes a surgical orientation device and reference sensor for determining and adjusting the orientation of one or more cutting planes on a bony surface, in combination with a femoral-tibial spreader having an integrated force measurement gauge for quantifying ligament tension during distraction of adjacent bones. Real-time data from the orientation device and the force gauge are processed to guide positioning, alignment, and depth of bone cuts to achieve desired joint line and soft-tissue balance. The system may further provide feedback to the surgeon to iteratively adjust cutting planes and implant placement based on both geometric orientation and measured ligament forces."
39,US-2018177612-A1,US-2009198240-A1,"A bone alignment device is provided for inserting into the proximal and distal portions of the femur and tibia at the knee joint. The device includes a guide for measuring the pressure exerted by the insertion into the proximal and distal portions of the femur. The guide can be retracted to allow the insertion into the proximal or distal portions of the femur. A second instrument, having a pivotal sleeve, is used to provide a pivotal tool for removing.",A surgical knee balancing system is configured to both distract and measure compartmental forces while preparing bone cuts for prosthetic component implantation. The system includes a femoral-tibial distractor with a movable support structure and an integrated force gauge that provides indicia corresponding to ligament and compartmental loading during distraction. A distraction lock mechanism and an M-L tilt mechanism are cooperatively operable to fix the distraction height and adjust medial-lateral tilt until predetermined force balance and angular alignment criteria are achieved between compartments. The at least one bone cut is then made based on the measured compartmental forces and the established M-L tilt angle to reduce prosthetic alignment error.,"A surgical knee balancing system is provided that combines controlled compartment distraction with quantitative force measurement to guide bone resections for prosthetic implantation. The system includes a distractor-spreader assembly having a fixed support structure and a pivotable moving support structure configured to separate the femur and tibia while a radial gauge measures ligamentous and compartmental loads. A distraction lock mechanism selectively fixes the distraction height at predetermined load values, and an M-L tilt mechanism is actuated to equalize medial and lateral compartment forces while preventing free pivoting of the moving support structure. Bone cuts are planned and executed based on the measured forces and resulting M-L tilt angle such that the installed prosthetic component exhibits reduced alignment error and improved soft tissue balance.","A surgical knee joint balancing and cutting apparatus is provided that combines compartment distraction, ligament force measurement, and controlled alignment for prosthetic implantation. The apparatus includes a femoral-tibial spreader with a radial force gauge configured to distract first and second compartments to predetermined load values while permitting free pivoting of a moving support structure relative to a fixed support structure. A distraction lock mechanism is engagable to fix the distraction height at a selected ligament tension, and an M-L tilt mechanism is actuable to forcibly equalize the compartments based on the measured forces, thereby constraining the moving support structure against pivoting. The apparatus further includes alignment reference features that relate the at least one bone cut to both the equalized compartment spacing and the measured M-L tilt angle to reduce prosthetic alignment error."
40,US-2017189131-A1,US-2016007827-A1,A robotic surgical system comprises a tool for manipulating a surgical instrument and a device for controlling the movement of a surgical instrument relative to a surgical instrument. Methods are provided for identifying the surgical instrument at a first-hand location and the surgical instrument at a second-hand location. One or more actuators may be attached to the surgical instrument to provide an end-to-end transmission of a data path and a data orientation to the surgical instrument. The method of operation described herein may be configured to operate within a specified orientation.,"A system and method for autonomous constrained-motion control of multiple robotic surgical instruments is provided. A robotic surgical platform simultaneously operates a plurality of instruments while a real-time tracking subsystem determines 3D spatial positions of each instrument within a patient anatomy. A controller applies rule-based ALLOWED and RESTRICTED movement constraints, including no-fly zones, collision prevention, preferred tool zones, field-of-view preservation, and history-based motion rules, to generate constrained motion commands for the robotic actuators. The system thereby coordinates multi-instrument robotic movements to enhance safety, efficiency, and precision during complex surgical procedures.","A system and method are provided for coordinated control of multiple robotic surgical instruments within a patient anatomy using rule-based spatial movement constraints. A robotic surgical platform simultaneously actuates a plurality of instruments while a real-time tracking subsystem determines the 3D spatial position and motion history of each instrument relative to the surgical field. A controller accesses a movement database and a controller database storing dynamic ALLOWED and RESTRICTED movement rules, including collision prevention, no-fly zones, field-of-view preservation, tool-preference, and history-based constraints, to generate coordinated motion commands. The system thereby autonomously or semi-autonomously adjusts individual and collective instrument trajectories to optimize surgical workflow, enhance safety, and maintain desired spatial relationships during a procedure.","A prospective invention provides an integrated robotic surgical control system that combines multi-instrument robotic manipulation with rule-based, real-time spatial governance of tool motion. A plurality of surgical instruments are concurrently operable and selectively coupled to robotic manipulators whose movements are continuously tracked in 3D space and compared against historical and real-time positional data. A controller accesses a rules database defining ALLOWED and RESTRICTED movements, including collision prevention, no-fly zones, field-of-view constraints, tool-preference zones, and history-based motion patterns, and dynamically modulates robotic actuation accordingly. The system thereby optimizes coordinated tool usage, enhances safety, and enforces procedural and environmental constraints during robotic surgical interventions."
41,US-2017189131-A1,US-2014005684-A1,"A robotic surgical system comprises a method for manipulating a surgical instrument, a surgical tool, and an endoscope. The method may be coupled to an electrically operated surgical instrument, a surgical tool, and an endoscope. The method may be coupled to a patient-centered positioning assister. One or more of the robots in the invention are able to provide control over the movement of a surgical instrument in relation to a corresponding positioning assister, thereby minimizing the need for a surgical tool to be discarded during the procedure.","A robotic surgical system is provided that integrates multi-instrument control with supervised autonomous execution of surgical subtasks. The system includes a plurality of robotic arms configured to simultaneously manipulate different surgical instruments, and an operating platform that runs automation programs based on real-time, multi-modal imaging of mobile and deformable anatomical targets. A control module coordinates shared and independent motion of the instruments, dynamically allocating robotic degrees of freedom among subtasks while enforcing safety constraints and collision avoidance. The system standardizes complex procedures by combining high-precision automated maneuvers with surgeon oversight and selective manual intervention.","A system and method are provided for coordinated, semi-autonomous control of multiple robotic surgical instruments during a medical procedure. A robotic surgical platform supports a plurality of end-effector tools, at least some of which are driven by automation programs executed by an operating system configured for supervised autonomy. The system fuses intraoperative imaging modalities to track in real time mobile and deformable anatomical targets in an unstructured environment and dynamically allocates and adjusts the motion of the multiple instruments accordingly. The coordinated control improves precision, efficiency, and safety by enabling simultaneous execution of interventional subtasks while maintaining surgeon oversight and intervention capability.","A system and method are disclosed for coordinated autonomous control of multiple robotic surgical instruments during a medical procedure. A robotic surgical platform selectively couples to and controls a plurality of surgical instruments, while an automation operating system executes procedure-specific programs to perform surgical subtasks under supervised autonomy. The operating system fuses data from one or more imaging modalities to provide real-time tracking of mobile and deformable anatomical targets in an unstructured environment and to dynamically adjust instrument trajectories and task sequencing. The coordinated control architecture enables simultaneous or sequential execution of precision subtasks by different instruments, thereby improving efficiency, standardization, and safety of surgical and interventional procedures."
42,US-2017189131-A1,US-2011058033-A1,"A robotic surgical instrument system comprises a plurality of manipulators, including a first-generation manipulator and an endoscope. The manipulators are positioned relative to the endoscope, and a guide mechanism is provided to move the manipulator from one position to the other. An image acquisition device comprising a lattice-transistor motor coupled to a power supply is provided to operate the manipulator. The device is capable of detecting the position of an arm relative to a focal point, thereby minimizing the need for a cutting tool.","A robotic surgical imaging and instrument control system is provided that integrates a precision motion platform carrying a high-resolution imaging device with a multi-instrument robotic surgery platform. The imaging device is moved relative to a large-field-coverage lens to provide instantaneous telephoto views and wide-angle coverage through temporal integration, while simultaneously tracking and scanning regions of surgical interest without moving the camera body or lens. The robotic controller coordinates the motion of the imaging device with the motion of one or more surgical instruments to reduce motion blur, enhance image resolution, and maintain precise instrument targeting. In some embodiments, coupled use of multiple imaging platforms enables automated depth and range computation within the surgical field without requiring subsequent epipolar rectification.","A robotic surgical system is provided that integrates a precision motion imaging platform with large-field-coverage optics to enable high-resolution, real-time visualization and instrument control. One or more surgical instruments are robotically actuated while an imaging device mounted on the precision motion platform captures instantaneous telephoto and temporally integrated wide-angle views of the surgical field without movement of the camera body or lens. Coordinated control of instrument motion and imager positioning provides automated tracking of instruments and tissue, range computation for depth-resolved visualization, and reduction of motion blur caused by either instrument movement or tissue motion. The integrated system thereby enhances surgical precision, situational awareness, and image-based guidance during minimally invasive procedures.","A robotic surgical system integrates a precision motion platform carrying an imaging device with a large-field-coverage lens to provide real-time, high‑resolution visualization of a surgical field. The system simultaneously controls one or more robotic surgical instruments and dynamically positions the imager to achieve instantaneous telephoto views and wide-angle coverage through temporal integration without moving the camera body or lens. Coordinated control of the instrument motions and imager platform enables automated tracking of surgical targets, reduction of motion blur from both instrument and tissue movement, and enhanced resolution through sample integration. In some embodiments, coupled use of multiple such imaging platforms provides automated range computation and depth-resolved guidance for instrument positioning without epipolar rectification."
43,US-7104997-B2,US-2017165006-A1,"A portion of the invention relates to a medical imaging device for dissection of the proximal femur. The device includes a trailing guide, a guide lens, and a tool for adjusting the orientation of a trailing guide lens within the body cavity. The device is equipped with a first-in-one orientation adjustment method, which allows the device to be inserted into a patient's body cavity. The device includes a sleeve containing an anchor point and a sleeve containing an anchor point and an anchor.","A computer-assisted knee arthroplasty system is provided, comprising a femoral cutting guide block configured to remain fixed to the distal femur during performance of multiple bone resections, and an integrated optical tracking module. The cutting guide block includes a series of saw-receiving slots defining all required distal femoral cuts, and a mounting interface for a tracking head. The tracking head supports a plurality of light emitters covered by dome-shaped lenses having arcuate inner and outer surfaces defining an outer wall of uniform thickness to minimize light refraction during emission. In use, the navigation system optically tracks the cutting guide in real time to guide placement and orientation of the saw for accurate prosthesis preparation without removal of the guide block.",A computer-assisted knee arthroplasty system is provided comprising a femoral cutting guide block configured to remain fixed to the distal femur throughout all bone resections and an optical tracking assembly integrated with the cutting guide. The cutting guide includes a series of fixed and/or adjustable cutting slots for accommodating a surgical saw to perform multiple planar cuts without removal of the guide. The tracking assembly includes a tracking head carrying a plurality of light emitters covered by dome-shaped lenses defining an outer wall of substantially uniform thickness to minimize light refraction and improve positional tracking accuracy. The system enables real-time navigation of the cutting guide and associated instruments relative to the patient anatomy for precise alignment and implantation of a knee prosthesis.,"A computer-assisted knee arthroplasty system is provided that integrates a fixed or adjustable distal femoral cutting guide with an optical tracking device having minimally refractive dome-shaped lenses. The cutting guide includes a series of saw slots configured to enable all required distal femoral cuts without removal of the guide, and carries one or more tracking heads supporting a plurality of light emitters. The emitters are enclosed by a uniform-thickness, arcuate dome lens structure to emit light with minimized refraction for accurate navigation system detection. The system and associated methods permit real-time tracking and adjustment of the cutting guide orientation during surgery to improve alignment and prosthesis placement."
44,WO-2007030866-A1,US-2017086941-A1,"This invention comprises a bone anchorage device suitable for the insertion of a first-position guidepiece, a second-position guidepiece, and a third-position guidepiece. The invention comprises a mounting device comprising a disc positioned on the outer surface of the guidepiece. The disc positioned on the outer surface of the guidepiece is disposed on the inner surface of the guidepiece. The disc positioned on the outer surface of the guidepiece is disposed on the inner surface of the guidepiece, and the disc positioned on the inner surface of the guidepiece is removable.","A surgical bone marker and guidance system is disclosed, comprising a bone-fixable marker device according to Patent A and a removable light-generating tracking module according to Patent B. The bone marker includes fixation means for attachment to a bone to be resected and a guiding element having at least one slot adapted to receive a resection instrument. The guiding element further includes a support with at least three openings arranged at predetermined positions, on the back surface of which a light-generating element is removably fixed so that its emission is detectable through the openings by an optical tracking system. This configuration enables precise, image-guided positioning and orientation of the guiding slot relative to the patient’s anatomy during surgery while allowing intraoperative placement, removal, or replacement of the light-generating tracking module.","A surgical bone marking and resection guidance system is provided, comprising a bone marker device adapted to be fixed to an osseous structure to be resected and a removable guidance frame configured for adjacent fixation near a joint. The guidance frame includes at least one guiding slot for receiving a resection instrument to perform a precise bone cut and carries a support having a front and back surface with a plurality of predetermined openings. A light-generating element is removably fixed on the back surface of the support to cover the openings so as to be detectable by an optical tracking system through the openings, thereby enabling real-time tracking of the bone marker and guidance frame during surgery. The removable light-generating element can be placed, removed, or replaced intraoperatively without disturbing the fixation of the bone marker or the guidance frame on the bone.","A surgical bone marking and resection guidance system is provided, comprising a bone marker device configured to be fixed to a bone segment to be cut and a removable guidance element including at least one slot for receiving a resection instrument. The system further comprises an optical tracking marker support mounted on the bone marker or guidance element, the support having at least three openings and a light generating element fixed on its rear surface so as to be detectable by a tracking system through the openings. The light generating element is removably fixable and replaceable during surgery without detaching the bone marker or guidance element from the bone. This configuration enables accurate, real-time, image-guided resection of the bone around a joint while maintaining stable mechanical alignment and continuous optical tracking."
45,US-2011060341-A1,DE-202010000518-U1,"This invention provides a method for positioning an implantable device, comprising a first phase assembly comprising a first phase assembly comprising a first phase assembly comprising a first phase assembly comprising a first phase assembly comprising a second phase assembly comprising a second phase assembly comprising a second phase assembly comprising a second phase assembly comprising a second phase assembly comprising a second phase assembly comprising a second phase assembly comprising a second phase assembly comprising a second phase assembly comprising a second phase assembly comprising a second phase clamp.","A surgical illumination system is provided that combines a multi-degree-of-freedom alignment guide with a hermetically sealed, diode-based lamp module. The alignment guide comprises first, second, and third components forming serially arranged links adjustable in five degrees of freedom for precise intraoperative positioning relative to a bone element. The lamp module includes a light-emitting diode housed in a hermetically sealed enclosure formed by a first housing part carrying the diode and a second, transparent housing part, the parts being joined by a solder connection to a metallized region of the transparent body. The system enables highly accurate, stable, and sterilizable positioning of an illumination source in surgical navigation procedures.","A surgical illumination system is provided that combines a multi-degree-of-freedom intraoperative alignment guide with a hermetically sealed, diode-based lamp module. The alignment guide includes serially arranged links each providing controlled adjustments in multiple degrees of freedom to position the lamp precisely relative to a bone element or implant site. The lamp module comprises a light-emitting diode housed in a hermetically closed casing formed by a first housing part carrying the diode and a second transparent housing part, the parts being joined by a solder connection to a metallized region of the transparent housing. This integrated system allows stable, contamination-resistant, and precisely adjustable surgical lighting aligned with navigated implant positioning.","A surgical illumination system is provided that integrates an intraoperative navigation-guided alignment mechanism with a hermetically sealed LED lamp module. The system comprises a compact alignment guide having first, second, and third components forming serially adjustable links providing at least five degrees of freedom, the guide being fixable to a bone element or surgical frame to precisely orient the illumination module relative to an operative site. The illumination module includes a light-emitting diode housed in a hermetically sealed enclosure formed by a first housing part and a second, transparent housing part joined by a solder connection to a metallized region of the transparent part. This configuration enables sterile, accurately directed, and mechanically stable intraoperative lighting that can be dynamically adjusted according to navigation data."
46,US-5037423-A,DE-202005015080-U1,A surgical method for gauging the proximal portion of a femoral skeleton is incorporated. A laser beam is deposited onto the proximal femoral skeleton to generate a first-and second-generation photoreceptors that can be used to adjust the orientation of the femoral skeleton. The system includes a surgical tool for insertion of the implant and a conductive adhesive tape. The conductive adhesive tape is positioned in a fixed position relative to the conductive surface of the implant.,A system and method are disclosed for revision knee joint arthroplasty that integrate a computer-assisted surgical marking and alignment system with a revision femoral component having thicker distal and posterior bearing portions. The system employs multiple marking heads with light spot lamps and a light spot detection system linked to a computer display to define and visualize the desired anatomic transverse joint plane and collateral ligamentous balance in both extension and flexion. A specialized revision cutting jig is guided by the detected light spots to prepare the distal femur in precise accordance with the planned alignment parameters. The invention enables more accurate restoration of joint biomechanics during replacement of a previously implanted femoral component.,A system and method for revision knee arthroplasty is disclosed in which a replacement femoral component having selectively thickened distal and posterior bearing portions is implanted using a computer-assisted surgical marking and alignment system. The system employs multiple marking heads with integrated light spot emitters operating over visible and non-visible wavelengths and corresponding light spot detection linked to a computer display to define and verify the anatomic transverse joint plane and collateral ligament balance during both extension and flexion. A revision cutting jig is positioned and guided in real time based on the detected light spots to prepare the distal femur for accurate placement of the revision femoral component. The combination enables improved restoration of joint kinematics and soft tissue balance while reducing intraoperative variability.,"A computer-assisted revision knee arthroplasty system is disclosed which combines a revision femoral component having thicker distal and posterior bearing portions with an optical surgical marking and alignment system. The system employs multiple marking heads with integrated light spot lamps, including non-visible wavelengths, and a light spot detection system linked to a computer display to define and monitor the desired transverse joint plane and collateral ligament balance during surgery. The optical system cooperates with a specially adapted revision cutting jig to guide bone resections and component positioning for restoration of anatomic alignment in both extension and flexion. Real-time feedback allows dynamic adjustment of the cutting planes and implant orientation to optimize ligamentous balance and joint kinematics."
47,US-9005207-B2,DE-202005015080-U1,A surgical instrument system comprises a method for determining the orientation of a surgical tool relative to a patient's femoral bone and a method for generating and removing surgical guidepieces. The surgical tool comprises a series of electrodes that are positioned on a surgical surface to be surgically cut. The first electrode is equipped with a photosensitive coating to provide a visible light source. The second electrode is positioned at a pre-determined position relative to the surgical guidepiece and is not subjected to a pressure adjustment during the procedure.,"A patient-specific surgical instrumentation system integrates adjustable cutting guides with an optical marking and alignment subsystem. The cutting guide body is configured from patient imaging data to mate uniquely with a target bone, and includes one or more adjustable cutting slots whose position can be altered via an integrated adjustment mechanism. Multiple marking heads with light spot emitters, operating in visible and non-visible wavelengths, project reference spots onto the bone and guide surfaces, which are detected by a linked imaging and display system. The system computes and displays real-time alignment and soft-tissue balancing information, enabling intraoperative adjustment of the cutting guide position and orientation to achieve desired implant placement and joint kinematics.","A patient-specific surgical system integrates custom orthopedic cutting guides with an optical marking and tracking assembly to enable precise intraoperative alignment and soft tissue balancing. The cutting guide body is configured from patient imaging data to uniquely attach to the target bone, and incorporates adjustable cutting slots whose position and orientation are modifiable in real time. A plurality of marking heads with light spot emitters operating over visible and non-visible wavelengths project reference patterns onto the guide and surrounding anatomy, while a corresponding light spot detection system and computer display provide feedback on guide alignment, cutting plane adjustment, and joint balance parameters. This combined system allows dynamic, image-guided refinement of bone resections and implant positioning during arthroplasty procedures.","A system and method are provided for patient-specific orthopaedic arthroplasty using a customized cutting guide integrated with an optical marking and alignment system. The cutting guide comprises a body having a patient-specific bone attachment surface and at least one adjustable cutting slot, the position of which may be altered via an integrated adjustment mechanism for soft tissue balancing. A plurality of marking heads with light spot projectors, including non-visible wavelength emitters, are mounted on or referenced to the cutting guide and bone, and a light spot detection system coupled to a computer display tracks their positions in real time. The system enables intraoperative visualization, calibration, and adjustment of cutting planes and guide position based on detected light spot patterns to improve alignment accuracy and joint function."
48,US-5234433-A,US-2017086941-A1,"An alignment device comprises a proximal section of a femoral cross-section, a guide tube extending from the proximal end of the femoral cross-section, and a receptacle extending from the proximal end of the femoral cross-section. The guide tube is inserted into the proximal end of the femoral cross-section to provide a free-standing mounting point for the insertion of a cutting tool. A second mounting point (1) is provided to provide a fixed base.","A surgical navigation system for unicompartmental knee arthroplasty comprises intramedullary rod–based femoral and tibial cutting blocks in combination with detachable optical markers having rear-mounted light-generating elements. The markers are fixed to the cutting blocks and/or bone by devices that secure the light elements over predefined openings so they are detectable by an external tracking system. During surgery, the tracked markers enable real-time determination and adjustment of the rotational and anterior-posterior position of the cutting blocks, as well as verification of tibial and femoral resection planes. The light-generating elements can be placed, removed, or replaced intraoperatively without disturbing the mechanical alignment guides, thereby improving accuracy and workflow in knee joint resurfacing procedures.","A surgical navigation system for unicompartmental knee arthroplasty combines intramedullary-rod-based cutting instrumentation with an intraoperative light-emitting tracking marker. At least one femoral and/or tibial cutting block is provided with a support having a front surface facing the surgeon and a back surface facing bone, the support including at least three openings at predetermined positions. A removable light-generating element is fixed to the back surface of the support so as to cover the openings, thereby forming a marker detectable by an optical tracking system to determine the spatial position and orientation of the cutting block and associated guides. The system enables dynamic, intraoperative adjustment of femoral and tibial cuts and implant positioning based on real-time tracked data, while allowing placement, removal, or replacement of the light-generating element without disturbing the cutting instrumentation.","A surgical navigation system for unicompartmental knee arthroplasty combines intramedullary rod–guided cutting blocks with trackable light-emitting markers. A femoral and/or tibial cutting block, outrigger, or template is provided with a support surface carrying a plurality of predetermined openings and a fixation device for a light-generating element mounted on the rear side of the support. During bone preparation, the light-generating element is removably fixed to cover the openings so that its emitted light is detectable through the openings by an external tracking system, enabling real-time determination and adjustment of the cutting block position and orientation. The system permits intraoperative placement, removal, or replacement of the light-generating element without disturbing the cutting guides, thereby improving alignment accuracy and workflow in knee joint resurfacing procedures."
49,US-5683397-A,DE-202005015080-U1,A surgical instrument system comprises a detector and a surgical cutting tool. The detector is positioned relative to a surgical eye and a surgical guide is positioned relative to a surgical eye. The surgical guide is positioned relative to a surgical eye and a surgical guide is positioned relative to a surgical eye. One end of the detector comprises a first-order rotational position adjustment mechanism for generating an electrical signal at least 20 nm from a beam of light. The rotational position adjustment mechanism allows the insertion of a second-order rotational position adjustment mechanism.,"A surgical knee alignment and cutting system integrates a distal femoral cutting block apparatus with an intramedullary rod-guided valgus adjustment module and a multi-head optical marking and detection subsystem. The cutting block body mounts on a patient-specific intramedullary rod via a threaded tubular sleeve and locking nut, permitting precise, adjustable valgus positioning. A plurality of marking heads with light spot emitters are attached to or referenced from the cutting block and adjacent bony landmarks, while a light spot detection system linked to a computer display provides real-time visualization and verification of block orientation in multiple planes. The combined system enables cost-effective, highly accurate distal femoral resections through both mechanical intramedullary guidance and computer-assisted optical alignment feedback.","A computer-assisted distal femoral cutting system integrates a valgus-adjustable intramedullary-based cutting block with a multi-head optical marking and detection assembly. The cutting block includes an instrument body having a valgus module with a tubular sleeve for receiving an intramedullary rod and a locking mechanism for rigidly fixing angular position. A plurality of marking heads with light spot emitters are mounted on or referenced to the cutting block to project alignment spots onto the bone or surrounding reference structures. A light spot detection system linked to a computer display monitors the projected patterns to provide real-time feedback on valgus angle, rotational orientation, and cutting block position, thereby enhancing accuracy in knee arthroplasty.","A surgical knee alignment and cutting system integrates a distal femoral cutting block with an intramedullary rod-guided valgus adjustment module and a multi-head optical marking and detection subsystem. The cutting block includes a tubular sleeve for receiving an intramedullary rod, with a threaded adjustment and locking mechanism for precisely setting valgus orientation relative to the femur. A plurality of marking heads with light spot emitters are mounted to the cutting block and/or associated alignment arms, projecting light patterns onto the bone surface. A light spot detection system linked to a computer display tracks the projected patterns and cutting block position in real time, providing visual guidance and feedback for accurate alignment and resection during knee surgery."
50,US-9005207-B2,DE-202010000518-U1,"An embodiment of the invention relates to a surgical instrument suitable for insertion into a pelvic joint. The instrument includes a first method of cutting the instrument, a second method of cutting the instrument, and a second method of adjusting the instrument. The instrument includes a guide shaft, which is positioned at the distal end of the instrument, and a fillet, which is positioned at the proximal end of the instrument. The fillet is provided with a flexible insulating material (including a conductive material) to provide a flexible surface.","A patient-specific surgical instrument system for arthroplasty is provided, comprising a bone-conforming body having an attachment region configured from patient imaging data to uniquely mate with a joint bone, and at least one adjustable cutting guide for performing bone resections with soft-tissue balancing. Integrated into the instrument body is a hermetically sealed illumination module including at least one light-emitting diode arranged within a two-part housing, the housing having a first portion supporting the diode and a second, transparent portion joined to the first portion by a solder connection to a metallized region. The illumination module is positioned to direct light onto the surgical field adjacent the cutting guide, improving visibility of anatomical landmarks and cutting planes. Methods of manufacturing and using the instrument, including forming the patient-specific attachment area and assembling the sealed LED housing, are also disclosed.","A patient-specific surgical instrument system is provided comprising a cutting guide body configured to uniquely attach to a patient’s bone using anatomical data and incorporating integrated illumination. The body includes a hermetically sealed light module having a light-emitting diode housed in a first housing part and a transparent second housing part, the parts being joined via a solder connection to a metallized region of the transparent housing. The LED module is arranged to project light through the transparent housing to illuminate a cutting region and soft tissue structures adjacent the bone. An adjustment mechanism is operable to change the position of the cutting guide relative to the bone while maintaining illumination of the surgical field.","A patient-specific surgical instrument system is provided comprising a cutting guide and an integrated illumination module for use in orthopedic arthroplasty procedures. The cutting guide body includes an attachment surface configured from patient bone data for unique positioning on the joint, and incorporates one or more hermetically sealed light-emitting components arranged to illuminate the surgical field at the cutting interface. Each light-emitting component is housed in a sealed enclosure having a first housing part supporting the diode and a second transparent housing part joined by a metallized solder connection. An adjustment mechanism is operable to change the position of the cutting guide relative to the bone while maintaining alignment and illumination of the planned resection plane to facilitate accurate cuts and improved soft tissue balancing."
51,US-2021393338-A1,US-2019289284-A1,"A medical imaging system of disclosed embodiments includes a device configured to generate an image based on a synchronized motion of a first-person viewfinder and a second-person viewfinder. At least one of the first-person viewfinders is configured to transmit the image to a manipulator. The manipulator is configured to receive signals from a plurality of manipulators. The manipulators are configured to provide a control mechanism for determining the orientation, intensity, and direction of the image at a given point in the system.","Systems and methods are provided for mediated-reality guidance and control of medical instruments. A head-mounted display receives light-field data from an imaging assembly capturing an anatomical site and renders virtual cameras to generate depth-aware, multi-view images of a first instrument and a second instrument accessing the anatomical site via different access paths. A computing device determines a relative orientation between the instruments based on the rendered light-field views and receives directional input signals from a user interface associated with the head-mounted display. Movement of the second instrument is automatically controlled based at least in part on the directional input signals, the determined relative orientation, and the light-field-derived spatial relationship of the instruments and anatomical structures.","Systems and methods are disclosed for mediated-reality guidance and control of medical instruments using light-field imaging. An imaging assembly positioned external to a patient captures light-field data of an anatomical site and one or more medical instruments accessing the site via different access paths. A computing device renders virtual cameras from the light-field data to generate depth-aware, multi-view images and determines the relative orientations of the instruments. A head-mounted display presents the rendered views to a user and receives directional input signals that are used, in combination with the determined orientations, to control movement of at least one of the instruments within the anatomical site.","Systems and methods are disclosed for mediating control of medical instruments using light-field based immersive visualization. A head-mounted display receives rendered views from virtual cameras generated from light-field data captured around an anatomical site accessed by multiple instruments. A computing device determines relative orientations of the instruments, presents corresponding spatially correct views to the user, and receives directional control inputs via the head-mounted interface. Movement of one or more instruments is automatically controlled based at least in part on the user inputs and the computed relative orientations within the light-field based anatomical visualization."
52,US-2010158330-A1,US-2023270562-A1,"The present invention provides a method for performing at least one surgical procedure involving a robotically aligned surgical apparatus. The method includes a method for inserting a surgical apparatus into a patient's body cavity, and a method for extracting bone fragments from the surgical apparatus. The surgical apparatus comprises a plurality of components, each of which is supported by a semi-permanent screw system. The components of the surgical apparatus are configured to be coupled to a self-assembly and/or self-assembly elements.","A system and method for robot-assisted surgical implantation integrates color medical image-based tissue characterization with coordinated multi-arm robotic control. Pixel color feature values are computed from intraoperative color medical images and filtered with spatial adaptive bandpass filters to segment physiologically significant regions, including target bone and critical soft tissues. The segmented regions are used to generate real-time guidance data that constrains and optimizes trajectories and insertion parameters of multiple robotic arms performing synchronous placement of screws, rods, or other implant components. Robotic insertion is autonomously or semi-autonomously adapted based on continuous image-derived feedback on tissue state and implant progression.","A system and method for robot-assisted surgical implantation using real-time color medical image processing is disclosed. The method includes acquiring intraoperative color images of an anatomical region, calculating pixel color feature values for each pixel based on at least two color components, and filtering the pixel color feature data with a spatial adaptive bandpass filter to segment physiologically significant regions, including critical vessels, nerves, and bone structures. A multi-arm surgical robot coordinates synchronous insertion of screws, rods, or other implant components based on the segmented regions, dynamically constraining trajectories and insertion parameters to avoid physiologically sensitive areas. The insertion process is autonomously or semi-autonomously adjusted in real time according to updated image-derived physiologic maps generated from the filtered pixel color feature data.","A system and method for robot-assisted surgical implantation using color medical image-based tissue characterization is disclosed. The method includes acquiring a color medical image of a surgical field, computing pixel color feature (PCF) values dependent on at least two color components, and filtering the PCF data with spatial adaptive bandpass filters (ABPFs) to classify pixels into physiologically significant regions relevant to implant placement. A robotic system having one or more arms and end effectors autonomously plans and performs synchronous insertion of screws, rods, or other implant components based on the classified regions, with coordinated arm movements constrained by tissue-type and boundary information derived from the PCF/ABPF processing. The insertion progress is monitored in real time by continuously updating the PCF-based tissue maps and dynamically adjusting robotic trajectories to maintain safe distances from critical anatomical structures."
53,US-10251714-B2,US-2023270562-A1,"An embodiment of the present invention includes a robotic surgical system for performing a variety of surgical procedures. The robotic surgical system comprises a robot-operated device, a robot-operated device, and a robot-operated device. The robot-operated device is connected to at least one end member of the surgical apparatus. The robot-operated device is shown to facilitate insertion of sutures into the surgical apparatus, and the robot-operated device is connected to the surgical apparatus by means of a movable axis, and the robot-operated device is connected to.","A robotic surgical system is provided for autonomous or semi-autonomous placement of surgical implants using image-derived non-visible property analysis. A plurality of robotic arms, each carrying an implant insertion instrument, are coordinated to synchronously insert screws, rods, or other implant components while intraoperative imaging of the region of interest is continuously acquired. A controller applies image processing filters to the acquired images to infer non-visible properties of patient tissue or implant-bone interface, such as density, stability, or proximity to at-risk structures, and adjusts the insertion trajectories, forces, and depths in real time. A display presents the processed images and inferred properties to the surgeon, enabling oversight and intervention during coordinated multi-implant insertion.","A robotic surgical system is provided for autonomous or semi-autonomous placement of surgical implants using image-derived non-visible property analysis. The system includes multiple coordinated robotic arms coupled to surgical instruments that are inserted into a patient and configured to synchronously insert screws, rods, or other implant components. One or more imaging instruments capture intraoperative images of a region of interest, and a controller applies image processing filters to determine non-visible properties of tissue and bone, such as density, vascularity, or structural integrity. Implant insertion trajectories and forces are dynamically adjusted based on the identified non-visible properties, and the progress of insertion is monitored and displayed to the surgeon in real time.","A robotic surgical system for autonomously placing orthopedic or spinal implants is disclosed. The system includes multiple coordinated robotic arms, each configured to manipulate a surgical instrument and synchronously insert screws, rods, or other implant components along planned trajectories. One or more instruments capture intraoperative images of the implantation region, and a controller applies image processing filters to determine non-visible properties of anatomical structures and implanted components, including bone density, insertion depth, and fixation stability. Implant insertion parameters and robotic arm motion are dynamically adjusted based on the analyzed images to optimize implant placement while providing real-time visualization and guidance to the surgeon."
54,CN-102958426-A,US-2023270562-A1,"The invention provides a surgical technique for manipulating a portion of the body to be surgically implanted into a region of the body to be surgically implanted. A plurality of endoscopes are positioned at least perpendicular to the insertion device. The plurality of endoscopes are positioned at least perpendicular to the insertion device. In this embodiment, a resonant laser beam is generated from the insertion device, and the resonant laser beam is transmitted to the insertion device.","A robotic minimally invasive surgical system is disclosed that integrates fluorescence-guided imaging with multi-arm autonomous implant insertion. An illuminator provides visible and fluorescence excitation light to a surgical site, and an image capture system generates real-time black-and-white background images with superimposed, color-highlighted fluorescence regions indicating target tissues, anatomical landmarks, or safe zones. A multi-arm surgical robot coordinates the synchronous positioning and insertion of screws, rods, or other implant components based on the fluorescence-derived guidance images. The system autonomously or semi-autonomously adjusts trajectories and insertion parameters in response to the monitored fluorescence and imaging feedback to enhance accuracy and safety of implant placement.","A robotic minimally invasive surgical system integrates fluorescence-guided imaging with coordinated implant insertion. An illuminator provides visible and fluorescence excitation light to a surgical site, and an imaging system generates a background grayscale image with overlaid, color-highlighted fluorescence indicating target tissue or anatomical structures. A multi-arm robotic platform autonomously or semi-autonomously positions and inserts screws, rods, or other implant components based on the fluorescence-guided images and preoperative plans, while synchronously coordinating the movements of multiple arms. The system monitors insertion progress in real time using the fluorescence-enhanced visualization to adjust robotic trajectories and ensure accurate placement relative to critical tissues.","A surgical robotic system enables fluorescence-guided, minimally invasive placement of orthopedic or spinal implants. An illuminator provides visible and fluorescence excitation light to a surgical site while an image capture system generates grayscale anatomical images with superimposed, color-highlighted fluorescence indicating target tissue, critical structures, or optimal implant trajectories. One or more robotic arms, each carrying implant insertion tools, are coordinated to synchronously insert screws, rods, or other implant components based on the fluorescence-guided imagery. The system autonomously or semi-autonomously adjusts implant positioning and insertion parameters in real time according to monitored fluorescence and image feedback to improve accuracy and avoid damage to critical tissue."
