id,Similarity,is_predicted
US-11707765-B2,0.6781551814898944,False
US-3578102-A,0.7235218543375906,False
US-3984805-A,0.696068853597425,False
US-4098133-A,0.710559483018612,False
US-4710656-A,0.6864502235778707,False
US-4749891-A,0.7051802399178092,False
US-4788968-A,0.6912189056713465,False
US-4982374-A,0.7161115757656185,False
JP-H03113337-A,0.7142388800945243,False
US-5136194-A,0.6917421524996682,False
WO-9318475-A1,0.7142388800945243,False
US-5327120-A,0.7186957746919592,False
US-5589828-A,0.728674844954202,False
US-5643087-A,0.7178770415329626,False
US-10921904-B2,0.7239524758247943,False
US-5666138-A,0.706163846033952,False
US-5780948-A,0.6960177058173476,False
US-5825663-A,0.6949341721202187,False
US-5857986-A,0.7009264572626852,False
US-5903077-A,0.7154452247119416,False
US-5923317-A,0.6999204232463683,False
US-5929607-A,0.6835823333882847,False
US-6002184-A,0.6866504412097515,False
US-6009986-A,0.6920685489139378,False
US-6023116-A,0.6873734936582386,False
US-12099655-B2,0.7010365323067232,False
US-6147422-A,0.6866504412097515,False
JP-2000333464-A,0.7142388800945243,False
US-6208497-B1,0.6901783156395298,False
US-6236125-B1,0.7062504369627483,False
JP-2001212508-A,0.7142388800945243,False
US-6275213-B1,0.7160314395289455,False
US-6307285-B1,0.6866504412097515,False
US-2002024503-A1,0.7194015888334496,False
US-6389941-B1,0.7203555156531605,False
US-6397285-B1,0.7108542661386824,False
US-2002080112-A1,0.6950532663354796,False
US-12374978-B2,0.6931683453797661,False
US-6424333-B1,0.7160101443803387,False
JP-2002205008-A,0.7142388800945243,False
EP-1226852-A2,0.7142388800945243,False
US-6504278-B1,0.6994647344762965,False
US-2003030619-A1,0.7041505736602308,False
US-2003038774-A1,0.6916040825100721,False
JP-2003199974-A,0.7142388800945243,False
US-6618646-B1,0.7019574166388389,False
US-6641480-B2,0.705883353504692,False
JP-2003345233-A,0.7141242590312263,False
US-6679776-B1,0.706759551458383,False
US-6693622-B1,0.6935396887735243,False
US-6704001-B1,0.7067598872347026,False
US-6742960-B2,0.6936123628565605,False
US-2004108992-A1,0.7064632574156847,False
JP-2004174309-A,0.7142388800945243,False
US-2004164959-A1,0.7204373183863895,False
US-2004169480-A1,0.6787108553187658,False
US-2004183782-A1,0.7092687867392732,False
US-2004183487-A1,0.6879776716404237,False
US-6809727-B2,0.6916118447061862,False
US-2004227727-A1,0.7067598872347026,False
US-2004233161-A1,0.6942529948819803,False
US-2004233167-A1,0.7085724522419006,False
US-6824468-B2,0.705883353504692,False
US-2005030284-A1,0.6950532663354796,False
US-6864877-B2,0.6950532663354796,False
US-2005052415-A1,0.6950532663354796,False
US-6873067-B2,0.7094706262608627,False
US-2005077845-A1,0.6910245470730852,False
US-6883373-B2,0.6985952082594212,False
US-2005128186-A1,0.7137332934656717,False
US-2005134561-A1,0.6930629374460233,False
US-2005134562-A1,0.7076352171872734,False
US-2005195168-A1,0.7042960105420464,False
US-2005219206-A1,0.6837751481485127,False
US-2005221894-A1,0.6980296946399434,False
US-2005237314-A1,0.6977839926091076,False
US-6982696-B1,0.6774520161875238,False
US-2006015045-A1,0.7232035305693111,False
US-6992462-B1,0.6846763611304464,False
US-7084854-B1,0.702847776818646,False
US-7091948-B2,0.701945729014235,False
US-2006290662-A1,0.709772731834195,True
US-11263879-B2,0.7185170417246698,False
US-7182691-B1,0.6946506541458344,False
US-7209118-B2,0.6946906060292996,False
US-2007091063-A1,0.7151330067112429,False
US-7218310-B2,0.6906176345837348,False
US-2007236450-A1,0.7041695219356413,False
US-2007265077-A1,0.6879910459601598,False
US-7315098-B2,0.7130450077495107,False
US-2008252594-A1,0.6805172681431131,False
US-7446752-B2,0.6908470921706148,False
US-7561142-B2,0.6942529948819803,False
KR-20100029158-A,0.7142388800945243,False
US-7683508-B2,0.6910866885374845,False
KR-20100044381-A,0.7142388800945243,False
US-2010245237-A1,0.7071799970628253,False
US-2010253487-A1,0.6983159722905448,False
KR-20100125941-A,0.7142388800945243,False
US-2011050404-A1,0.7274754799635951,False
US-7916576-B2,0.7323434852612553,False
US-7919945-B2,0.709772731834195,False
US-7931605-B2,0.7210353694420687,False
US-2011124959-A1,0.7210353694420687,False
JP-2012125135-A,0.7142388800945243,False
US-2012224274-A1,0.7024879722649037,False
US-2012232780-A1,0.7134924670076572,False
US-2022395861-A1,0.7017865689586249,False
US-8384316-B2,0.709772731834195,False
US-2013285490-A1,0.7136625576390473,False
US-8981682-B2,0.7134924670076572,False
US-2016225192-A1,0.7916657408482664,False
US-12239381-B2,0.805277244751982,False
US-2022151704-A1,0.7740054295484912,False
US-2017258526-A1,0.7969326351655611,False
US-11259874-B1,0.7958134489429729,False
US-11832893-B2,0.7905946071560258,False
US-2023157757-A1,0.7787860481831067,False
US-12220183-B2,0.7858599005596589,False
US-11701178-B2,0.7681992707638917,False
US-11918296-B1,0.8064454896076002,False
US-2008004603-A1,0.7428257535784785,False
US-11080854-B2,0.7672592257251357,False
US-12290319-B2,0.7931730089474833,False
US-7317841-B2,0.7108734231181535,False
US-7542622-B1,0.7477257565000068,False
WO-2009121775-A2,0.7142388800945243,False
US-2009268010-A1,0.7629515215439457,False
WO-2009121775-A3,0.7142388800945243,False
US-2011135170-A1,0.7436836602112514,False
CN-102300498-A,0.7142388800945243,False
US-8224425-B2,0.7689786797405136,False
US-2012183196-A1,0.738634528621387,False
TW-201246125-A,0.7142388800945243,False
US-2013038707-A1,0.7824487725802143,False
CN-102958426-A,0.7142388800945243,False
US-2013176411-A1,0.7468626607528657,False
WO-2013118065-A1,0.7142388800945243,False
CN-103513951-A,0.7142388800945243,False
US-2014072190-A1,0.7160422288791318,False
US-2015257653-A1,0.746198573615196,False
US-2016035084-A1,0.7753451958160513,False
US-2016252650-A1,0.7166489082592633,False
US-9591968-B2,0.7578881394488014,False
US-9750420-B1,0.7501266387461825,False
US-9811901-B2,0.7160422288791318,False
US-10152789-B2,0.7672592257251357,False
US-10251714-B2,0.8019269556826651,False
US-10602987-B2,0.7634019362824674,False
US-10607345-B2,0.7672592257251357,False
US-6002859-A,0.771893172566107,False
US-2020337784-A1,0.7973582433355593,False
US-11844577-B2,0.7938639830008032,False
US-11426245-B2,0.8196434572388869,False
US-2012071893-A1,0.791455762964794,False
US-2014208578-A1,0.7953328694859272,True
US-11337766-B2,0.8035890605215247,False
US-10194991-B2,0.8462997488782132,False
US-11999065-B2,0.7904189053283284,False
US-10716630-B2,0.8026269942470824,False
US-2012158011-A1,0.751612852966479,False
US-12245835-B2,0.7476267408405752,False
US-12089912-B2,0.7916126193479599,False
US-2017354470-A1,0.8107091308764358,False
US-2019117111-A1,0.7603413439680851,False
US-2020078097-A1,0.789882697224053,False
US-2021196425-A1,0.7968167846072295,False
US-12137872-B2,0.7971787339525124,False
US-11992200-B2,0.7830453674063794,False
US-9600138-B2,0.8085878262579139,False
US-11950851-B1,0.7879009994675926,False
US-11937889-B2,0.7963208401544761,False
US-2021212782-A1,0.7914997587846672,False
US-2003120391-A1,0.7365340959381822,False
US-11904470-B2,0.7345036306505989,False
US-12172314-B2,0.7334526566820644,False
JP-2003256025-A,0.7142388800945243,False
JP-2003271975-A,0.7142388800945243,False
JP-2004049731-A,0.7142388800945243,False
WO-2004106009-A1,0.7142388800945243,False
JP-2005131713-A,0.7142388800945243,False
WO-2006013829-A1,0.7142388800945243,False
FR-2898824-A1,0.7142388800945243,False
US-2012185096-A1,0.7092820366692322,False
US-2013245824-A1,0.7114192201505793,False
JP-2013193202-A,0.7142388800945243,False
US-2014163730-A1,0.7347112536350061,False
US-2016129592-A1,0.7118786700254746,False
US-11648676-B2,0.7379881753640108,False
US-10953544-B2,0.716587486597129,False
JP-2016103277-A,0.7142388800945243,False
JP-2016146188-A,0.7142388800945243,False
US-2016257000-A1,0.7145092785838283,False
US-2017232613-A1,0.7126633931250406,False
US-2017343992-A1,0.7440424116365691,False
US-2022371193-A1,0.7334526566820644,False
US-2017357270-A1,0.731659242484319,False
US-9919232-B2,0.7160773758377778,False
US-9926138-B1,0.7441107124434992,True
US-11488323-B2,0.7310328830019308,False
US-11319166-B2,0.7402659894325921,False
US-12304750-B2,0.7244626936554713,False
WO-2018156952-A1,0.7142388800945243,False
US-10571896-B2,0.7444594643036859,False
WO-2020047120-A1,0.7142388800945243,False
US-2020070343-A1,0.7334526566820644,False
US-10834419-B2,0.7029197730291746,False
US-10836183-B2,0.7082382941560407,False
US-11148288-B2,0.7334526566820644,False
US-2021379758-A1,0.7334526566820644,False
US-2021379748-A1,0.6936358927473777,False
US-2022032458-A1,0.7334526566820644,False
US-11298825-B2,0.7334526566820644,False
WO-2022170279-A1,0.7142388800945243,False
US-9102055-B1,0.7182664935313473,False
US-2023041343-A1,0.7239321016085367,False
US-2023016733-A1,0.719762499396736,False
US-2016136808-A1,0.73404997630599,False
US-2020078938-A1,0.7291941342954367,False
US-12421054-B2,0.7279070808541508,False
US-2020122344-A1,0.7101367711035854,False
US-2020334835-A1,0.7022956633376771,False
US-2020377315-A1,0.7198734620741969,False
US-2022157063-A1,0.7125549555898175,False
US-2023027984-A1,0.7239321016085367,False
US-2022203547-A1,0.7242327361767944,False
US-2022261738-A1,0.7332068972604354,False
US-11436748-B2,0.7339366260317749,False
US-2022305680-A1,0.7474859267067114,False
US-11482045-B1,0.7328933600197238,False
US-2023150777-A1,0.7281977995018766,False
US-2009096148-A1,0.7323227754962808,False
US-2021069910-A1,0.7275678912156547,False
US-2021387350-A1,0.7251416847140272,False
US-2011270444-A1,0.6992603161633676,False
US-2014023461-A1,0.7219721555005356,False
US-2018021955-A1,0.7142874269279916,False
US-2019255708-A1,0.7280827038548262,False
US-2020122327-A1,0.7216158902033514,False
US-10814440-B1,0.7379944703567808,False
US-2013282165-A1,0.715541771684157,False
US-2021237274-A1,0.730220141580853,False
US-2019193956-A1,0.7112202788796532,False
US-2004236424-A1,0.7860745279150522,False
US-12251164-B2,0.7833722997996336,False
US-12440280-B2,0.7859326983458199,False
US-12096995-B2,0.7990522242231128,False
US-2005267584-A1,0.7784063387526402,False
US-2008306490-A1,0.8391381509862299,True
US-11931107-B1,0.8174943336034496,False
US-2010256504-A1,0.7964905454477436,False
US-2023019543-A1,0.7759082582848666,False
EP-2338530-A2,0.7142388800945243,False
US-8078440-B2,0.7908358811581077,False
US-11272989-B2,0.790064203832658,False
US-12127791-B1,0.7948529277767616,False
US-12144551-B1,0.8094711104886299,False
US-8883915-B2,0.6887668963745595,False
US-2016038291-A1,0.8124778387377024,False
US-2018007105-A1,0.6992270348446121,False
US-10342636-B2,0.7662170638555159,False
US-10426571-B2,0.7965783053496768,False
US-2020030109-A1,0.8143934222712658,False
US-10993777-B2,0.7796870515787304,False
US-2007238981-A1,0.7823900840443522,False
US-2007249967-A1,0.8206924383011323,False
US-12076090-B2,0.8028769780118816,False
US-2009018445-A1,0.793549246998752,False
US-2011137156-A1,0.8116457903512132,False
US-2013129175-A1,0.7780480727345592,False
US-2013237811-A1,0.7733750979756068,False
US-2024081784-A1,0.7652773448664916,False
US-11737841-B2,0.8013588034051763,False
US-2013267838-A1,0.7733622966384452,False
US-2016317122-A1,0.7648599542918559,False
WO-2016207628-A1,0.7142388800945243,False
US-2018168740-A1,0.7885516640825214,False
US-2022151705-A1,0.8096710661639723,False
US-2018185100-A1,0.7905629713559114,False
US-2019110842-A1,0.7969326351655611,False
US-2019239850-A1,0.7681776022051783,False
US-2019254754-A1,0.7558382621314893,False
US-2019289284-A1,0.7277139304735177,False
US-2019339525-A1,0.7698344410475421,False
US-2019349559-A1,0.8017854138924689,False
US-2019380790-A1,0.7663398498940097,False
US-2020059640-A1,0.7816803092299994,False
US-2020064439-A1,0.7110748503706377,False
US-2021045715-A1,0.7930810240362464,False
US-2023371919-A1,0.8045722836967971,False
US-2021093400-A1,0.795891866562487,False
US-2021121238-A1,0.7868533453252713,False
US-2021137350-A1,0.7800550802324743,False
US-2021068845-A1,0.8066152300886702,False
US-2024058063-A1,0.7779556731657616,False
US-2007118243-A1,0.7935963013964447,False
US-12023103-B2,0.7932741543877587,False
WO-2013177051-A1,0.7142388800945243,False
US-2016231732-A1,0.7965906795811886,False
US-11819416-B1,0.79525618586921,False
US-2020101273-A1,0.7730910025918969,False
US-2021177603-A1,0.7942140799001981,False
US-2021177623-A1,0.7752581452600387,False
US-2021251704-A1,0.7715571537725414,False
US-11337762-B2,0.8326694590444038,False
US-11523916-B2,0.7752581452600387,False
US-2023107003-A1,0.7882472434444718,False
US-2023181256-A1,0.8245588279584932,False
US-2023298728-A1,0.826949182930865,False
US-2023301791-A1,0.7612731151129901,False
US-2023363832-A1,0.7761463695815349,False
US-2023377714-A1,0.8171508023848837,False
US-2023397964-A1,0.800023713137738,False
US-2004116835-A1,0.7474539132080331,False
US-2021346005-A1,0.7472068400613161,False
US-12279761-B2,0.7344329138075846,False
US-7763028-B2,0.7499772551298848,False
US-2011257655-A1,0.7487638525934419,False
US-8828008-B2,0.7816040588537017,False
US-2014193053-A1,0.7884658145696182,False
US-2022125517-A1,0.8478987596217116,False
US-2017071673-A1,0.8223343223114186,False
US-2017367766-A1,0.7865765211801009,False
US-2022265355-A1,0.7956430286076992,False
US-11896328-B1,0.7806171757978962,False
US-11896329-B1,0.8052320583120154,False
US-5872438-A,0.738405601078783,False
US-12189123-B2,0.7232502591943872,False
US-6695770-B1,0.7190086080160129,False
US-2005116954-A1,0.7155848799933852,False
US-2006015560-A1,0.6879478079135865,False
US-2006262120-A1,0.7472871536605535,False
US-2007186007-A1,0.7196393153720968,False
US-2008081701-A1,0.7204044215582812,False
US-2008294663-A1,0.7153995038507349,False
US-2009063156-A1,0.7334938800106634,False
US-2011082009-A1,0.7404585089861792,False
US-11083967-B1,0.7307320647806402,False
US-2012226987-A1,0.7205545807273896,False
US-2013271457-A1,0.7239824971376698,False
US-2014009490-A1,0.7103330273818895,False
US-2014046829-A1,0.717264367780525,False
US-2014063061-A1,0.7195810743809908,False
US-2014114845-A1,0.727280463821709,False
US-12093500-B2,0.7292176919370708,False
US-2014306866-A1,0.7239887100099983,False
US-12142367-B2,0.7906755718304985,False
US-2015002541-A1,0.7149851814964092,False
US-2015268722-A1,0.6990481966797464,False
US-11733777-B2,0.7009812833511415,False
US-2016035140-A1,0.7259636040647804,False
US-2016093108-A1,0.7107264643101155,False
US-2016189494-A1,0.7342098580538285,False
US-2018330549-A1,0.7290750710946526,False
US-2019249908-A1,0.6894219495290853,False
US-2021043011-A1,0.7113347787584355,False
WO-2017093683-A1,0.7142388800945243,True
US-2021387333-A1,0.7177071519284216,False
US-11904468-B2,0.723728033886489,False
US-2018032225-A1,0.7261470513741668,True
US-2019077011-A1,0.7333172999863886,False
US-2020269429-A1,0.727460204146246,False
US-5431653-A,0.7541362572485933,False
US-2023172600-A1,0.7185348782516916,False
US-2023072295-A1,0.7384403563451785,False
US-5800438-A,0.7742409979909062,True
US-2006074431-A1,0.738062099492663,False
US-2007162040-A1,0.7842251668201923,False
EP-2011442-A1,0.7142388800945243,False
US-2009198240-A1,0.7615258724964424,False
US-12213658-B2,0.7816238139035869,False
US-7615055-B2,0.8098354044473358,False
US-2010100102-A1,0.7481257582935963,False
US-2011282158-A1,0.7572153521915881,False
US-2013079792-A1,0.7611620090134548,False
US-2014288658-A1,0.7766383755945045,False
US-2016346044-A1,0.8147414305821743,False
WO-2020033589-A1,0.7142388800945243,False
US-2020222205-A1,0.767225102132478,False
US-2020352555-A1,0.7328826963743595,False
US-2021298734-A1,0.7816238139035869,False
US-2022133291-A1,0.7277234981536926,False
US-11419595-B2,0.7485974205392908,False
US-11666318-B2,0.7843613484465829,True
US-2013184868-A1,0.6974381548281386,False
US-2020368905-A1,0.7311708813450543,False
US-9205558-B1,0.7237176349041667,False
US-9238304-B1,0.7330030658847969,False
US-2016059412-A1,0.7242004452377191,False
US-2020388074-A1,0.7519622841069693,False
US-2016075031-A1,0.7203701239864829,False
US-9333649-B1,0.7291941342954367,False
US-9375853-B1,0.7171729634865011,False
US-2016239013-A1,0.7189482963570152,False
US-2017106534-A1,0.7374668096839702,False
US-2017173795-A1,0.7384196657431883,False
US-2018361595-A1,0.7258457157831645,False
US-10773385-B2,0.7311708813450543,False
JP-H0515957-A,0.7142388800945243,False
JP-2002254380-A,0.7142388800945243,False
US-7017961-B1,0.7180419437235803,False
CN-101296611-A,0.7142388800945243,False
CN-101618544-A,0.7142388800945243,False
JP-2010005769-A,0.7142388800945243,False
US-2010222915-A1,0.7248765496519428,False
US-12202145-B2,0.724830652720613,False
CN-103043359-A,0.7141242590312263,False
JP-2013154457-A,0.7142388800945243,False
CN-104044151-A,0.7142388800945243,False
JP-2014176926-A,0.7142388800945243,False
US-9089969-B1,0.7409127234853615,False
US-9393693-B1,0.7213441161855821,True
CN-106660207-A,0.7142388800945243,False
CN-106660212-A,0.7142388800945243,False
US-2018040132-A1,0.7256872816046338,False
CN-107838945-A,0.7142388800945243,False
JP-2018047515-A,0.7142388800945243,False
US-2018162660-A1,0.7371387768475226,False
CN-108778636-A,0.7142388800945243,False
US-10124489-B2,0.740860641426819,True
CN-109129544-A,0.7142388800945243,False
US-2019030730-A1,0.7183651209491294,False
US-2019047158-A1,0.7384567228624236,True
US-10207868-B1,0.7289466471778455,False
CN-109483554-A,0.7142388800945243,False
US-2019084012-A1,0.728847316795378,False
CN-109500810-A,0.7142388800945243,False
JP-2019085271-A,0.7142388800945243,False
KR-20190068663-A,0.7142388800945243,False
WO-2019147697-A1,0.7142388800945243,False
US-2019263603-A1,0.7371387768475226,False
JP-2019162685-A,0.7142388800945243,False
US-10576630-B1,0.7347970961611318,False
US-2020376662-A1,0.7198717784359167,False
US-2021024298-A1,0.7300034878334393,False
US-2021053216-A1,0.7177071519284216,False
CN-112405570-A,0.7142388800945243,False
US-11117256-B2,0.7177071519284216,True
US-11345029-B2,0.723728033886489,False
JP-H09245195-A,0.7142388800945243,False
US-2002063807-A1,0.7337377679739238,False
US-2021335483-A1,0.7761350565090483,False
US-2002082498-A1,0.8136442749611472,False
US-6449103-B1,0.7402449971634544,False
US-2003223038-A1,0.7517858720403859,False
US-2005036109-A1,0.7368842959016282,False
US-2005168569-A1,0.7120289917730548,False
US-2005280603-A1,0.7297697941907587,False
US-2006087746-A1,0.7791905830670327,False
US-2007121070-A1,0.7452007375383509,False
US-2009086313-A1,0.7254589643859274,False
US-2009123036-A1,0.7263223007289251,False
US-2009128834-A1,0.7264811414903254,False
US-2009218400-A1,0.7287623169800372,False
US-7639208-B1,0.7340572318343004,False
US-2010011959-A1,0.6996616009484913,False
US-2010079356-A1,0.7246920893402263,False
US-2010149073-A1,0.7240927533157242,False
US-2010254017-A1,0.7341750244329927,False
US-2010277471-A1,0.7135455086717039,False
US-2011043644-A1,0.716970860471768,False
US-8135227-B2,0.7406358635442274,False
US-2012068913-A1,0.7072898323212594,False
US-2012200595-A1,0.7406358635442274,False
US-2012281181-A1,0.7006787730994368,False
US-8311328-B2,0.7007817011175185,False
US-2012326948-A1,0.7090044914376478,False
US-8350898-B2,0.7189257243077481,False
US-2013099700-A1,0.7017806825758381,False
US-2013155507-A1,0.6981206862889214,False
US-2013162632-A1,0.739953922518389,False
US-2013162673-A1,0.7089722687494272,False
US-2013172902-A1,0.7958965643222701,False
US-12151377-B2,0.7680911838641101,False
US-2013178868-A1,0.7783931792939847,False
KR-20130082637-A,0.7142388800945243,False
US-8494298-B2,0.7406358635442274,False
US-2013194254-A1,0.7304794786798272,False
US-2013215147-A1,0.7444865117190287,False
US-8579194-B2,0.7287623169800372,False
US-2013329184-A1,0.7062249994494049,False
US-2013329190-A1,0.7406358635442274,False
US-2013335543-A1,0.745091486418719,False
US-2014002597-A1,0.7297917897700362,False
US-2014002587-A1,0.762069457927157,False
US-2014063054-A1,0.7184688620661237,False
US-2014094655-A1,0.7705653730013476,False
US-2014098226-A1,0.7363180524571029,False
US-2014160264-A1,0.7390467871676648,False
US-8771805-B2,0.7078654825155803,False
US-2014214122-A1,0.7140679915501582,False
US-8798756-B2,0.724148949810842,False
JP-5571901-B2,0.7142388800945243,False
US-8812120-B2,0.7313471069133399,False
US-2014232645-A1,0.7315861855905958,False
US-2014243971-A1,0.7276530409666536,False
US-8831745-B2,0.7176438305941972,False
US-8831734-B2,0.7140679915501582,False
US-2014275760-A1,0.7727674953807054,False
US-2021157403-A1,0.7612626606794434,False
WO-2014140849-A2,0.7142388800945243,False
KR-20140112207-A,0.7142388800945243,False
US-2014283429-A1,0.7313627515308005,False
US-8874224-B2,0.7016613825851802,False
US-8874239-B2,0.7263887578393784,False
US-8886329-B2,0.7174691342381015,False
US-8912979-B1,0.7179924272955164,False
US-8934983-B2,0.7097795723162794,False
US-8954157-B2,0.7358782082251011,False
US-8976086-B2,0.727832749625188,False
US-2015084841-A1,0.727832749625188,False
US-9002462-B2,0.7408539414178082,False
US-9042985-B2,0.7454014084200918,False
US-9044591-B2,0.7553191259849743,False
US-9044590-B2,0.7218485921709012,False
US-9050468-B2,0.7516869059821003,False
US-9061150-B2,0.7340989147272274,False
US-9072900-B2,0.7479026942195011,False
US-9072888-B2,0.7264241133363145,False
US-2015193984-A1,0.7072898323212594,False
US-9078739-B2,0.7236977522511309,False
US-9084895-B2,0.7247821855025778,False
US-2015205132-A1,0.7104797645865314,False
US-9089702-B2,0.7547444359220011,False
US-9089690-B2,0.7254753074462561,False
US-9089701-B2,0.7187416844521726,False
US-9095709-B2,0.7358868489858187,False
US-9095710-B2,0.7354846045724204,False
US-9097891-B2,0.7109205095634078,False
US-9095722-B2,0.7439408059845137,False
US-2015355481-A1,0.7273260651612997,False
US-2015362733-A1,0.7395599061701388,False
US-2015378074-A1,0.7060681603489354,False
US-2016027216-A1,0.7275287041345384,False
US-2016037849-A1,0.737442690691544,False
US-2016055822-A1,0.6945075679605022,False
US-2016091968-A1,0.7129858184550762,False
US-2016183779-A1,0.7826124921814214,False
US-2016196694-A1,0.7155852498904215,False
WO-2016133644-A1,0.7142388800945243,False
US-2016247418-A1,0.786470034781349,False
US-2016252325-A1,0.7077163953657003,False
US-2016267720-A1,0.7261527354537042,False
US-2016262608-A1,0.7259570305832421,False
US-2016270656-A1,0.785591600002977,False
US-2016270648-A1,0.7537503822090986,False
US-2016377871-A1,0.710354659194255,False
US-2016379593-A1,0.7222699825549895,False
US-2017010469-A1,0.785591600002977,False
US-2017007351-A1,0.7555358114848825,False
US-2017011706-A1,0.722105074367111,False
US-2017068119-A1,0.7371134120977,False
US-2017094167-A1,0.7358341882562814,False
WO-2017064301-A1,0.7143061036224708,False
US-9651784-B2,0.7284752974732642,False
US-9651786-B1,0.6968782972390514,False
US-2017236332-A1,0.7231350436534584,False
US-2017242253-A1,0.7269418363472092,False
US-2017293380-A1,0.70698346802659,False
US-2017323615-A1,0.7075401417402791,False
US-2018045964-A1,0.7239945543085665,False
WO-2018067611-A1,0.7142388800945243,False
US-9955862-B2,0.7537503822090986,False
US-2018116742-A1,0.7861290759990747,False
US-2018125340-A1,0.7396271860168321,False
KR-20180068351-A,0.7142388800945243,False
US-2018250085-A1,0.7887998187329422,False
US-12268460-B2,0.7907265407060325,False
US-10111583-B1,0.7537503822090986,False
US-2018325618-A1,0.8248767925538816,False
US-11583345-B2,0.7902887580058319,False
US-10149958-B1,0.72981552057337,False
US-10323904-B1,0.726172485208453,False
US-10345768-B2,0.7302449471462849,False
US-2019339528-A1,0.7078769407010387,False
US-2019353457-A1,0.7266987936200183,False
US-2019359351-A1,0.7245071546346238,False
WO-2020014707-A1,0.7141242590312263,False
US-2020030054-A1,0.8020108457937042,False
US-2020038120-A1,0.7769247613283602,False
US-10638080-B2,0.7480985088506044,False
US-2020281670-A1,0.8001907738135678,False
US-10874297-B1,0.7537503822090986,False
US-2021022599-A1,0.7865246420380713,False
US-2021149173-A1,0.7048073909163585,False
EP-4052647-A1,0.7142388800945243,False
US-6091422-A,0.7024717138501752,False
US-2002163545-A1,0.7122200409865626,False
US-6850221-B1,0.7066853404352385,False
US-2006028436-A1,0.7127744463074843,False
US-2007081123-A1,0.729157299871152,False
US-2011310227-A1,0.7280353482766432,False
US-2012127062-A1,0.7085074646296107,False
US-2012162549-A1,0.7130479778825936,False
US-2013082922-A1,0.7318120876717028,False
US-2013117377-A1,0.7239887100099983,False
US-2013125027-A1,0.7244075798420287,False
US-2013135344-A1,0.717018941626316,False
US-2013208234-A1,0.7243990316630231,False
US-2013242262-A1,0.7243990316630231,False
US-2014071539-A1,0.7166059130973538,False
CN-103714192-A,0.7142388800945243,False
US-2014177023-A1,0.7152146878289782,False
US-2014218468-A1,0.7240213529530004,False
US-2014267400-A1,0.7174244165237748,False
US-2014267420-A1,0.7319737904477664,False
US-2015016777-A1,0.7021552826136197,False
US-2015103306-A1,0.7358614288348362,False
US-2015112808-A1,0.7169358478148443,False
US-2015178939-A1,0.7268975397648382,False
US-2015205126-A1,0.7341507906436554,False
US-2015309263-A2,0.7021552826136197,False
US-2015326570-A1,0.7335441934055773,False
US-2015346495-A1,0.7267712808541655,False
US-2016011419-A1,0.7136476199516703,False
US-2016026253-A1,0.7357036201236145,False
US-9448687-B1,0.7015246978017741,False
US-2017256096-A1,0.7356557321014964,False
US-2017332009-A1,0.7339802131585597,False
US-2017336862-A1,0.7189192954666312,False
US-2018137351-A1,0.7036734123584316,False
US-2018315248-A1,0.7287348344673994,False
US-2019122440-A1,0.7311507190521846,False
WO-2019126238-A1,0.7142388800945243,False
US-2019197785-A1,0.7038292630726303,False
US-2019258365-A1,0.7241424952802584,False
US-2019340818-A1,0.7104351802182904,False
US-2020054398-A1,0.7818160919960562,False
WO-2021113322-A1,0.7142388800945243,False
US-2021173547-A1,0.7292176919370708,False
US-2009143670-A1,0.780622217379358,False
US-2012306850-A1,0.710391694080178,False
US-2014200621-A1,0.7465591743560617,False
US-2018140328-A1,0.7437255736743256,False
US-2023157762-A1,0.7738116545282319,False
US-2024398479-A1,0.7908256109933247,False
US-2019262617-A1,0.7126528553141698,False
US-2019307516-A1,0.7730586490346011,False
US-2021137634-A1,0.7638531764558327,False
US-2023008264-A1,0.7312097389713346,False
EP-0133981-A2,0.7142388800945243,False
US-12433697-B2,0.7664391464863244,False
US-2007299427-A1,0.777600721544752,False
US-2015298825-A1,0.7244387026865291,False
US-3919607-A,0.6902846715321695,False
US-4017694-A,0.6739604048503656,False
EP-0204386-A1,0.7141242590312263,False
EP-0229013-A2,0.7142388800945243,False
EP-0239333-A2,0.7142388800945243,False
US-5296790-A,0.7078995995949403,False
US-5621293-A,0.7044056438133732,False
US-5717767-A,0.7170746182361415,False
US-5783899-A,0.7051213548582297,False
US-5921149-A,0.6959327349175021,False
US-6023515-A,0.7249173250196617,False
US-2002001392-A1,0.7039469594328525,False
EP-1258970-A1,0.7142388800945243,False
US-2003015929-A1,0.6864712063442024,False
EP-1282338-A2,0.7142388800945243,False
EP-1300932-A2,0.7142388800945243,False
US-6603863-B1,0.7076118355949307,False
EP-1438111-A2,0.7142388800945243,False
US-2004155741-A1,0.693196778510724,False
US-2004251750-A1,0.6776174002947422,False
US-2005189823-A1,0.7003232822809293,False
WO-2006001436-A1,0.7142388800945243,False
US-2006045298-A1,0.7250741039382709,False
US-7071584-B2,0.6961801719218125,False
US-2006171553-A1,0.7141915033015711,False
US-2006293722-A1,0.7497962973343946,False
JP-2007043768-A,0.7142388800945243,False
US-2007146317-A1,0.6993360271620883,False
US-2007270196-A1,0.7110310276097607,False
US-2007290988-A1,0.7200190732353575,False
US-2008001483-A1,0.6863938453331732,False
US-2008090622-A1,0.7088533617283134,False
US-2008096726-A1,0.7280614314122523,False
US-2008194962-A1,0.7293304644669316,False
US-2009036212-A1,0.7263003994782395,False
CN-100468926-C,0.7142388800945243,False
US-2009174266-A1,0.6978070451269093,False
US-2010046787-A1,0.7049242325274604,False
EP-2183660-A2,0.7142388800945243,False
US-2010134225-A1,0.7472028887912565,False
US-2010141408-A1,0.6835436414968813,False
US-2010316235-A1,0.7443543468589956,False
EP-2273346-A1,0.7142388800945243,False
US-2011018365-A1,0.6846156648928252,False
US-2011018367-A1,0.6877661510069262,False
US-2011101896-A1,0.7096390820887455,False
EP-2338219-A2,0.7142388800945243,False
US-8097988-B2,0.6846156648928252,False
US-2012027222-A1,0.7052257233346987,False
US-2012025742-A1,0.6940782629003188,False
US-2012032619-A1,0.69608102379006,False
CA-2808716-A1,0.7141242590312263,False
US-8134259-B2,0.6928685583569458,False
US-2012062047-A1,0.6959717353545168,False
US-2012163269-A1,0.7078443871967898,False
US-2012200021-A1,0.7005378800329011,False
US-8242642-B2,0.6752002846964137,False
US-8253282-B2,0.7090067494682378,False
US-2012237067-A1,0.7717930907123752,False
US-2012249797-A1,0.7167692991658886,False
US-2012293022-A1,0.7055278778822158,False
WO-2012173669-A2,0.7142388800945243,False
US-2013022220-A1,0.7476780177159691,False
US-2013033126-A1,0.7091498571910155,False
US-8398570-B2,0.7068927065913024,False
US-8400027-B2,0.7158643277329975,False
US-2013076652-A1,0.7172387554974003,False
US-2013099600-A1,0.6988653339717138,False
AU-2013203626-A1,0.7142388800945243,False
US-2013113305-A1,0.7070611149780005,False
US-8461728-B2,0.7019834514525478,False
US-8492938-B2,0.7086590849030889,False
US-8502864-B1,0.7128793663873594,False
US-2013204169-A1,0.7337301845424528,False
EP-2626990-A1,0.7142388800945243,False
US-2013225915-A1,0.7743346330104217,False
WO-2013134388-A1,0.7142388800945243,False
US-8598750-B2,0.7091783174995113,False
US-2013322676-A1,0.7147578612446033,False
US-2013339850-A1,0.7122318594492361,False
US-2013342521-A1,0.7001915791674834,False
US-2014009005-A1,0.694683503688365,False
WO-2014031756-A2,0.7142388800945243,False
US-2014056459-A1,0.7165176706292062,False
US-2014064536-A1,0.7508479966305319,False
US-8669679-B2,0.7012471327363922,False
US-2014125558-A1,0.731643503341008,False
CN-103847454-A,0.7142388800945243,False
CN-103872875-A,0.7142388800945243,False
US-8767996-B1,0.7082452763975566,False
CN-103918283-A,0.7141242590312263,False
US-8797295-B2,0.7113237619014569,False
WO-2014147946-A1,0.7142388800945243,False
EP-2786591-A1,0.7142388800945243,False
US-8860263-B2,0.693603341002009,False
US-8860262-B2,0.6945748259540636,False
WO-2014179969-A1,0.7142388800945243,False
US-8892233-B1,0.7165215309879249,False
US-8963695-B2,0.7064501212193471,False
US-8977376-B1,0.7097040066783203,False
US-2015070274-A1,0.7219188696432035,False
US-2015081110-A1,0.701762135679546,False
KR-101506556-B1,0.7142388800945243,False
US-2015109223-A1,0.6914606877313918,False
US-2015110277-A1,0.7034507993405035,False
US-2015123498-A1,0.6994233566082931,False
US-2015181338-A1,0.7358841967953882,False
US-2015177899-A1,0.6971569961079777,False
EP-2890153-A1,0.7142388800945243,False
US-2015195663-A1,0.7182078424140883,False
US-2015214822-A1,0.7018746213842053,False
US-9107011-B2,0.7039102766664005,False
US-9106986-B2,0.7273370184414261,False
US-9110536-B2,0.7065302749999569,False
US-2015242608-A1,0.7529391503511493,False
US-2015289034-A1,0.7149314236039078,False
US-2015319546-A1,0.7145349147106339,False
US-9201458-B2,0.7314272752857048,False
WO-2016007920-A1,0.7142388800945243,False
EP-2977858-A1,0.7143748803527328,False
US-9263983-B2,0.6940782629003188,False
US-2016056701-A1,0.7030601754831817,False
US-9277334-B1,0.760858187855662,False
US-9277320-B1,0.7014803028324299,False
US-9306429-B2,0.6922927450935858,False
US-9312744-B2,0.6994639666402155,False
US-2016105089-A1,0.7106262019798247,False
KR-20160057772-A,0.7142388800945243,False
US-2016173318-A1,0.6988891996932028,False
US-2016181904-A1,0.6906176658811956,False
US-2016212515-A1,0.7343947979104751,False
US-2016209648-A1,0.7167692991658886,False
US-2016216943-A1,0.7030910483098504,False
US-2016234588-A1,0.6999575784748907,False
US-9430921-B2,0.729725539209039,False
US-9535501-B1,0.7117876039662919,False
US-9548646-B2,0.6911492372238952,False
US-2017059871-A1,0.7153073109658584,False
US-9590463-B2,0.7072279979524323,False
US-9594429-B2,0.7143306067534949,False
US-9608506-B2,0.6890497757607099,False
US-2017110951-A1,0.703325798172754,False
US-9630213-B2,0.686119561531488,False
US-2017123499-A1,0.7022455727501263,False
US-9652040-B2,0.7152086800764487,False
US-9680672-B2,0.6915155359785552,False
US-2017171666-A1,0.7297465009618187,False
US-2017180863-A1,0.7186619193923611,False
US-2017227778-A1,0.7276851768347897,False
US-9748827-B2,0.6965610707513735,False
US-9815085-B2,0.7066738281682414,False
US-9830782-B2,0.7163402111685523,False
US-9850957-B2,0.7120523097868905,False
US-9928950-B2,0.6876698865227266,False
US-9936273-B2,0.7343947979104751,False
US-9966825-B2,0.6945606294470824,False
US-10069392-B2,0.6890497757607099,False
US-10108265-B2,0.7180644197739839,False
US-10127778-B2,0.6975924656909381,False
US-10126817-B2,0.7009905512741366,False
US-10218250-B2,0.6981373751489315,False
US-10236760-B2,0.7095144695432682,False
US-2019189106-A1,0.6977053075772419,False
US-10390139-B2,0.7185561934348177,False
US-2019261088-A1,0.6979013119479086,False
US-10573139-B2,0.7184856924945769,False
US-10642361-B2,0.6914606877313918,False
US-10651716-B2,0.7095144695432682,False
US-10659885-B2,0.7297465009618187,False
US-10812913-B2,0.7297465009618187,False
US-10820117-B2,0.7297465009618187,False
US-2021219062-A1,0.7297465009618187,False
US-5188104-A,0.7277068224819647,False
US-5231988-A,0.732488933539183,False
US-5256149-A,0.7733079282192683,False
US-5263480-A,0.7277584655541819,False
US-5540730-A,0.7233247518092268,False
US-5558671-A,0.7458605687759853,False
US-6086528-A,0.7708872988014949,False
US-6332089-B1,0.8016128700013119,False
US-2023116781-A1,0.7834223452204035,False
WO-0211639-A1,0.7142388800945243,False
US-6471172-B1,0.7885903803553991,False
US-2005277998-A1,0.7403023322595366,False
US-2006195153-A1,0.7385584943827995,False
US-2006195146-A1,0.7417524124693554,False
US-7143925-B2,0.7526471639518156,False
US-2007113860-A1,0.8016669705880832,False
US-2007185541-A1,0.7820406759921971,False
US-2008132962-A1,0.7451061957966106,False
US-2008147146-A1,0.7407306021089998,False
US-2008312498-A1,0.7844264525088389,False
US-2009062792-A1,0.760152624294322,False
US-2009132018-A1,0.7274294218030548,False
US-2009135280-A1,0.7396481927965319,False
US-2009137893-A1,0.7351042485156127,False
US-2009137868-A1,0.7311979509811587,False
US-2009149918-A1,0.7520076144287023,False
US-2009157149-A1,0.733169207513639,False
US-7585290-B2,0.7900190473338566,False
US-7601118-B2,0.7608774549419663,False
US-2010161005-A1,0.7185078574929257,False
US-2010161001-A1,0.7149225994770381,False
US-2010191267-A1,0.7720431366150303,False
US-2010239648-A1,0.7656252471430331,False
US-2011094773-A1,0.7210065893050847,False
US-2011118708-A1,0.7608159974040154,False
US-8068649-B2,0.7559183704471366,False
WO-2012007052-A1,0.7142388800945243,False
US-2012150192-A1,0.7398278153098923,False
US-2012209314-A1,0.7810276888544436,False
US-2022218422-A1,0.7820103822103924,False
US-2012245576-A1,0.7865258223331674,False
US-8317070-B2,0.7677606143483307,False
US-8352026-B2,0.7385388022372491,False
US-8393514-B2,0.7697002230791633,False
US-2013105545-A1,0.7809385510206306,False
US-2013105552-A1,0.7728247619461383,False
US-2013146643-A1,0.7715839980804526,False
US-8465417-B2,0.7311979509811587,False
US-8517933-B2,0.7769970301946872,False
US-2013221065-A1,0.7306598980933835,False
US-8545515-B2,0.7950564880934705,False
US-2013256377-A1,0.7518838983080915,False
US-8551115-B2,0.7944471180671637,False
US-12257014-B2,0.73284401633176,False
US-8623028-B2,0.79298513869842,False
US-8632462-B2,0.762865290790901,False
US-8636751-B2,0.7545211328016734,False
US-2014066717-A1,0.7763209396794136,False
US-2014121678-A1,0.7674591161016143,False
US-8734478-B2,0.7726947366893345,False
US-8753338-B2,0.787565848729791,False
US-8771180-B2,0.7769970301946872,False
US-8812100-B2,0.7381142982146465,False
US-8831782-B2,0.7932283454264841,False
US-2014253684-A1,0.7855580400679584,False
US-2014268046-A1,0.7426956353684784,False
WO-2014151621-A1,0.7142388800945243,False
US-8888789-B2,0.795642548895164,False
US-8919348-B2,0.7988978563385523,False
US-8961406-B2,0.7895782951405809,False
US-2015133996-A1,0.7780411039239148,False
US-2015134077-A1,0.7696932656018783,False
US-2015133995-A1,0.7758691231083462,False
US-2015134076-A1,0.773992649097555,False
US-2015129634-A1,0.7725579536822362,False
US-9044606-B2,0.7447442931023956,False
US-9072535-B2,0.7759717061121882,False
US-9072536-B2,0.7600397764075564,False
US-2015238268-A1,0.7810727844914582,False
US-2015257842-A1,0.7702849465287894,False
US-2015257841-A1,0.7704228761137331,False
WO-2015142814-A1,0.7142388800945243,False
WO-2015148378-A1,0.7143748803527328,False
US-2015272575-A1,0.7880787474582069,False
US-2015282736-A1,0.7973154702695976,False
WO-2015153642-A1,0.7142388800945243,False
WO-2015153636-A1,0.7142388800945243,False
US-9204879-B2,0.7598882796257448,False
US-2015351758-A1,0.7753155962421789,False
US-9216062-B2,0.7479362232854919,False
US-2016015469-A1,0.7777469032847382,True
US-12137883-B2,0.8014649433713117,False
US-2023110791-A1,0.8081275147452742,False
US-12051245-B2,0.7745497238433884,False
US-12056930-B2,0.776671636145885,False
US-9254178-B2,0.7950564880934705,False
US-9274047-B2,0.7205711344154117,False
US-9283050-B2,0.795642548895164,False
US-9320416-B2,0.7874405982716703,False
US-2016128782-A1,0.7891978059051742,False
US-9339341-B2,0.7760536540109871,False
US-9358074-B2,0.7874423858253587,False
US-9393017-B2,0.7466530802394282,False
US-2016256071-A1,0.7568743998564779,False
WO-2016144937-A1,0.7142388800945243,False
US-2016262761-A1,0.7498792635589813,False
WO-2016144998-A1,0.7142388800945243,False
US-2016303743-A1,0.7727111776781856,False
US-2016324523-A1,0.7430063539812274,False
WO-2016183054-A1,0.7142388800945243,False
US-2016331473-A1,0.8145145657412802,False
WO-2016205452-A1,0.7142388800945243,False
WO-2016205266-A1,0.7142388800945243,False
WO-2016209769-A1,0.7142388800945243,False
US-9561038-B2,0.7764549224168636,False
US-2017035425-A1,0.7380672885260233,False
US-9572481-B2,0.7680214512566811,False
US-2017055819-A1,0.793429627052675,False
WO-2017044406-A1,0.7142388800945243,False
US-2017071693-A1,0.7771918111642162,False
WO-2017053363-A1,0.7142388800945243,False
WO-2017053698-A1,0.7142388800945243,False
WO-2017053358-A1,0.7142388800945243,False
WO-2017053507-A1,0.7142388800945243,False
US-9636186-B2,0.8000798689619247,False
WO-2017075121-A1,0.7142388800945243,False
US-2017128041-A1,0.798015200177271,False
US-2017128144-A1,0.798015200177271,False
US-2017128145-A1,0.798015200177271,False
WO-2017116793-A1,0.7141242590312263,False
US-2017202591-A1,0.7998359651415701,False
US-2017251900-A1,0.7774075058681147,False
US-9757128-B2,0.7372823319585646,False
US-2017265866-A1,0.7677043075836063,False
US-2023100698-A1,0.8002059392537032,False
US-9833254-B1,0.8039564784014293,False
US-2018028187-A1,0.7546088425073415,False
US-2018049820-A1,0.7693717332888682,False
US-2018049821-A1,0.7693717332888682,False
EP-1886711-B1,0.7142388800945243,False
EP-3305173-A1,0.7142388800945243,False
US-9962161-B2,0.7513349517280318,False
US-2018146839-A1,0.7672701844304737,False
US-2018168757-A1,0.8270467035275813,False
US-2018177556-A1,0.7730005675076739,False
US-2018256008-A1,0.7715996887771462,True
US-10092738-B2,0.7295203798334071,False
US-2018353174-A1,0.771988994776284,False
WO-2018226050-A1,0.7142388800945243,False
US-10159487-B2,0.7546088425073415,False
US-10179024-B2,0.7582505111543373,False
US-10206682-B2,0.7536806434110574,False
US-10245069-B2,0.7763209396794136,False
US-2019099209-A1,0.754931597870074,False
US-2019125457-A1,0.7935560758073648,True
US-2019125431-A1,0.8031621668276567,False
US-2019201114-A1,0.781399690647856,False
US-2019201046-A1,0.7317923370366132,False
US-2019200905-A1,0.793048754898388,False
US-2019201140-A1,0.8000531678262933,False
US-2019206555-A1,0.7964984341373126,False
US-2019204201-A1,0.8043366885738766,False
US-2019200981-A1,0.7972533486011862,False
US-2019201136-A1,0.773714360504746,False
US-2019200844-A1,0.7872595247080367,False
US-2019207857-A1,0.7737461918851539,False
US-2019206004-A1,0.7823054136995156,False
US-2019206050-A1,0.7852515832920847,False
US-2019201088-A1,0.7472107842228538,False
US-2019290247-A1,0.76345728719849,False
US-2019307331-A1,0.738471349935206,False
US-10492788-B2,0.7844401528937994,False
US-10517600-B2,0.7498792635589813,False
US-2020000530-A1,0.8042305557914088,False
US-2020015923-A1,0.7931552146804475,False
US-2023363831-A1,0.7993554737661661,False
US-2020015906-A1,0.7878279939315359,False
US-2020015907-A1,0.7871260904319615,False
US-2020015898-A1,0.7767975671119376,False
US-2020015900-A1,0.7786574947956714,False
US-2020015897-A1,0.7823725168483897,False
US-2020015901-A1,0.7865786082820816,False
US-2020015668-A1,0.7180812322662158,False
US-2020015924-A1,0.7872844771447801,False
US-2020015899-A1,0.7931552146804475,False
US-2020015903-A1,0.7931473359763122,False
US-2020015914-A1,0.7737803356173257,False
US-2020015902-A1,0.7899279400069236,False
US-2020015925-A1,0.7558243400568099,False
US-10569071-B2,0.7909496581160906,False
US-2020078109-A1,0.7842646709598566,False
US-2020085516-A1,0.8049509647695593,False
US-10607738-B2,0.7781892951967805,False
US-2020100855-A1,0.8062793679303173,False
US-10639104-B1,0.8030651329203096,False
US-2020170720-A1,0.746993075929615,False
US-2020188041-A1,0.7564217375851751,False
US-2020188043-A1,0.7797032474911217,False
EP-3679851-A1,0.7141242590312263,False
US-2020222146-A1,0.7881785364444771,False
US-10716564-B2,0.775021010984559,False
US-2020229866-A1,0.7494049061931418,True
US-10722301-B2,0.7448627157557773,False
US-10751117-B2,0.7523399938541918,False
US-10779831-B2,0.7430063539812274,False
US-2020297403-A1,0.7528262268259929,False
US-10792034-B2,0.7931552146804475,False
US-2020315723-A1,0.767998523681651,False
WO-2020243432-A1,0.7142388800945243,False
US-10856928-B2,0.8109634191420205,False
US-2020391053-A1,0.7778184102387725,False
US-10925598-B2,0.783672447688465,False
US-2021085410-A1,0.7807281926593242,False
US-11033272-B2,0.7380672885260233,False
US-2021196424-A1,0.784020827184388,False
US-2021196384-A1,0.7860911570817531,False
US-2021196108-A1,0.7817689391579623,False
US-2021196109-A1,0.7954863299486672,False
US-2021199557-A1,0.786407065007503,False
US-2023074951-A1,0.7865665038181755,False
US-2021196383-A1,0.8077668915986773,False
US-2021196385-A1,0.8204036419555346,False
US-2021196381-A1,0.8009169292648869,False
US-2021196423-A1,0.7737255521752996,False
US-2021196386-A1,0.8097852112716843,False
US-11051876-B2,0.7968054124343928,False
EP-3845192-A1,0.7142388800945243,False
EP-3845193-A1,0.7142388800945243,False
US-2021289189-A1,0.7862040213512442,False
US-2021307687-A1,0.7084180831283547,False
US-2022192758-A1,0.798012957505984,False
US-2022218435-A1,0.7881110757003176,False
US-2022395342-A1,0.7406363632510041,False
US-2023015694-A1,0.7464289554069496,False
US-2023098670-A1,0.7834223452204035,False
US-2023096406-A1,0.7834671628422462,False
US-2023097906-A1,0.7834223452204035,False
US-11751877-B2,0.762082502128857,False
US-11864764-B2,0.762082502128857,False
US-2018333207-A1,0.7945126807121955,False
US-12089905-B1,0.763699659650106,False
US-2024252266-A1,0.7759147743168117,False
US-2019069962-A1,0.8098734652825049,False
US-2023301732-A1,0.7756537707974759,False
US-2022031412-A1,0.7693221338062729,False
US-11304760-B1,0.7980992162559646,False
US-11357582-B1,0.800945054961302,False
US-12029434-B1,0.800647828608222,False
US-11389248-B1,0.7927730486075929,False
US-2017151027-A1,0.7854660857361996,False
US-2017312032-A1,0.8000329507251188,False
US-4124026-A,0.7491689458851297,False
US-4359906-A,0.773236881934972,False
US-5014794-A,0.7030086071149992,False
US-5320115-A,0.7836390251009264,False
US-5507211-A,0.7454354863333736,False
US-5799055-A,0.7962944950927874,False
US-6228089-B1,0.7853624397338721,False
US-6236875-B1,0.8000803800011771,False
US-6246200-B1,0.7914185600313292,False
US-6535756-B1,0.7893278352845706,False
US-2003173096-A1,0.6989289222074485,False
US-6711432-B1,0.824711289818077,False
US-6772002-B2,0.7100471193263962,False
US-6785572-B2,0.8000281780022213,False
US-6823207-B1,0.7905572163332671,False
US-6837892-B2,0.8005952611136942,False
US-6866671-B2,0.7558146360052018,False
US-6877239-B2,0.7745975773135246,False
US-2005149050-A1,0.7883047582002277,False
US-6920347-B2,0.7893278352845706,False
US-2005171557-A1,0.8377244508293757,False
US-6947786-B2,0.8016703550104345,False
US-6993374-B2,0.8193545735631113,False
US-2006036264-A1,0.7878307079393727,False
US-7001393-B2,0.7716471664841429,False
US-7048745-B2,0.7757231410998989,False
US-2006142657-A1,0.8139832378526674,False
US-11857201-B2,0.8126419600258583,False
US-7091683-B1,0.6800948230769714,False
US-7104998-B2,0.7635455677416175,False
US-7107883-B2,0.7307338601399334,False
US-7188626-B2,0.7579639851969963,False
US-2007058406-A1,0.7021668553088561,False
US-7194120-B2,0.8109283300263918,False
US-2007093689-A1,0.8144803827706377,False
US-7235076-B2,0.7682428425859303,False
US-2007156157-A1,0.7879202345937875,False
US-2007250078-A1,0.7816435747152671,False
US-2008004634-A1,0.7855046133698295,False
US-7331965-B2,0.7658254379431705,False
US-7338526-B2,0.8144803827706377,False
US-2008058837-A1,0.8144803827706377,False
US-2008071374-A1,0.8144803827706377,False
US-2008108994-A1,0.8144803827706377,False
US-2008114376-A1,0.8144803827706377,False
US-2008147188-A1,0.8144803827706377,False
US-7396357-B2,0.7650445210071807,False
US-2008281332-A1,0.7789040008960438,False
US-7497868-B2,0.8162091752956436,False
US-7542791-B2,0.8025521855478579,False
US-2009182348-A1,0.787443691668492,False
WO-2009092164-A1,0.7142388800945243,False
US-7570791-B2,0.7450356909653033,False
US-7587235-B2,0.7525952742648817,False
US-7607238-B2,0.724622828555482,False
CN-101579269-A,0.7142388800945243,False
US-7630753-B2,0.8028329093396013,False
US-7637929-B2,0.7745058452519515,False
US-7670343-B2,0.795284516401639,False
CN-201422918-Y,0.7142388800945243,False
US-7699877-B2,0.8114238686635808,False
CN-101700184-A,0.7142388800945243,False
US-7725162-B2,0.7996623155353323,False
US-7722530-B2,0.8114238686635808,False
US-2010137871-A1,0.7949706545630124,False
US-7766930-B2,0.7794682795477507,False
CN-201542641-U,0.7142388800945243,False
US-2010204714-A1,0.8005952611136942,False
US-7799036-B2,0.8029877983780261,False
US-2010241129-A1,0.7676739847241182,False
CN-101853333-A,0.7142388800945243,False
US-7822244-B2,0.7719845615248578,False
US-7831292-B2,0.770835138556531,False
US-7835778-B2,0.7875907759103797,False
US-7835784-B2,0.8168759349752779,False
US-7840253-B2,0.8152331542355723,False
US-7853305-B2,0.7644405695459224,False
CN-101700184-B,0.7142388800945243,False
US-2011015649-A1,0.8040206416957505,False
US-2023165649-A1,0.7860168962196101,False
US-7887567-B2,0.7924326198726652,False
US-7900524-B2,0.7258979266627359,False
US-2011066160-A1,0.7763114540190256,False
US-2011092859-A1,0.7872676511837384,False
CN-101579269-B,0.7142388800945243,False
WO-2011063715-A1,0.7142388800945243,False
US-8010181-B2,0.7756316895122064,False
US-8010180-B2,0.8139832378526674,True
US-8010177-B2,0.7838486382781997,False
US-8016835-B2,0.7893543432603951,False
US-8036441-B2,0.7450356909653033,False
US-8046054-B2,0.7935689548481676,False
US-8052688-B2,0.7289868001319965,False
US-8057407-B2,0.7844961484958769,False
US-2011306873-A1,0.8003131044392543,False
US-8100950-B2,0.7554154285710711,False
US-2012046665-A1,0.7797141185635093,False
US-8133234-B2,0.7743536759394485,False
US-8167823-B2,0.7750081657420532,False
US-8182491-B2,0.7878307079393727,False
US-8182469-B2,0.7706255918745056,False
US-8182470-B2,0.7728376802956346,False
US-8206405-B2,0.7744728056170551,False
US-8219178-B2,0.7944565638439135,False
US-8219177-B2,0.7944565638439135,False
US-8241296-B2,0.8041119909544895,False
US-2012209117-A1,0.7701778317163032,False
US-8271066-B2,0.81043060187177,False
US-8277491-B2,0.797148133955072,False
CN-101853333-B,0.7142388800945243,False
US-2012283747-A1,0.7727257710075015,False
US-2022395340-A1,0.7441587510742788,False
US-8311611-B2,0.8072596421869468,False
US-8328852-B2,0.7599625458644844,False
US-8335553-B2,0.7889771482845617,False
US-8337426-B2,0.7860529221056218,False
US-2013004918-A1,0.7914389844760623,False
US-8394144-B2,0.7774716483695526,False
US-8419717-B2,0.7553417990166278,False
US-8425522-B2,0.8058899110070135,False
US-8442677-B2,0.6954645706796267,False
WO-2013075500-A1,0.7142388800945243,False
US-8454583-B2,0.8006177550428245,False
US-8454619-B1,0.7975544348070817,False
US-8469963-B2,0.7862055345891518,False
US-8491603-B2,0.777600721544752,False
US-8500738-B2,0.7362653060925756,False
US-8509503-B2,0.775864869096994,False
US-8518051-B2,0.7829133737360544,False
US-8571638-B2,0.8169383799163136,False
US-8572860-B2,0.7825800452542928,False
US-2013307955-A1,0.7717854337317684,True
US-8615288-B2,0.7689424610702169,False
US-2013345718-A1,0.763878431242358,False
WO-2013192598-A1,0.7142388800945243,False
US-8620473-B2,0.7525205123002687,False
US-8634897-B2,0.7644405695459224,False
US-2014031722-A1,0.7760711715043291,False
US-2014052150-A1,0.7654230760971855,False
US-8657829-B2,0.7677369672184127,False
US-2014058406-A1,0.7821519051522273,False
US-8706185-B2,0.7875907759103797,False
US-8705829-B2,0.7450356909653033,False
US-8709016-B2,0.7767598325539748,False
US-2014135796-A1,0.7644405695459224,False
US-2014135791-A1,0.77616055809486,False
WO-2014077920-A1,0.7142388800945243,False
US-8740885-B2,0.7998787163225433,False
US-8747476-B2,0.8144803827706377,False
US-8758413-B2,0.7628946776282584,False
US-2014180290-A1,0.7927602395646164,False
US-2023063760-A1,0.82438107479752,False
US-2014222012-A1,0.7738371195781951,False
US-8814877-B2,0.8041119909544895,False
US-8814914-B2,0.7943278916868852,False
US-2014257296-A1,0.7794305211754906,False
US-8838205-B2,0.7970463536616871,False
WO-2014138916-A1,0.7142388800945243,False
WO-2014139023-A1,0.7142388800945243,False
US-2014275955-A1,0.7889648374443462,False
WO-2014139024-A1,0.7142388800945243,False
US-8840629-B2,0.8060310659030812,False
US-2014309560-A1,0.7485928156223614,False
US-8864752-B2,0.7553417990166278,False
US-2014316436-A1,0.813601386622739,False
US-8876837-B2,0.7620591395857861,False
US-8900244-B2,0.7857921867740676,False
US-2014360305-A1,0.7368179456039062,False
US-8911429-B2,0.7190463857723929,False
US-2014371577-A1,0.7908406735713476,False
US-2014378999-A1,0.8263033206887925,False
US-2015031985-A1,0.7509216558116328,False
US-2015032164-A1,0.8263033206887925,False
US-8951256-B2,0.7942016699237794,False
US-8961526-B2,0.7942016699237794,False
US-2015066043-A1,0.7334830075043282,False
US-8974460-B2,0.7724577605890955,False
US-8979859-B2,0.7434009737905275,False
US-8992580-B2,0.7868097721729737,False
US-8998909-B2,0.8057312745044766,False
US-2015100066-A1,0.7880569829169984,False
US-9008757-B2,0.7236994941255839,False
US-11844582-B2,0.8165825917660549,False
US-9011456-B2,0.8006475065008736,False
US-2015112344-A1,0.7970463536616871,False
US-9017313-B2,0.8144803827706377,False
WO-2015061638-A1,0.7142388800945243,False
US-2015142372-A1,0.7669448479364503,False
US-9042960-B2,0.7868146605899701,False
US-9044190-B2,0.7669401637458036,False
US-9050108-B2,0.801272835335443,False
US-9056015-B2,0.7599210184384351,False
WO-2015087335-A1,0.7142388800945243,False
US-9066755-B1,0.7790113041118211,False
US-9066751-B2,0.8261079618610844,False
US-2015182285-A1,0.781243319016242,False
US-9078685-B2,0.7944565638439135,False
US-2015196365-A1,0.8053012984664987,False
US-2015196326-A1,0.7868097721729737,False
US-2015202009-A1,0.7544118916758691,False
US-2015209119-A1,0.7722899188282284,False
US-2015209056-A1,0.7854187133863371,False
WO-2015115809-A1,0.7142388800945243,False
WO-2015115807-A1,0.7144032584254854,False
US-9101443-B2,0.7811001431197915,False
US-2015223906-A1,0.7884854382511585,False
US-2015223897-A1,0.7727162750730372,False
US-9107721-B2,0.7741569090445489,False
US-2015238206-A1,0.7957373796147745,False
US-9125556-B2,0.8022547259599069,False
US-9125680-B2,0.7855296133224087,False
US-9131986-B2,0.77796609430032,False
US-9138319-B2,0.8031932507489549,False
US-2015272696-A1,0.8081137577081581,False
US-9149281-B2,0.7905545603843727,False
US-9155544-B2,0.7919874213248335,False
US-12408996-B2,0.7911878293399915,False
US-2015289992-A1,0.7687617997405087,False
US-9161799-B2,0.7957373796147745,False
US-9168154-B2,0.793258717232677,False
US-2015305817-A1,0.7925745978614066,False
WO-2015166487-A1,0.7142388800945243,False
US-2015313684-A1,0.8031932507489549,False
US-2015327948-A1,0.7258109368493793,False
JP-2015533304-A,0.7142388800945243,False
US-9192395-B2,0.7905545603843727,False
CN-105101891-A,0.7142388800945243,False
US-2015335386-A1,0.7944565638439135,False
US-9198731-B2,0.8138217115812152,False
US-2015351860-A1,0.7990735200643108,False
US-9211128-B2,0.8058649680301946,False
CN-105169570-A,0.7142388800945243,False
WO-2015193479-A1,0.7142388800945243,False
US-2015366624-A1,0.7796423749650299,False
US-9220612-B2,0.7808351643275362,False
CN-105208962-A,0.7142388800945243,False
US-2016000512-A1,0.7840920388897131,False
US-9232906-B2,0.7362653060925756,False
US-2016008011-A1,0.8117842673074303,False
US-9240046-B2,0.7420183081046354,False
US-9237861-B2,0.781730322491328,False
WO-2016008880-A1,0.7142388800945243,False
US-9243881-B2,0.7573106526869918,False
US-9241771-B2,0.8053012984664987,False
US-2016030117-A1,0.7742378111719399,False
US-2016038242-A1,0.808966243501167,False
US-2016038238-A1,0.7855296133224087,False
US-9265551-B2,0.7085513999903298,False
US-9271741-B2,0.7208199155747864,False
US-9271779-B2,0.7953107038835904,False
US-9283048-B2,0.7880569829169984,False
US-2016081754-A1,0.788000362454112,False
US-2016081753-A1,0.7799721860968466,False
WO-2016042152-A1,0.7142388800945243,False
US-2016081819-A1,0.7852589679694881,False
US-9295500-B2,0.7727824551231434,False
US-2016089121-A1,0.7572090404538154,False
US-2016095631-A1,0.7456049731373726,False
US-2016095720-A1,0.7996040616530244,False
US-9308050-B2,0.7855296133224087,False
US-2016120612-A1,0.7864719536133153,False
US-9333042-B2,0.7525205123002687,False
US-2016128789-A1,0.8053012984664987,False
US-9339278-B2,0.7803637773840867,False
US-9339345-B2,0.7491580171404383,False
US-9345387-B2,0.8117976370226285,False
US-2016151120-A1,0.8175968964412114,False
US-9358130-B2,0.7886633373385319,False
US-2016157941-A1,0.7688100132755529,False
WO-2016088130-A1,0.7142388800945243,False
US-2016175110-A1,0.793258717232677,False
WO-2016115423-A1,0.7142388800945243,False
US-2016206347-A1,0.7506993734803372,False
US-9398962-B2,0.8152370849604241,False
WO-2016118744-A1,0.7142388800945243,False
US-2016220385-A1,0.7460819809794427,False
US-2016220315-A1,0.778737580325196,False
US-2016220320-A1,0.7820925554664576,False
US-2016228133-A1,0.7803637773840867,False
US-2016235493-A1,0.7179663032045853,False
US-2016235492-A1,0.8009146770521042,False
US-2016235490-A1,0.7851573054880315,False
US-2016242860-A1,0.7525205123002687,False
US-2016242934-A1,0.7933084270003811,False
US-2016256225-A1,0.7923201912044099,False
US-9439675-B2,0.7691532132934443,False
US-9452019-B2,0.7770793172557378,False
US-2016278941-A1,0.7886633373385319,False
US-2016278875-A1,0.7877735562516933,False
US-9456827-B2,0.801272835335443,False
US-9462943-B2,0.7575041657014203,False
US-2016296266-A1,0.7935946397462447,False
US-9468538-B2,0.7686896322860163,False
US-2016310221-A1,0.7994494589874411,False
US-2016310218-A1,0.771088722344168,False
US-9480516-B2,0.7989643563754474,False
US-9491415-B2,0.7717854337317684,False
US-9486227-B2,0.7776419899969507,False
US-9492241-B2,0.8014575881368512,False
US-2016331481-A1,0.8014037949084958,False
US-2016331479-A1,0.8035052553585391,False
US-9519341-B2,0.8024230483504433,False
US-2016374769-A1,0.7806845768649127,False
US-9536309-B2,0.7978918877493838,False
US-9532849-B2,0.7946930748091726,False
US-9532730-B2,0.8041119909544895,False
US-2017000572-A1,0.7891502641096262,False
WO-2017001851-A1,0.7141242590312263,False
US-9539112-B2,0.8065572685696646,False
US-2017007334-A1,0.8011787291082092,False
US-9545280-B2,0.7989643563754474,False
US-9545233-B2,0.8168712814690876,False
US-9549781-B2,0.7250484726268924,False
US-2017020630-A1,0.7732934870509112,False
US-9554864-B2,0.7782536578850764,False
US-9554865-B2,0.7190463857723929,False
US-2017027652-A1,0.7641372230707981,False
US-9561082-B2,0.781243319016242,False
WO-2017023825-A1,0.7142388800945243,False
US-9566122-B2,0.7730249481602294,False
US-9566121-B2,0.7462777805065954,False
US-2017042620-A1,0.8127406961854758,False
WO-2017027331-A1,0.7142388800945243,False
US-9576353-B2,0.7837146253497125,False
US-2017056086-A1,0.7679570882643103,False
US-2017055940-A1,0.7865838205203226,False
US-2017056116-A1,0.8180974370772404,False
US-9585725-B2,0.7972234838174618,False
US-9585768-B2,0.7778784598618464,False
US-9585677-B2,0.7848599768614912,False
WO-2017036340-A1,0.7142388800945243,False
US-2017065432-A1,0.7669355857129008,False
WO-2017037127-A1,0.7142388800945243,False
WO-2017037113-A1,0.7142388800945243,False
US-2017065428-A1,0.7762299333029185,False
WO-2017035592-A1,0.7142388800945243,False
US-9592096-B2,0.7990267620541437,False
US-2017071682-A1,0.7868097721729737,False
US-2017071759-A1,0.793258717232677,False
US-2017071691-A1,0.8232269867952692,False
US-2017071685-A1,0.7946019098781737,False
US-2017079727-A1,0.7727933636166334,False
WO-2017048736-A1,0.7142388800945243,False
US-2017086932-A1,0.7860818201005385,False
US-2017086896-A1,0.7989643563754474,False
US-2017086928-A1,0.7860818201005385,False
US-2017086927-A1,0.7860818201005385,False
US-9622757-B2,0.7573106526869918,False
US-9622779-B2,0.756743378845247,False
WO-2017064719-A1,0.7142388800945243,False
US-2017105846-A1,0.7933221063505569,False
US-9629687-B2,0.8118167734618253,False
US-9636162-B2,0.7862295398218317,False
US-2017119339-A1,0.793486080094939,False
US-2017119472-A1,0.7819486838959082,False
US-2017132789-A1,0.7717854337317684,False
US-9649160-B2,0.7773070471110809,False
US-9649202-B2,0.7740950258432321,False
US-9655649-B2,0.7732667448043261,False
US-2017143429-A1,0.7820578176567305,False
US-2017143426-A1,0.7800239390174,False
US-9662174-B2,0.771656523323022,False
US-9662160-B2,0.7663751135726027,False
US-2017151025-A1,0.7527275230298045,False
US-9668768-B2,0.7731426539710106,False
US-9668875-B2,0.8144803827706377,False
US-2017156816-A1,0.774887645279914,False
US-2017156805-A1,0.7782536578850764,False
US-9675272-B2,0.7882726954381529,False
US-2017178349-A1,0.762775254096316,False
US-2017172762-A1,0.7778784598618464,False
US-2017172669-A1,0.8029033122477099,False
US-9687306-B2,0.7676739847241182,False
US-2017181774-A1,0.7606003325239857,False
US-2017186180-A1,0.7654554185987303,False
US-9693878-B2,0.7813280555971127,False
WO-2017115227-A1,0.7142388800945243,False
US-2017196705-A1,0.7810546845792308,False
US-2017196710-A1,0.7716693195911284,False
US-2017196599-A1,0.7852159053773541,False
US-2017196506-A1,0.7958959041862544,False
US-2017196701-A1,0.779808035295476,False
US-2017196708-A1,0.7958959041862544,False
US-2017196706-A1,0.7810546845792308,False
US-2017196711-A1,0.7557314379414353,False
US-2017196641-A1,0.7913414324996015,False
US-2017196597-A1,0.7824029343027522,False
US-2017202683-A1,0.7762299333029185,False
WO-2017122202-A1,0.7142388800945243,False
US-2017202628-A1,0.7859601234644645,False
WO-2017121874-A2,0.7142388800945243,False
US-2017202629-A1,0.7990267620541437,False
WO-2017123506-A1,0.7142388800945243,False
US-9713499-B2,0.813601386622739,False
US-2017215826-A1,0.7892643604777191,False
US-2017215825-A1,0.7753281935567254,False
US-2017215827-A1,0.7911480344083672,False
US-9724167-B2,0.7418866730518942,False
WO-2017136550-A1,0.7141242590312263,False
US-2017224358-A1,0.8117842673074303,False
US-9734632-B2,0.8085717516211325,False
US-2017231702-A1,0.763878431242358,False
US-2017239007-A1,0.763878431242358,False
US-2017239452-A1,0.7477100282467785,False
US-2017239003-A1,0.7637746220026811,False
US-2017239451-A1,0.7477100282467785,False
US-2017239006-A1,0.763878431242358,False
US-2017239002-A1,0.7637798427073226,False
US-9743971-B2,0.7738371195781951,False
US-9743995-B2,0.7701538955159947,False
US-2017245951-A1,0.763878431242358,False
US-9750510-B2,0.8053012984664987,False
US-9750545-B2,0.7827572473221478,False
US-2017252112-A1,0.763878431242358,False
US-2017252114-A1,0.7923201912044099,False
WO-2017151607-A1,0.7142388800945243,False
US-9757087-B2,0.8028329093396013,False
US-2017261348-A1,0.7648505778262957,False
US-2017258469-A1,0.7881325243527764,False
US-2017258533-A1,0.763878431242358,False
US-2017258535-A1,0.7923201912044099,False
US-2017265774-A1,0.7679232377474068,False
WO-2017123506-A9,0.7142388800945243,False
WO-2017162981-A1,0.7142388800945243,False
US-2017281145-A1,0.7653774536366926,False
US-9782229-B2,0.763878431242358,False
WO-2017177046-A1,0.7142388800945243,False
US-2017290666-A1,0.7872700386387802,False
US-9788966-B2,0.8230367329886805,False
US-2017296276-A1,0.8277265005806548,False
US-2017296274-A1,0.7773070471110809,False
US-9795394-B2,0.8090818133833859,False
US-9795319-B2,0.8102410518584712,False
US-2017312039-A1,0.7727933636166334,False
US-2017316561-A1,0.7577286837067962,False
US-9808318-B2,0.828304729550067,False
US-9814535-B2,0.7868097721729737,False
US-9815206-B2,0.7229014144748359,False
US-2017325892-A1,0.8207572449534565,False
US-2017333136-A1,0.7618079246832913,False
US-2017333137-A1,0.7816621757905302,False
US-12402954-B2,0.7499477433460184,False
US-2017333057-A1,0.8053012984664987,False
US-2017340448-A1,0.8054926976837311,False
US-2017340456-A1,0.7949705675320837,False
US-9833292-B2,0.7855296133224087,False
US-2017348037-A1,0.7286600577800493,False
US-2017354368-A1,0.7958959041862544,False
US-2017354468-A1,0.772822035451235,False
US-2017360493-A1,0.780179354832389,False
WO-2017218423-A1,0.7142388800945243,False
US-2017360575-A1,0.76925230915902,False
WO-2017219208-A1,0.7142388800945243,False
WO-2017219207-A1,0.7142388800945243,False
US-2017367847-A1,0.734191585531632,False
US-2018000543-A1,0.7832124497496108,False
US-2018008324-A1,0.7827152011498366,False
US-2018008353-A1,0.7968170700737985,False
US-2018008358-A1,0.788000362454112,False
US-2018021096-A1,0.788000362454112,False
US-9877793-B2,0.8277265005806548,False
US-2018042684-A1,0.7968170700737985,False
WO-2018031752-A1,0.7142388800945243,False
US-2018042650-A1,0.6713986326358832,False
US-2018049823-A1,0.7626351180292615,False
US-2018049832-A1,0.7684175794545658,False
US-2018078201-A1,0.7958959041862544,False
US-2018078266-A1,0.7872932617660214,False
US-9931059-B2,0.7949706545630124,False
US-2018092757-A1,0.7557314379414353,False
US-2018092648-A1,0.8164825995745038,False
CN-107898594-A,0.7142388800945243,False
WO-2018072003-A1,0.7142388800945243,False
US-2018110573-A1,0.7783729857666811,False
US-2018147018-A1,0.7792594159537621,False
US-9987050-B2,0.765263950401572,False
US-9987092-B2,0.818510901328963,False
US-2018168539-A1,0.8116099925150276,False
US-10004562-B2,0.7925745978614066,False
US-2018185107-A1,0.7653657342188942,False
US-2018193171-A1,0.7931585702354084,False
US-RE46954-E,0.7815271520250191,False
US-2018199951-A1,0.784977612374962,False
US-2018200002-A1,0.7943330728452855,False
US-2018199999-A1,0.8112036750420879,False
US-2018200016-A1,0.784977612374962,False
US-10028800-B2,0.7573106526869918,False
US-10028722-B2,0.7964905454477436,False
US-10034753-B2,0.8061347228804817,False
US-2018214223-A1,0.7829397278141424,False
US-2018221097-A1,0.8014037949084958,False
US-2018250077-A1,0.7632115798232787,False
US-2018250144-A1,0.7458883278841851,False
US-2018256259-A1,0.8312925581017868,False
US-10076385-B2,0.7854187133863371,False
US-2018263714-A1,0.7943330728452855,False
US-2023346478-A1,0.7848077962245275,False
US-10080509-B2,0.8041119909544895,False
US-10080615-B2,0.8127406961854758,False
US-10085786-B2,0.7935946397462447,False
US-2018325608-A1,0.8194010480706205,False
US-2021298795-A1,0.7546207950436383,False
US-2019090966-A1,0.7944469032599376,False
US-2019269469-A1,0.7885268986552774,False
US-11219487-B2,0.7721610325266136,False
US-2008107305-A1,0.7245354569130493,False
US-2011157373-A1,0.724739616624347,False
US-2012154618-A1,0.7282152091160341,False
US-2016191887-A1,0.8017854138924689,False
US-2016324580-A1,0.8025397114953391,True
US-9513113-B2,0.7193124140625525,False
WO-2018226850-A1,0.7142388800945243,False
US-2019339369-A1,0.7021273839927012,False
US-2019348169-A1,0.7760533691249079,False
US-2020372626-A1,0.7322135999915234,False
WO-2021003401-A1,0.7143748803527328,False
US-2020237187-A1,0.7828707726399928,False
US-10758209-B2,0.790261887042223,False
US-11000270-B2,0.7931552146804475,False
US-11625825-B2,0.7828311000503909,False
US-11786106-B2,0.7700798877826978,False
US-3586176-A,0.7109254234157756,False
JP-S6219963-A,0.7142388800945243,False
US-4641271-A,0.7395820476761354,False
US-4676050-A,0.7163601093149633,False
US-4692876-A,0.7215654085266098,False
JP-H03162320-A,0.7142388800945243,False
US-5079699-A,0.757037222664364,False
JP-H04201926-A,0.7142388800945243,False
EP-0507375-A2,0.7142388800945243,False
US-5175692-A,0.7245860253784769,False
US-5501571-A,0.7259232807775343,False
JP-H08118274-A,0.7142388800945243,False
DE-69221658-T2,0.7142388800945243,False
US-5908283-A,0.7271979399996545,False
US-6055462-A,0.7037612922584181,False
JP-2000168958-A,0.7142388800945243,False
CN-1277591-A,0.7142388800945243,False
US-2002057838-A1,0.7260747346678105,False
JP-2002154620-A,0.7142388800945243,False
JP-2002154616-A,0.7142388800945243,False
JP-2003104563-A,0.7142388800945243,False
US-2003110102-A1,0.7237649039140326,False
JP-2003335147-A,0.7142388800945243,False
US-2004120600-A1,0.6931092726561545,False
JP-2004307111-A,0.7142388800945243,False
JP-3586639-B2,0.7142388800945243,False
JP-2005089067-A,0.7141242590312263,False
DE-10352279-A1,0.7142388800945243,False
DE-69730758-T2,0.7142388800945243,False
CA-2472434-A1,0.7142388800945243,False
US-2005246056-A1,0.7139769339418965,False
US-7266422-B1,0.7249941924778156,True
JP-2007291451-A,0.7142388800945243,False
US-2008030497-A1,0.7714026547058517,False
CN-101145051-A,0.7142388800945243,False
US-2008131255-A1,0.7186428370821674,False
US-2008273801-A1,0.7195165092728347,False
US-2009069939-A1,0.7198100269239407,False
US-2009138121-A1,0.7338485120202599,False
US-2010178149-A1,0.740353695984898,False
DE-102009011294-A1,0.7142388800945243,False
DE-102009011300-A1,0.7142388800945243,False
US-2010249989-A1,0.7336135477655295,False
US-2011013809-A1,0.7326582856319721,False
CN-201804260-U,0.7142388800945243,False
EP-2314425-A2,0.7142388800945243,False
US-2011122231-A1,0.731697163814248,False
CN-102556523-A,0.7142388800945243,False
CN-102725703-A,0.7142388800945243,False
US-8290617-B2,0.7251906210140168,False
US-2013163879-A1,0.732453567991499,False
CN-103350908-A,0.7142388800945243,False
US-2013345870-A1,0.7198961109656881,False
CN-103640729-A,0.7142388800945243,False
US-2014180479-A1,0.7382863606199138,False
CN-103988214-A,0.7142388800945243,True
US-2014374216-A1,0.7197255666258568,False
US-2015073588-A1,0.717406727845826,False
CN-102725703-B,0.7142388800945243,False
US-2015166272-A1,0.7159473201645655,False
DE-102014005758-B4,0.7142388800945243,False
DE-102007001263-B4,0.7142388800945243,False
US-9205562-B1,0.7215130759002487,False
US-2016016311-A1,0.7351164984712137,False
US-2016063309-A1,0.7213857986202926,False
US-9315344-B1,0.7138144407049463,False
EP-2769341-B1,0.7142388800945243,False
CN-105691717-A,0.7142388800945243,False
US-9424470-B1,0.7214440456412405,False
US-9457477-B1,0.7317871489093857,False
US-9457970-B1,0.7080236614258368,False
US-2016288330-A1,0.7168315241137573,False
EP-3104313-A1,0.7142388800945243,False
US-2016371850-A1,0.7335618795297305,False
WO-2017018113-A1,0.7142388800945243,False
US-2017080566-A1,0.7283988016277206,False
US-2017134680-A1,0.7221667256021572,False
DE-102016013497-A1,0.7142388800945243,False
JP-2017094428-A,0.7142388800945243,False
US-9688489-B1,0.7333480412545914,False
US-9714145-B1,0.7138144407049463,False
US-2017246744-A1,0.740860641426819,False
CN-103988214-B,0.7142388800945243,False
DE-102017105082-A1,0.7142388800945243,False
US-2017267467-A1,0.7129276160813399,False
US-9866815-B2,0.7513461136427677,False
JP-2018008824-A,0.7142388800945243,False
US-2018060765-A1,0.7142969855041267,False
US-2018065818-A1,0.7118273832680606,False
DE-102017122361-A1,0.7142388800945243,False
JP-2018052691-A,0.7142388800945243,False
CN-107885901-A,0.7142388800945243,True
CN-207374734-U,0.7142388800945243,False
CN-108064197-A,0.7142388800945243,False
JP-2018136896-A,0.7142388800945243,False
DE-112011105151-B4,0.7142388800945243,True
WO-2018194765-A1,0.7142388800945243,False
US-2018304468-A1,0.7395400498638682,False
JP-2018167950-A,0.7142388800945243,False
US-2018312346-A1,0.719494344438132,False
CN-108748136-A,0.7142388800945243,False
CN-108776879-A,0.7142388800945243,False
CN-109132313-A,0.7142388800945243,False
EP-3437807-A2,0.7142388800945243,False
US-2019039237-A1,0.715758487073786,False
CN-109359739-A,0.7142388800945243,False
CN-109353833-A,0.7142388800945243,False
JP-2019025618-A,0.7142388800945243,False
CN-109382822-A,0.7143748803527328,False
DE-102018006465-A1,0.7142388800945243,False
US-2019061151-A1,0.7212122085542573,False
US-10252870-B2,0.725070766573048,False
US-2019114250-A1,0.7200005689173209,False
US-2019143504-A1,0.7245267836704942,False
DE-102018008744-A1,0.7142388800945243,False
JP-2019085213-A,0.7142388800945243,False
US-2019197695-A1,0.7170632277717076,False
US-10335947-B1,0.7311708813450543,False
US-10549928-B1,0.7392928471227104,False
CN-107885901-B,0.7142388800945243,False
US-10618172-B1,0.7302449392579319,True
US-10647528-B1,0.719762499396736,False
US-10679379-B1,0.7307586400664358,False
US-10696494-B1,0.7244626936554713,False
US-10696493-B1,0.7402659894325921,False
CN-112009810-A,0.7142388800945243,False
US-2020377312-A1,0.7244626936554713,False
US-2020376670-A1,0.730220141580853,True
US-2020377311-A1,0.7402659894325921,False
US-10953549-B2,0.730220141580853,False
US-11077554-B2,0.7198717784359167,False
US-2021260762-A1,0.7198717784359167,False
EP-1712205-A2,0.7142388800945243,False
US-2022202497-A1,0.7859326983458199,False
WO-2007092841-A2,0.7142388800945243,False
US-2012291284-A1,0.7588095477295976,False
US-8882847-B2,0.7784063387526402,False
US-8906107-B2,0.8055937364563795,False
US-10085839-B2,0.7961122804229387,False
US-2019175277-A1,0.82389164003529,False
US-2004152972-A1,0.7740551317847172,False
US-11786232-B1,0.7706797259712261,False
US-2023149114-A1,0.7509624912152555,False
US-2018271601-A1,0.790661829559729,False
US-12343218-B2,0.7989684882323134,False
WO-2020086403-A1,0.7142388800945243,True
US-11259876-B2,0.7893715416709319,False
US-2022175453-A1,0.7944681860771521,False
US-2022175452-A1,0.776130182541749,False
US-2022375114-A1,0.7821383179578135,False
US-2024000513-A1,0.7763291179838983,False
US-2022406061-A1,0.7745497238433884,False
US-2004120469-A1,0.7897161119786005,False
US-2010256479-A1,0.7939157882691988,False
WO-2016116946-A2,0.7142388800945243,False
US-2016239632-A1,0.7969057243824287,False
US-2017018082-A1,0.7619736528044971,False
US-2017323443-A1,0.7883413846329372,False
WO-2019180745-A1,0.7142388800945243,False
WO-2019180746-A1,0.7141242590312263,False
US-5299288-A,0.7988913728370881,True
US-2005177169-A1,0.7629941229295408,True
US-2011190774-A1,0.7941994636119594,True
US-2011245833-A1,0.8065622006749832,False
US-2012179070-A1,0.757958249442756,False
US-8615286-B2,0.822852293522399,True
US-2014039454-A1,0.7729820832766399,False
US-2014039517-A1,0.7839178761859844,True
US-2014222023-A1,0.7667120885357527,True
US-2014276949-A1,0.7462777805065954,True
US-8894654-B2,0.7492093016577371,True
US-2022031410-A1,0.794652672799032,False
CN-104287836-A,0.7142388800945243,False
US-2015150616-A1,0.7977846593043216,False
US-9119655-B2,0.784083732754448,True
US-9131597-B2,0.7705613865846495,False
US-9179875-B2,0.7623896259856509,False
US-9314239-B2,0.7890731375741222,True
US-2016331467-A1,0.7953328694859272,True
US-2016354162-A1,0.7747973200338879,False
US-9554838-B2,0.78970464444098,False
US-2017065347-A1,0.8234402625231841,False
US-9603665-B2,0.7852270791390339,True
US-9649164-B2,0.7849453342154914,False
CN-106725711-A,0.7142388800945243,True
WO-2017137087-A1,0.7142388800945243,False
US-2017325845-A1,0.7756269510829064,False
US-9848834-B2,0.8075812049570772,False
US-2018014891-A1,0.8026269942470824,True
US-2018014890-A1,0.8010209654052934,True
US-2018035893-A1,0.7652816205714595,False
US-2018092669-A1,0.7846220361125906,False
US-2018271602-A1,0.8124928720033303,True
US-2018289432-A1,0.8066487753628664,True
US-2018318019-A1,0.7779737706529999,True
US-10130477-B2,0.7661055129496589,True
US-2019069882-A1,0.7499897458395327,False
US-10245087-B2,0.7756269510829064,False
US-2019133663-A1,0.7849540871995346,False
US-2019209011-A1,0.7630418483716636,False
US-2019247057-A1,0.7989593638510406,False
US-2019262078-A1,0.7969326351655611,False
US-10433880-B2,0.7756269510829064,True
US-2019314158-A1,0.7847683943115122,False
US-2019314040-A1,0.786303880735147,True
US-2019336220-A1,0.828465085058914,True
US-2019343640-A1,0.7598692815375969,False
US-10492802-B2,0.7543627384077631,True
US-2020015909-A1,0.7877883172191107,True
US-2020029979-A1,0.7543627384077631,False
US-10548619-B2,0.8133118547059167,False
US-2020054215-A1,0.8109656728572902,False
US-10588645-B1,0.7757153434044364,False
US-2020093611-A1,0.8081191314042582,False
US-2020121404-A1,0.7936244509880198,False
US-2020324408-A1,0.7888857335818287,False
US-5558091-A,0.7213896703846976,False
US-2023109848-A1,0.7443183078017862,False
US-2023095002-A1,0.7443183078017862,False
US-2009216116-A1,0.8191884703669415,False
US-2010056900-A1,0.8081591411381297,False
US-2013317353-A1,0.7707330658379555,False
US-2014266591-A1,0.730390321283262,False
US-2019205820-A1,0.7387377897243921,False
US-2021393344-A1,0.7780771027396768,False
US-2021401507-A1,0.7647390496701915,False
US-2022047745-A1,0.7555192424266709,False
US-2007270685-A1,0.7752581903479123,True
US-8753346-B2,0.7311748718697529,False
US-2016228204-A1,0.788205333125951,False
US-2016338782-A1,0.8032526753907446,False
US-9610689-B2,0.7338575037838677,False
US-2018110572-A1,0.7509756675265246,False
US-2018168750-A1,0.7839144690986534,False
US-2018353248-A1,0.7723664464868855,False
US-2019231446-A1,0.7649036804311371,False
US-2020323540-A1,0.7914643850868356,False
US-2011257653-A1,0.8348574118609157,False
US-2019125459-A1,0.7822733999080177,False
US-2008108873-A1,0.767899786921672,False
US-2009248038-A1,0.7717914496571107,False
US-2020330172-A1,0.7681406963111223,False
US-2011319932-A1,0.7556698472729091,False
WO-2013132501-A1,0.7141242590312263,False
WO-2017098503-A1,0.7142388800945243,False
WO-2017098507-A1,0.7142388800945243,False
US-9901401-B2,0.8040858883571186,False
US-10285765-B2,0.7979023589371407,False
US-2019192259-A1,0.7578837955257074,False
US-2019275323-A1,0.7357045997285468,False
US-2023015516-A1,0.7926736545832896,False
JP-2003335417-A,0.7142388800945243,False
US-2018357552-A1,0.7087754537140747,False
US-2020380722-A1,0.7310328830019308,False
US-2021138651-A1,0.6987341837704721,False
US-2021312706-A1,0.7423439625356846,False
US-2006036162-A1,0.8177757913565,False
EP-2433569-A1,0.7142388800945243,False
JP-2013081110-A,0.7142388800945243,False
US-2014046186-A1,0.7470660759033083,False
US-2015087987-A1,0.7460882398027036,False
US-2018296184-A1,0.7477212758522402,False
US-2019216439-A1,0.7357064218014653,False
US-10832486-B1,0.764525452681575,False
US-2013060146-A1,0.792514237826661,False
US-2013274596-A1,0.7887235863546304,False
US-2015145966-A1,0.7437276882114069,False
WO-2016044934-A1,0.7141242590312263,False
US-2017014203-A1,0.7535597106897323,False
US-2017017069-A1,0.72832291622856,True
WO-2020012479-A1,0.7142388800945243,False
US-2022008139-A1,0.7499477433460184,False
US-2022087749-A1,0.7673173345401479,False
US-2006094958-A1,0.7316416651991468,False
US-12161568-B2,0.7742614127632393,False
US-2016278868-A1,0.8191013148418951,False
US-4887222-A,0.737203073986586,False
US-5704791-A,0.794988721660351,False
US-5769640-A,0.7971048925649593,True
US-6074213-A,0.7715211990074305,False
JP-2000287986-A,0.7142388800945243,False
US-2003029463-A1,0.778142477470289,False
JP-2003150569-A,0.7142388800945243,False
US-6573889-B1,0.7265666512430557,False
EP-1356781-A2,0.7142388800945243,False
US-2003216715-A1,0.7880203806298312,False
US-2004106916-A1,0.7709471196013625,False
EP-1443416-A1,0.7142388800945243,False
WO-2006091494-A1,0.7142388800945243,False
US-7236618-B1,0.7189952378203165,False
JP-2007534351-A,0.7142388800945243,False
CN-101160104-A,0.7142388800945243,False
US-2009017430-A1,0.807178657575483,False
US-2009036775-A1,0.7854855020839756,False
US-2009036902-A1,0.7894372917228345,False
US-2009088634-A1,0.7711303395896365,True
WO-2010039394-A1,0.7142388800945243,False
US-2010191071-A1,0.7713145095303234,False
US-2010248200-A1,0.7923391875305454,False
US-2011046476-A1,0.7911699765960463,False
US-2011267450-A1,0.7164618457674002,False
US-2011295247-A1,0.7812640156608864,False
US-2011305379-A1,0.7960993367980522,False
CN-102362302-A,0.7142388800945243,False
JP-2012065698-A,0.7141242590312263,False
WO-2012065175-A2,0.7142388800945243,False
CN-101160104-B,0.7142388800945243,False
US-2012178069-A1,0.7604026183869518,False
WO-2012158324-A2,0.7142388800945243,False
US-8317744-B2,0.7720600580834465,False
US-2013041368-A1,0.7663231178161422,False
CN-103249368-A,0.7142388800945243,False
JP-2013543764-A,0.7142388800945243,False
US-2013331859-A1,0.8000798689619247,False
US-2014005684-A1,0.7913330141219175,False
WO-2014005139-A2,0.7142388800945243,False
US-2014046128-A1,0.778714889580966,False
US-8663122-B2,0.7545708414597964,False
US-2014081659-A1,0.8227973959023938,False
US-12144558-B2,0.8366091579993407,False
CN-103705306-A,0.7142388800945243,False
US-2014107471-A1,0.7789710868955119,False
US-2014200440-A1,0.7250931401067167,False
US-2014199673-A1,0.7983511691575362,False
CN-103961178-A,0.7142388800945243,False
US-2014228860-A1,0.8255612490925383,False
US-2014276943-A1,0.7851571859441996,False
WO-2014139021-A1,0.7142388800945243,False
US-2014272867-A1,0.8053363173389877,False
US-2014287393-A1,0.7847843473844462,False
US-2014343913-A1,0.8128880052036611,False
CN-104203078-A,0.7142388800945243,False
US-2014379132-A1,0.6969816603680239,False
CN-104271046-A,0.7142388800945243,False
US-8992230-B2,0.7436185206343847,False
CN-104582624-A,0.7141242590312263,False
KR-20150047478-A,0.7142388800945243,False
CA-2929282-A1,0.7142388800945243,False
WO-2015066565-A1,0.7142388800945243,False
CN-104661612-A,0.7142388800945243,False
WO-2015095715-A1,0.7142388800945243,False
US-9161817-B2,0.7703639105088501,False
US-2015298318-A1,0.7311246262527512,False
US-9196176-B2,0.8001846000449845,False
US-2015356252-A1,0.7815360927415648,False
US-9268915-B2,0.7439937901327579,False
US-2016098933-A1,0.7946450232742053,False
US-2016106616-A1,0.7238246477661082,False
US-9341704-B2,0.7299021990486696,False
US-2016157832-A1,0.7298717427844076,False
WO-2016201123-A1,0.7142388800945243,False
US-9652591-B2,0.8030322217552601,False
WO-2017083768-A1,0.7142388800945243,False
US-2018153505-A1,0.7552586638428006,False
US-2018153632-A1,0.8013588034051763,False
US-2018345557-A1,0.7117066003052619,False
US-2019029766-A1,0.8146941637348595,False
US-10912619-B2,0.7953340259979076,False
US-2021186634-A1,0.7953340259979076,False
US-11058501-B2,0.8013588034051763,False
US-2021282804-A1,0.7819483367810078,False
US-2021315650-A1,0.8013588034051763,False
US-2016015471-A1,0.7898755186627137,False
WO-2019030235-A1,0.7142388800945243,False
WO-2021019369-A1,0.7142388800945243,False
US-2021152802-A1,0.726010315835899,False
WO-2021216516-A1,0.7142388800945243,False
CN-113767176-A,0.7142388800945243,False
US-11432828-B1,0.7770976196274594,False
US-11547486-B1,0.8006608518883824,False
US-2023100989-A1,0.7443183078017862,False
US-2004087852-A1,0.7944350483041692,False
US-2007198022-A1,0.7860745279150522,False
US-2008255584-A1,0.7744728056170551,False
US-2008269596-A1,0.8062167560346893,False
US-7796791-B2,0.7705405147317625,False
US-2011130761-A1,0.8165023117299817,True
US-2012041446-A1,0.7860745279150522,False
US-2014134586-A1,0.7528808675748131,False
US-2014343403-A1,0.817870124416865,False
US-2015057756-A1,0.8068980730077516,False
US-2015182292-A1,0.818510901328963,False
US-9603711-B2,0.8055937364563795,False
US-2017119281-A1,0.7604882281092917,False
US-2019298452-A1,0.7584723876684909,False
US-2020138518-A1,0.7995057974006655,False
US-2007293792-A1,0.7635487596255276,False
US-2023023117-A1,0.7764946369815096,False
US-2013023795-A1,0.7209441432785072,False
US-2018000348-A1,0.7868959836650904,False
US-2019167447-A1,0.7839219651995817,False
WO-2019245848-A1,0.7142388800945243,False
US-2024156538-A1,0.8006608518883824,False
US-2021093414-A1,0.8195503270597995,False
US-11571266-B1,0.8121153531427827,False
US-11645531-B2,0.8195503270597995,False
US-2023181258-A1,0.79689593483018,False
US-2023270562-A1,0.7882472434444718,False
US-2010217400-A1,0.8258863695108463,False
US-2022409396-A1,0.80450395167078,False
US-2019105108-A1,0.8462997488782132,False
WO-2020186194-A9,0.7142388800945243,False
WO-2021003275-A1,0.7142388800945243,False
US-2022273281-A1,0.8187830237040774,False
US-2020205898-A1,0.8328550579257508,False
US-11998278-B1,0.8267908372726204,False
US-5594786-A,0.7624954983981567,False
US-2023149116-A1,0.7659094780984024,False
US-5782765-A,0.7845388025928097,False
US-5873822-A,0.7792429938157349,False
US-5967980-A,0.7792429938157349,False
US-6006126-A,0.7631732096722738,True
US-6122541-A,0.7924526146303855,False
US-6127672-A,0.725189048933391,False
US-6272370-B1,0.7581221242537077,False
US-6275725-B1,0.7625957709526983,False
US-6273896-B1,0.7975446559368047,False
US-2001016684-A1,0.8043738002422258,False
US-6282437-B1,0.8060951308507888,False
US-6298262-B1,0.7838830014737909,False
US-6348058-B1,0.7959983588417219,False
US-6402762-B2,0.7953254749880782,False
US-2002077543-A1,0.8206355567949372,False
US-2002087101-A1,0.7872079494709463,False
US-2002147455-A1,0.8205702751199943,False
US-6491699-B1,0.7865003535732327,False
US-2002188194-A1,0.7881703622718101,False
US-6529765-B1,0.7778234081868027,False
US-6546277-B1,0.8143118169344005,True
US-2003069591-A1,0.8109181348832512,True
US-2003095186-A1,0.7158711408698669,False
US-2003120283-A1,0.7490487955233409,False
US-2003130610-A1,0.7589446565845348,False
US-2003159141-A1,0.7789668378699472,False
US-6675040-B1,0.7763084704864733,False
US-6697664-B2,0.8010266531457775,False
US-6837864-B1,0.7688920029191993,True
US-2006064030-A1,0.7882300311284871,False
US-2006089626-A1,0.8007256494736653,False
US-2007081695-A1,0.7121264457813754,True
US-2009046152-A1,0.7169346290212817,False
US-2009105584-A1,0.7592522326924974,False
US-2013033700-A1,0.7692695974591872,False
US-2015045665-A1,0.7934209337033672,False
US-9044162-B2,0.7484833572518,False
US-2016073962-A1,0.7743881081033821,False
US-2017319143-A1,0.7743881081033821,False
US-10499996-B2,0.8082443738129351,False
US-2019380792-A1,0.8218999102203911,True
US-12272017-B2,0.8243793821058966,False
US-2020231356-A1,0.7156998536801832,False
US-2021145608-A1,0.7847977788170739,True
US-4428670-A,0.7182015010064456,False
US-2025031968-A1,0.7246982744502761,False
US-5471988-A,0.7544841911086313,False
US-5662587-A,0.7659138451586716,False
US-2002087048-A1,0.7623504027241632,False
US-6648814-B2,0.7345311985589708,False
US-2006293562-A1,0.7589147173395585,False
US-2007276291-A1,0.7750280236837254,False
US-2009315989-A1,0.7103417876370965,False
US-2010149183-A1,0.7200520374899281,False
US-8069735-B1,0.7059781947691621,False
US-2012041345-A1,0.7753032119450373,False
US-2013144191-A1,0.7224038581652611,False
US-2015011830-A1,0.7481018793000879,False
US-2017164869-A1,0.749147954179465,False
US-2019053848-A1,0.7385391630732145,False
US-2021381823-A1,0.728889378799415,False
US-2022354380-A1,0.7735504961037291,False
US-2022409305-A1,0.7564850923200703,False
US-2010161129-A1,0.720847506196571,False
US-2023200929-A1,0.7729116470269564,False
US-2010228265-A1,0.7823763384154949,False
US-2011015569-A1,0.7632214714402896,False
US-2011202068-A1,0.7855222816702454,False
US-2017071681-A1,0.7744624012019401,False
US-2018317740-A1,0.798697946575732,False
US-6162189-A,0.7624525242560484,False
US-2009011907-A1,0.7139496794724733,False
US-2018290017-A1,0.7396403738934594,False
US-10646768-B2,0.7307889662107011,False
US-2020197123-A1,0.7687844477197464,False
US-11918310-B1,0.79689593483018,False
US-11998281-B1,0.7839904571305066,False
US-12201369-B2,0.784915997879944,False
US-2021059822-A1,0.8236404079414816,False
US-10973590-B2,0.7938352751694049,False
US-2021196404-A1,0.8044236487966646,False
US-11497436-B1,0.8212878351039856,False
US-2021383550-A1,0.7314415380618334,False
JP-7175487-B1,0.7142388800945243,False
US-2022160430-A1,0.7957775066803313,False
US-2024138922-A1,0.7956493675810784,False
US-11350995-B2,0.8231614000300693,False
US-11464573-B1,0.7817477840901335,False
US-2022387110-A1,0.8193700865065808,False
US-2006293558-A1,0.7564391203209834,False
US-2007282344-A1,0.8057035918224091,False
US-2008161680-A1,0.8159797419347016,False
US-2010208064-A1,0.7181645657006789,False
US-2011141140-A1,0.7871103436627841,False
US-2011301447-A1,0.7535440022429439,False
US-8444652-B2,0.7651387978448586,False
WO-2013126780-A1,0.7142388800945243,False
US-2014005542-A1,0.7743347466264217,False
US-2014012138-A1,0.7929919474585668,False
US-2015046818-A1,0.8096024279613135,False
US-2015351967-A1,0.7649344181004648,False
US-2016135816-A1,0.7867278167547682,False
US-2016337182-A1,0.7054278625688666,False
US-2017046833-A1,0.7756345530720997,False
US-2018110398-A1,0.7361676427000509,False
US-10307296-B2,0.7843588416912448,False
EP-3510963-A1,0.7142388800945243,False
US-2019310819-A1,0.7665030724271404,False
US-2019343588-A1,0.7959019991295875,False
US-2019362834-A1,0.7797398291406689,False
US-2019385302-A1,0.7444575470152548,False
WO-2020023740-A1,0.7142388800945243,False
WO-2020037308-A1,0.7142388800945243,False
US-2020138534-A1,0.794769724377803,False
US-10729502-B1,0.7873219645190629,False
US-2020253667-A1,0.8085519728366827,False
US-10758309-B1,0.7893921449222824,False
WO-2020242949-A1,0.7142388800945243,False
US-2021038234-A1,0.7660198915346023,False
US-2021059758-A1,0.7856588078314793,False
WO-2021071988-A1,0.7142388800945243,False
WO-2021071991-A1,0.7142388800945243,False
US-2021128244-A1,0.7934534475253139,False
US-2021161718-A1,0.7538371481221996,False
WO-2021127426-A1,0.7142388800945243,False
WO-2021168408-A1,0.7141242590312263,False
WO-2021203077-A1,0.7142388800945243,False
US-2021307841-A1,0.7854030926114707,False
US-2021315645-A1,0.7861013895649315,False
WO-2021257672-A1,0.7142388800945243,False
WO-2022006041-A1,0.7142388800945243,False
WO-2022006248-A1,0.7142388800945243,False
US-2022031394-A1,0.7671184868373998,False
US-2022092805-A1,0.7476260739897852,False
US-2022095903-A1,0.7648519438702928,False
US-11348257-B2,0.8080014509744589,True
WO-2022159726-A1,0.7142388800945243,False
US-2022296081-A1,0.7689069042834398,False
US-2022383588-A1,0.7772775320303066,False
US-2022392110-A1,0.7512845335309357,False
US-2022415047-A1,0.7186138425288011,False
US-2023005266-A1,0.776671636145885,False
US-2023007982-A1,0.7778138424065452,False
US-2023014135-A1,0.7660198915346023,False
US-2006189864-A1,0.7871467106297377,False
US-2008056433-A1,0.7637108956217579,False
US-2013304429-A1,0.7835833682971326,False
US-9514533-B2,0.7856108467464421,False
US-10813715-B1,0.7429800880244654,False
US-2021093393-A1,0.7905439564929777,False
US-2021220054-A1,0.7933298031197619,False
US-2022087746-A1,0.7969326351655611,False
US-2022370152-A1,0.8338115650137634,False
US-11553969-B1,0.8087706185740682,False
US-11786313-B1,0.7956493675810784,False
US-2015297311-A1,0.7980346627088836,False
US-2017020376-A1,0.7962410190225052,False
US-2019142524-A1,0.8021463014519028,False
US-2019380781-A1,0.7810826119511177,False
US-2020400821-A1,0.7079348142671712,False
US-2015366157-A1,0.7367400448322415,False
US-2018049822-A1,0.7693717332888682,False
US-2023103005-A1,0.7854055019069519,False
US-2019008599-A1,0.7442756395264973,False
US-11457984-B1,0.7965846784069803,False
US-2003135203-A1,0.7541701615839242,False
US-2011071347-A1,0.7939262284858285,False
WO-2011135503-A1,0.7142388800945243,False
US-2013325181-A1,0.7421941605545722,False
US-2014195052-A1,0.708518116948133,False
US-2018153634-A1,0.702106713088997,False
US-2017080565-A1,0.7129047252464396,True
JP-2002185185-A,0.7142388800945243,False
WO-2007086134-A1,0.7142388800945243,False
US-8655488-B2,0.7290592744342178,False
US-9002507-B2,0.7389545763200656,False
CN-105035772-A,0.7142388800945243,True
US-9193070-B2,0.7149519097386772,True
US-9272417-B2,0.73404997630599,True
CN-105857784-A,0.7142388800945243,False
US-9486921-B1,0.7185699624087573,False
US-9492926-B2,0.7270076470617236,True
US-9682481-B2,0.708036438111782,False
US-9776326-B2,0.72149270421428,False
US-9965730-B2,0.7142969855041267,False
US-9984339-B2,0.7168660507508859,True
US-10022867-B2,0.7120302487835628,False
JP-2018158391-A,0.7142388800945243,False
US-10134623-B2,0.7428831151126395,False
US-2019071267-A1,0.7239749632728031,True
US-10227176-B2,0.7303508831055525,False
JP-2019043772-A,0.7142388800945243,False
US-10265856-B2,0.7203760929263143,False
CN-109693903-A,0.7142388800945243,False
US-10289111-B1,0.727527543976447,True
CN-208882863-U,0.7142388800945243,False
US-10296995-B2,0.7120302487835628,False
US-10399227-B1,0.7098591552288447,False
US-10453002-B2,0.7142969855041267,False
US-10456915-B1,0.7379709012243705,False
US-10933527-B2,0.7391396462697806,False
US-10472172-B2,0.7327289038664936,False
US-10576636-B1,0.7044730424742423,False
US-10671088-B2,0.708036438111782,False
US-10723555-B2,0.708136757479045,False
US-10787315-B2,0.7125819624903722,False
US-10846625-B2,0.7142969855041267,False
US-11040453-B2,0.7364093922405307,False
US-11086336-B1,0.7088133910736659,True
US-11157841-B2,0.7168660507508859,False
US-5743918-A,0.782124941170617,False
US-6377839-B1,0.7837005581176771,True
US-2004128026-A1,0.7703666662121444,False
JP-2005312991-A,0.7142388800945243,False
JP-2005334650-A,0.7142388800945243,False
WO-2007030173-A1,0.7142388800945243,False
WO-2007136771-A2,0.7142388800945243,False
WO-2007136769-A2,0.7142388800945243,False
US-2008010706-A1,0.7873921119269228,True
CN-101277657-A,0.7142388800945243,True
JP-2008538184-A,0.7142388800945243,False
JP-2008541990-A,0.7142388800945243,False
CN-101426446-A,0.7142388800945243,True
JP-2009537229-A,0.7142388800945243,False
US-2009306499-A1,0.7666556908800062,True
US-2010094429-A1,0.7865407369111612,False
US-2010153076-A1,0.7827576041852968,False
US-12042230-B2,0.8307682676764566,False
JP-2010524547-A,0.7142388800945243,False
US-7842092-B2,0.7647827980796221,True
US-2011066079-A1,0.7647827980796221,True
US-2011082587-A1,0.7418866730518942,True
US-2011082462-A1,0.7310033858451654,True
JP-2011206180-A,0.7142388800945243,True
CN-102438551-A,0.7142388800945243,True
WO-2012101286-A1,0.7142388800945243,False
US-8475535-B2,0.7765534067924957,False
WO-2013101671-A1,0.7142388800945243,False
US-2013173010-A1,0.7717304991533316,True
US-2013211419-A1,0.7848297098775904,False
US-2013317344-A1,0.8244197248425875,True
US-8681095-B2,0.7188359403632144,True
US-2018350010-A1,0.7278943059362096,False
US-2020321123-A1,0.7528712875674163,False
US-11005661-B1,0.7633273049168274,False
US-11037679-B1,0.769598597345503,False
US-2021192759-A1,0.8080014509744589,False
US-2021287783-A1,0.7607407398756115,False
US-2021290284-A1,0.7463293903390058,False
US-2021369394-A1,0.7597901030536032,False
US-11207133-B1,0.7593139545409165,False
US-11217033-B1,0.7812911681228147,False
US-2022029986-A1,0.7686335316713976,False
US-11270789-B1,0.7176092746398547,False
US-2022167929-A1,0.7697276236345004,False
US-2023057317-A1,0.7445897914382048,False
US-2023143522-A1,0.8112481854081421,False
US-2012323364-A1,0.7588339469749641,False
US-2022183770-A1,0.7812863752293631,False
US-2013226168-A1,0.7748704975305621,False
US-2016246369-A1,0.7251347097428035,False
US-9827060-B2,0.7498973371531135,False
CN-108268129-A,0.7142388800945243,False
US-2020113641-A1,0.7263750259300921,False
US-2021081042-A1,0.7209519297301316,False
US-2021315590-A1,0.7915713196946069,False
US-2022125520-A1,0.8064195464959919,False
US-2022160440-A1,0.7822458010399046,False
US-2022253140-A1,0.7430714150634984,False
US-11537206-B2,0.7060868781347642,False
US-11847426-B2,0.7195897871637681,False
US-2006281550-A1,0.6946506541458344,False
US-2015253854-A1,0.7267077453465478,False
US-2016144404-A1,0.6993989015515403,False
US-2016258758-A1,0.7150030886590764,False
US-2017021762-A1,0.7072767131625302,False
US-2017291319-A1,0.7361025093513699,False
US-2018004291-A1,0.6920903834935382,False
US-2007151390-A1,0.7614530450398993,False
US-2021353373-A1,0.7600061040131852,False
US-2007282358-A1,0.7715753178340485,False
US-2012123441-A1,0.7576670885575685,False
US-2012199632-A1,0.7849486958355507,False
US-2013046317-A1,0.7743880615463417,False
US-2013291654-A1,0.7646583652699371,False
US-2015135832-A1,0.7652288968626121,False
US-2016346513-A1,0.7848584158323938,False
US-2017071688-A1,0.7701892893397536,False
US-2017095234-A1,0.7732985345571929,False
US-2018078249-A1,0.7686553318667041,False
US-2019125354-A1,0.7507558643967901,False
US-2021387337-A1,0.7869194958148746,False
US-2004068187-A1,0.7978239845218766,False
US-2007014452-A1,0.7621027175499396,False
WO-2007009263-A1,0.7142388800945243,False
US-2014303938-A1,0.8418138473114947,False
US-2015238271-A1,0.8088210862609472,False
US-2016210412-A1,0.8462616201395081,False
US-2016302870-A1,0.7787937773478306,False
US-2017333138-A1,0.7841818307406596,False
US-9901404-B2,0.7819162069180482,False
US-2018153624-A1,0.8348574118609157,False
US-2005206583-A1,0.7215472966985789,False
US-2006082542-A1,0.7377884979464423,False
US-7331929-B2,0.7377884979464423,False
US-2014278033-A1,0.7111284145767165,False
US-2015363979-A1,0.7174975972550083,False
US-4979949-A,0.8113252048949786,False
US-2023404684-A1,0.8098574449811665,False
US-11529198-B2,0.773815498096188,False
US-2001052708-A1,0.7124570270521826,False
KR-20080001013-U,0.7142388800945243,False
US-2010239408-A1,0.7304632358773937,False
US-9120230-B2,0.7186468611786118,False
CN-105143075-A,0.7142388800945243,False
US-9498887-B1,0.7234944924679096,False
US-2017113885-A1,0.7265246551330661,False
US-2018290845-A1,0.7293138329232057,False
US-2018297200-A1,0.7171885943330205,False
WO-2019049772-A1,0.7142388800945243,False
JP-2019188600-A,0.7142388800945243,False
US-12390923-B2,0.7122038677476077,False
US-2019344447-A1,0.7341148228708334,False
JP-2019218166-A,0.7142388800945243,False
US-2020047331-A1,0.7283486333487079,False
EP-3623324-A1,0.7142388800945243,False
US-10625430-B2,0.720866050624125,False
WO-2021035062-A1,0.7141242590312263,False
US-2021053230-A1,0.723728033886489,False
WO-2021070076-A1,0.7142388800945243,False
US-11318620-B2,0.7341148228708334,False
US-2022274262-A1,0.7261527317827554,False
US-11584026-B2,0.7320132261605535,False
US-2008077158-A1,0.7880192711070816,False
US-2010073150-A1,0.7390259775553523,False
US-11281296-B2,0.6994815228305049,False
US-2011208256-A1,0.7935347221577482,False
US-2012123418-A1,0.7653495418125889,False
US-2012323244-A1,0.8250192706939311,False
US-2013211421-A1,0.8130383947913054,False
US-2014031664-A1,0.7814413533432657,True
US-2015182288-A1,0.7770678900812873,True
US-2016022374-A1,0.7789710868955119,True
US-2016214255-A1,0.7132682032561742,False
WO-2016205915-A1,0.7142388800945243,False
US-9588583-B2,0.7113230392513538,True
WO-2017204832-A1,0.7142388800945243,False
US-2017340389-A1,0.8307682676764566,True
US-2017360512-A1,0.794472688605134,False
WO-2018103945-A1,0.7142388800945243,False
US-10335236-B1,0.8264975430410364,False
US-11068882-B1,0.7009862796598073,False
JP-H08117238-A,0.7142388800945243,False
US-2008088620-A1,0.7371435486276202,False
US-2009000627-A1,0.8278062495356786,True
US-2009012531-A1,0.8183782870330366,True
US-2013172905-A1,0.7192588593579057,False
US-8498744-B2,0.7719181682085984,False
US-2015324114-A1,0.8187240194882316,False
US-2015320500-A1,0.7958965643222701,False
US-9289264-B2,0.7192588593579057,True
US-2016199136-A1,0.7193362374609363,False
US-2017020613-A1,0.7752581903479123,False
US-9636185-B2,0.7739634569038861,False
US-9655683-B2,0.7192588593579057,False
US-2017151021-A1,0.8172136959891637,False
US-2018014894-A1,0.7894481803602309,False
US-2018116739-A1,0.7900769685380328,False
US-10004565-B2,0.7713217178890561,False
US-2018303568-A1,0.7932170333404025,False
US-2019083191-A1,0.7906099959529026,True
US-2019133791-A1,0.7987656134839392,False
US-10575913-B2,0.7932170333404025,False
US-10610301-B2,0.8172136959891637,False
US-4559936-A,0.7854626510454289,False
US-5078140-A,0.8099095908866973,False
US-5413573-A,0.796010410200658,False
WO-9531148-A1,0.7142388800945243,False
US-5540696-A,0.7730214318256614,False
US-5630431-A,0.8055961401796677,False
US-5682886-A,0.8222943227587525,False
US-5824085-A,0.825260741021884,False
US-6328752-B1,0.8013183864265945,False
US-2002055918-A1,0.804710931367761,False
US-2002082612-A1,0.7735938103585533,False
US-6595997-B2,0.812909708822306,False
US-6685711-B2,0.7952089052001338,False
US-6758850-B2,0.7569169763140337,False
WO-2004070580-A2,0.7142388800945243,False
US-6827723-B2,0.818264096760608,False
US-2004260301-A1,0.7915460775018435,False
US-2022265354-A1,0.79342226934669,False
US-2005020941-A1,0.749584063848858,False
US-6859661-B2,0.817785363599321,False
EP-1518501-A2,0.7141242590312263,False
US-2005113846-A1,0.818264096760608,False
US-2005119661-A1,0.7859343842553802,False
US-2005149040-A1,0.8143697263602026,False
US-2005171545-A1,0.786519564323509,False
US-2005234466-A1,0.830730755495702,False
US-2005251148-A1,0.7625198146527478,False
US-2006015120-A1,0.7794603375909512,False
US-7008362-B2,0.7302492568744032,False
US-2006064043-A1,0.7459218884262379,False
WO-2006078236-A1,0.7142388800945243,False
US-2023087709-A1,0.7924453739340502,False
EP-1690503-A1,0.7142388800945243,False
US-2006200026-A1,0.7773726671866835,False
EP-1226788-B1,0.7142388800945243,False
US-2006241405-A1,0.7842423652278139,False
US-2007073136-A1,0.8284387922395049,False
US-2007123896-A1,0.8081847542992016,False
US-2007179626-A1,0.8042711096897723,False
EP-1755466-B1,0.7142388800945243,False
US-2008004633-A1,0.8048485253680453,False
US-7412897-B2,0.7656551905453187,True
US-2008208081-A1,0.748699011688109,False
US-2008249394-A1,0.8037584516445985,False
US-2008281328-A1,0.7860745279150522,False
US-2008281301-A1,0.797574417763024,False
US-2008281426-A1,0.7840228809814626,False
EP-2007291-A2,0.7142388800945243,False
US-7510557-B1,0.8236548279552148,False
US-7547307-B2,0.8132462157350163,False
US-7591821-B2,0.787879153524793,False
US-7607440-B2,0.7695936369928077,False
US-7618421-B2,0.790383993918349,False
US-7634306-B2,0.8089999437778655,False
EP-2156794-A1,0.7142388800945243,False
US-7670345-B2,0.8092785782240873,False
US-2010063508-A1,0.8116595328897731,False
US-2010064216-A1,0.8116595328897731,False
US-7696899-B2,0.7017392194242793,False
US-2010145344-A1,0.7858316428882683,False
US-7794467-B2,0.8282652160830862,False
US-7809421-B1,0.7546604564936701,False
US-7831295-B2,0.7846536986013127,False
US-2011029091-A1,0.8055937364563795,False
US-2011071530-A1,0.8205702751199943,False
US-2011071528-A1,0.8205702751199943,False
US-7927336-B2,0.764764822385696,False
US-7931655-B2,0.790293974471905,False
US-7945310-B2,0.7832531645872283,False
US-7963913-B2,0.7730633810167113,False
US-8007448-B2,0.8039942025225714,False
US-8038683-B2,0.7769587653930743,False
EP-2384714-A1,0.7142388800945243,False
US-8075317-B2,0.8134622440146067,False
US-2011306986-A1,0.7633792779434582,False
US-2011304332-A1,0.8077364082796021,False
US-8096997-B2,0.7962637665587882,False
US-8109942-B2,0.7724784651813209,True
US-8116847-B2,0.8002296067556851,False
US-8126533-B2,0.8079461816718554,False
US-8160345-B2,0.8059171540577477,False
US-8170888-B2,0.7912655214394081,False
US-8172775-B2,0.7596286342786422,False
US-2012143084-A1,0.7372537461933013,False
US-8197549-B2,0.7605116050274215,False
WO-2012082164-A1,0.7142388800945243,False
US-8257360-B2,0.7794603375909512,False
US-2012226481-A1,0.8205702751199943,False
US-2012226198-A1,0.8205702751199943,False
US-8265949-B2,0.8314715922811793,False
US-8265790-B2,0.8103772421570199,False
US-8277455-B2,0.790414167975713,False
EP-1919390-B1,0.7142388800945243,False
US-8337508-B2,0.8036945850142111,False
US-8357111-B2,0.8136375842401833,False
US-8377129-B2,0.7860301617451781,False
US-8386077-B2,0.7646486862971116,False
US-8382765-B2,0.8068117539498281,False
US-2013072821-A1,0.7522426522993076,False
US-2013085510-A1,0.8056072447733551,False
US-2013123983-A1,0.7243617688010024,False
US-8480679-B2,0.8106403231885486,False
US-8483469-B2,0.8062522642638367,False
US-2013209953-A1,0.7779719870188812,False
US-8521252-B2,0.7791009094759977,False
US-8545509-B2,0.801282215738334,False
US-8548559-B2,0.7723112006310441,False
US-8551023-B2,0.7875150095589712,False
US-8551099-B2,0.7860745279150522,False
US-8626267-B2,0.7843297323190797,False
US-8641726-B2,0.8104390223977836,False
US-2014039520-A1,0.7880192711070816,False
US-2014073907-A1,0.8030697483208923,False
US-8682052-B2,0.7629032578562287,False
US-2014108983-A1,0.8038151124466343,False
US-8707963-B2,0.8082123150654071,False
US-8715291-B2,0.7978322671257653,False
US-2014128727-A1,0.8133937066644797,False
US-8721568-B2,0.816667411481851,False
US-2014188240-A1,0.8102709720162264,False
US-2014189508-A1,0.8070283145641267,False
US-8777875-B2,0.7921541782553981,False
US-8801720-B2,0.8232207170261141,False
US-8801719-B2,0.8232207170261141,False
US-8832019-B2,0.7893901763455592,False
US-8834490-B2,0.8104390223977836,False
US-8845645-B2,0.7720115916976212,False
US-2014296871-A1,0.7951513146993542,False
US-8861818-B2,0.7996544395699843,False
US-8880152-B2,0.7812959651330047,False
US-8885904-B2,0.7368345206245362,False
US-8938282-B2,0.813505189746461,False
US-8951260-B2,0.7968346023828232,False
US-8956355-B2,0.7520055865968508,False
US-8965483-B2,0.795623857289771,False
US-8974468-B2,0.7949706545630124,False
US-2015094736-A1,0.79112331589054,False
US-9002426-B2,0.8183782870330366,False
US-2015106024-A1,0.7900193380778073,False
US-2015105782-A1,0.7644660933211253,False
WO-2015057814-A1,0.7142388800945243,False
US-9101394-B2,0.8175563850905984,False
US-9119722-B1,0.7906323723811552,False
US-9125669-B2,0.7765716435497295,False
US-9168153-B2,0.7890998760102929,False
US-9167989-B2,0.7522426522993076,False
US-9173716-B2,0.7786797900231223,False
US-9186292-B2,0.7867382386582906,False
US-9220510-B2,0.8250192706939311,False
US-2016007836-A1,0.7545363793439325,False
US-9237951-B1,0.7786885349132572,False
US-9241801-B1,0.7965050191789059,False
US-9247998-B2,0.7949234922660878,False
US-9248001-B2,0.8097625566428251,False
US-9262802-B2,0.7992946479831238,False
US-9259290-B2,0.7684097489826606,False
US-9265447-B2,0.7872227022964781,False
US-9271756-B2,0.8090632938524507,False
US-9277968-B2,0.8127852867152626,False
US-9286355-B2,0.807037624497161,False
US-9301812-B2,0.7705852662789539,False
US-9332987-B2,0.7946632380845031,False
US-9406134-B2,0.787075619309899,False
US-2016220175-A1,0.8070170555656143,False
US-9433425-B2,0.7691569553059444,False
US-9439656-B2,0.7968315889727974,True
WO-2016146768-A1,0.7142388800945243,False
US-2016338777-A1,0.8018255911382184,False
US-9517000-B2,0.7812628926148864,False
WO-2016198844-A1,0.7142388800945243,False
US-9532788-B2,0.785207824518722,False
US-9532838-B2,0.7695936369928077,False
US-2017014169-A1,0.7881915401708434,False
US-9549742-B2,0.7842978978544606,False
US-9549782-B2,0.7977551831622318,False
US-9554953-B2,0.782861403580815,False
US-2017042557-A1,0.8165023117299817,False
US-2022125535-A1,0.7857764140129433,False
US-9572682-B2,0.7792684611668719,False
US-2017061375-A1,0.8245322753030988,False
US-9592133-B2,0.7814059260997485,False
US-9597096-B2,0.7989069578682154,False
US-9610134-B2,0.8111449654938393,False
US-9610086-B2,0.8232207170261141,False
US-9639156-B2,0.7083795540675227,True
WO-2017076886-A1,0.7142388800945243,False
US-9684768-B2,0.8287050148991106,False
WO-2017108776-A1,0.7142388800945243,False
WO-2017115235-A1,0.7142388800945243,False
US-9700292-B2,0.8227576566867845,False
US-2017196571-A1,0.7843833981602445,False
WO-2017124043-A1,0.7141242590312263,False
US-9724165-B2,0.8048485253680453,True
US-9737369-B2,0.8070577048378679,False
US-9737311-B2,0.8034673515086145,False
WO-2017147596-A1,0.7142388800945243,False
EP-1841372-B1,0.7142388800945243,False
US-2017258532-A1,0.7766482767126999,False
US-9763683-B2,0.8002161345143296,False
US-9763746-B2,0.7356267829689734,False
US-9782226-B2,0.7939157882691988,False
WO-2017179075-A1,0.7142388800945243,False
US-2017312099-A1,0.7694693577155213,False
US-9808356-B2,0.770939230814174,False
US-2017325973-A1,0.780002596038661,False
US-2017348008-A1,0.8034673515086145,False
US-2017347922-A1,0.795332660348719,False
US-9848896-B2,0.7836303152990949,False
US-9861446-B2,0.7969326351655611,False
US-9888931-B2,0.7997443638965777,False
US-9901463-B2,0.7809491731107667,False
US-9911187-B2,0.773259889945859,False
US-2018064496-A1,0.7742930053204705,False
US-9916421-B2,0.8127449404859778,False
US-9913692-B2,0.8169070847054672,False
US-9913691-B2,0.813828484149429,False
US-2018071049-A1,0.7796870515787304,False
US-2018085135-A1,0.822225578314396,False
US-2018085172-A1,0.7746970065534388,False
US-2018116805-A1,0.7584738255764686,False
US-2018116823-A1,0.7584738255764686,False
WO-2018085694-A1,0.7142388800945243,False
US-2018132949-A1,0.8143882929952388,False
WO-2018085900-A1,0.7141242590312263,False
WO-2018095499-A1,0.7142388800945243,False
WO-2018104704-A1,0.7142388800945243,False
US-2018168762-A1,0.7832664019346219,False
US-2018177512-A1,0.7889677532221042,False
US-10010377-B2,0.7228557595272339,False
US-2018199995-A1,0.7681922346274797,False
US-2018214180-A1,0.7885372052808861,False
US-10052164-B2,0.7682108098380921,False
US-2018250078-A1,0.7914856938039472,False
US-10070973-B2,0.7979418489558135,False
US-10071488-B2,0.7822655533012971,False
US-10070931-B2,0.7748794494398722,False
US-2018256256-A1,0.7898496658714952,False
WO-2018161120-A1,0.7142388800945243,False
US-10076344-B2,0.7770134562555091,False
US-10080616-B2,0.7787881000465685,False
US-10092361-B2,0.8223343223114186,False
US-10102309-B2,0.7903057868244333,True
US-10117658-B2,0.8009838317004164,False
US-2018317898-A1,0.7593850931161961,False
US-10130375-B2,0.76846006590961,False
US-10136952-B2,0.794472688605134,False
US-10136950-B2,0.7858280505035588,False
US-2018338796-A1,0.7762737019702473,False
US-2018344409-A1,0.8147396187565429,True
US-2018368930-A1,0.8086345867107926,False
US-2019000631-A1,0.778701496910752,False
WO-2019006370-A1,0.7142388800945243,False
US-10172687-B2,0.7915641770731036,False
US-10201320-B2,0.7702105181202124,False
WO-2019032828-A2,0.7142388800945243,True
US-10206714-B2,0.8116595328897731,False
US-10206792-B2,0.7959889716934008,False
US-2019066832-A1,0.7832217713539327,False
US-2019069963-A1,0.7809849009911971,False
US-10226261-B2,0.8155401391469942,False
US-10226306-B2,0.8035785104042107,False
US-10231786-B2,0.8223343223114186,False
US-10231739-B1,0.8308117208845545,False
US-10238454-B2,0.7643607219129621,False
US-2019090962-A1,0.7643103770609262,False
US-2019090952-A1,0.8061809026893368,False
US-2019099228-A1,0.7755796955100475,False
WO-2019068194-A1,0.7142388800945243,False
US-2019122330-A1,0.8126413129693167,False
US-2019117156-A1,0.7845045155848311,False
US-2019117407-A1,0.766717747497723,False
WO-2019079634-A1,0.7142388800945243,False
US-10271954-B2,0.7681355726632167,False
US-10272569-B2,0.7606721189865888,False
WO-2019081915-A1,0.7142388800945243,False
US-10278777-B1,0.7969326351655611,True
US-2019133695-A1,0.7719606088192809,False
US-10285683-B2,0.7593850931161961,False
US-2019147128-A1,0.800123000705077,False
US-10307269-B2,0.7765488376750499,False
US-2019175283-A1,0.8259043656275104,False
US-2019201214-A1,0.8226933680542468,False
US-2019201101-A1,0.8215462675461634,False
US-2019200900-A1,0.7621526549517627,False
WO-2019135805-A1,0.7142388800945243,False
US-2019209079-A1,0.7340584340235694,False
EP-3510927-A1,0.7142388800945243,False
US-2019216520-A1,0.8115746921374146,False
US-2019224016-A1,0.7590719701409572,True
US-2019223962-A1,0.7741954918920758,False
WO-2019148154-A1,0.7142388800945243,False
US-10368947-B2,0.7969326351655611,False
US-2019240045-A1,0.7807511083876935,False
US-2019240046-A1,0.7581605684246989,False
US-2019254756-A1,0.7867451303724247,False
US-2019269476-A1,0.7750333686301504,False
US-2019272917-A1,0.786519133572726,False
US-2019274662-A1,0.7223167517004089,False
US-2019274762-A1,0.7865719227160769,False
US-10416624-B2,0.7843762186705561,False
US-10420611-B2,0.7902314347234065,False
US-2019290198-A1,0.7957823443632036,False
US-10426556-B2,0.7691095346222048,False
WO-2019191722-A1,0.7142388800945243,False
US-2019311542-A1,0.8240591895306971,False
US-10441438-B1,0.795049881783915,False
US-10441366-B2,0.7452156531044819,False
US-10452238-B2,0.7926601471693249,False
US-2019325386-A1,0.8245322753030988,False
US-10456166-B2,0.7724947112109946,False
US-10456075-B2,0.7590082942253555,False
US-10463242-B2,0.8068958051284417,False
US-10470838-B2,0.7518159507778231,False
WO-2019224745-A1,0.7142388800945243,False
US-10492798-B2,0.7949397156801302,False
US-10492693-B2,0.7262136822073736,False
US-2019365481-A1,0.8026022670403565,False
US-2019374130-A1,0.7786047034392387,False
WO-2019241516-A1,0.7141242590312263,False
WO-2019245849-A1,0.7142388800945243,False
US-2019388157-A1,0.7967988245467136,False
US-2019388153-A1,0.8121276579971579,False
WO-2019245851-A1,0.7142388800945243,False
US-2020000400-A1,0.8003984656348112,False
US-2020015598-A1,0.7826019066568078,False
US-2020030036-A1,0.8294409696445767,False
US-10548667-B2,0.8023708048754984,False
US-10555777-B2,0.7910651847257354,False
WO-2020033568-A2,0.7142388800945243,False
US-10572733-B2,0.7567863152369386,False
US-2020060773-A1,0.7225781635995041,False
US-2020060772-A1,0.7849562176544185,False
US-10575910-B2,0.7679597508658983,False
US-10595952-B2,0.8039719642754984,False
US-10595887-B2,0.7998186556910422,False
US-10595880-B2,0.7925159574942925,False
WO-2020056443-A1,0.7142388800945243,False
WO-2020065209-A1,0.7142388800945243,False
US-2020100848-A1,0.7654562898613356,False
US-10610315-B2,0.7948974350714086,False
US-10610316-B2,0.7437193980037665,False
US-10610310-B2,0.7965122958740655,False
EP-3334383-B1,0.7143748803527328,False
US-10617479-B2,0.792305523914547,False
US-2020113583-A1,0.7990687610269516,False
US-10624807-B2,0.7912781236888103,False
US-2020129311-A1,0.8078613245569983,False
US-10638970-B2,0.7715080410466052,False
US-10739963-B2,0.7926601471693249,False
US-10765384-B2,0.8118608323241984,False
US-2020305978-A1,0.8029380409998419,False
US-2020305979-A1,0.7954838361708669,False
US-2020352529-A1,0.8119011065244913,False
WO-2020227832-A1,0.7142388800945243,False
US-2022071720-A1,0.8011871970764466,False
US-2023146679-A1,0.7894886041724098,False
US-2021386480-A1,0.7965981870116318,False
US-2013116706-A1,0.7596424834948868,False
US-2023172677-A1,0.7952368122615763,False
US-2014277736-A1,0.7321952888995645,False
US-2017020615-A1,0.7700515743141771,False
US-11596486-B2,0.8110057049946799,False
US-4747393-A,0.7730251527789066,False
US-4903536-A,0.6871606972365152,False
US-5046375-A,0.6914625857275091,False
US-5086401-A,0.7990233592277245,False
US-5142930-A,0.8073101529082913,False
US-5154717-A,0.8113252048949786,False
US-5207114-A,0.6873651268950107,False
US-5230338-A,0.8073101529082913,False
US-5236432-A,0.8110977376894417,False
US-5343385-A,0.7399177427724511,False
WO-9501757-A1,0.7142388800945243,False
US-5383901-A,0.7857016153335673,True
US-5388480-A,0.6944908809368083,False
US-5399951-A,0.7327178248927128,False
US-5408409-A,0.7999604893439302,False
US-5445166-A,0.8061259825533391,False
US-5445144-A,0.741589650199738,False
US-5452941-A,0.7145534054678305,False
WO-9617552-A1,0.7142388800945243,False
JP-H08215211-A,0.7142388800945243,False
US-5551429-A,0.7301226989456084,False
US-5572999-A,0.7742614815412743,False
US-5576727-A,0.7138723777714304,False
US-5587937-A,0.7277782040308216,False
US-5611353-A,0.7793129752510944,False
US-5625576-A,0.7254900411698427,False
US-5638819-A,0.7632874268251609,False
US-5676673-A,0.7739132835409887,False
US-5688280-A,0.7788903196962628,False
US-5694013-A,0.7269690063542369,False
US-5695500-A,0.8055961401796677,False
JP-H09330016-A,0.7142388800945243,False
US-5701140-A,0.7182019199214794,False
US-5727554-A,0.7802595350144325,False
US-5792147-A,0.8058770518243817,False
US-5806518-A,0.7878989496702958,False
US-5831408-A,0.7300060307089387,False
US-5855553-A,0.781620632120522,False
US-5871018-A,0.8222943227587525,False
US-5887121-A,0.7543667425438251,False
US-5888220-A,0.7699013290262743,False
US-5898599-A,0.727013771707145,False
US-5928137-A,0.7758530810600442,False
US-5950629-A,0.805484246308244,False
US-5971997-A,0.7670943925438017,True
US-5978696-A,0.7899317284780666,False
US-5976156-A,0.8055961401796677,False
US-5980535-A,0.783879474381258,False
US-5984930-A,0.8023246004152637,False
US-5987960-A,0.7384061224044494,False
US-6006127-A,0.8119906772209731,False
US-6017305-A,0.7775775196295206,False
US-6033415-A,0.7814605574451317,False
WO-0035336-A2,0.7142388800945243,False
US-6084587-A,0.6908631175633412,False
US-6104158-A,0.7300060307089387,False
US-6109270-A,0.7819954153541707,False
US-6111577-A,0.7087283794639179,False
JP-2000279425-A,0.7142388800945243,False
US-6147674-A,0.7091869689384226,False
US-6161032-A,0.7663550068721658,False
EP-1059067-A1,0.7142388800945243,False
US-6188728-B1,0.6823443282057686,False
US-6191796-B1,0.7174512996444804,False
US-6205411-B1,0.7979532218100048,False
US-6219032-B1,0.6987148651259295,False
US-6223100-B1,0.7450007130645611,False
US-6226566-B1,0.7543667425438251,False
US-6231526-B1,0.8055961401796677,False
US-6233504-B1,0.7554936566279035,False
US-6259806-B1,0.7560020341684809,False
US-6285902-B1,0.8024123955590577,False
US-2022211451-A1,0.7653657342188942,False
US-6288705-B1,0.6967923214188179,False
US-6292174-B1,0.6913420664158341,False
US-6300936-B1,0.6898378624690669,False
US-2001034530-A1,0.8015847252693057,False
US-2001037064-A1,0.7880446632557431,False
US-2001039422-A1,0.7884968741009925,False
US-2001041838-A1,0.7954427889011989,False
US-6322567-B1,0.7970184878482786,False
US-6322467-B1,0.7010449821548976,False
US-6325808-B1,0.8015489146846785,False
US-6337994-B1,0.7661439320924575,False
EP-1184684-A2,0.7142388800945243,False
US-2002035321-A1,0.8010127291119747,True
WO-0224051-A2,0.7142388800945243,False
US-6366273-B1,0.7162701996318407,False
US-6369834-B1,0.7087283794639179,False
JP-2002102251-A,0.7142388800945243,False
US-6377011-B1,0.7406338672786092,False
US-6385509-B2,0.7554936566279035,False
US-6385475-B1,0.7824075345080199,False
US-6393340-B2,0.7484390980569758,False
US-2002062177-A1,0.6939456027761055,False
US-6405158-B1,0.7273353595726947,False
US-6405072-B1,0.7881703622718101,False
US-6417638-B1,0.7317575464856574,False
US-6421048-B1,0.7255121129216727,False
US-6424885-B1,0.7441176308170565,False
US-6430434-B1,0.7678842755257314,False
US-2002108054-A1,0.6929386464273524,False
WO-02061371-A1,0.7142388800945243,False
WO-02060653-A2,0.7142388800945243,False
US-2002107521-A1,0.7287981107545669,False
US-6434416-B1,0.7753028219765911,False
US-2002120188-A1,0.7847495708555328,False
US-6443894-B1,0.7589437294703023,False
US-6466815-B1,0.7591780209787355,False
US-6468265-B1,0.7921497819714851,False
JP-3342969-B2,0.7142388800945243,False
US-6484118-B1,0.7641654550532894,True
US-6493608-B1,0.778142477470289,False
US-6494039-B2,0.7095629639481712,False
US-6522906-B1,0.7972311424251708,True
JP-2003053684-A,0.7142388800945243,False
US-6533737-B1,0.8126141528319005,False
US-6547782-B1,0.8055961401796677,False
US-6552722-B1,0.7371435486276202,False
US-6551325-B2,0.7686299647306838,False
US-2003093103-A1,0.7650869986806369,False
US-2003112281-A1,0.7102212459281664,False
US-6583161-B1,0.7304784557462353,False
WO-03077101-A2,0.7142388800945243,False
US-2003187351-A1,0.80420513435123,True
US-2003195664-A1,0.7696598221126596,True
US-6642686-B1,0.7392099437262606,False
US-2003209096-A1,0.7669604374052253,False
US-6671651-B2,0.7419702635851054,False
US-6674916-B1,0.7486512374569894,False
EP-1380266-A1,0.7142388800945243,False
US-2004009459-A1,0.8005619373256491,True
US-2004012806-A1,0.7048294364418966,False
US-2004024311-A1,0.7586975239883985,False
US-6690964-B2,0.8159039863502623,False
US-6692485-B1,0.7337991924795144,False
US-2004034302-A1,0.772661969565146,False
US-2004034283-A1,0.7584537114295534,False
US-2004034282-A1,0.7915808487990708,False
US-6701174-B1,0.8113993464219026,False
US-6704694-B1,0.7295488541988623,False
US-6711431-B2,0.7914390571589586,False
JP-2004513684-A,0.7142388800945243,False
US-2004102866-A1,0.8342529833943032,False
WO-03007101-A3,0.7142388800945243,True
US-6750877-B2,0.6890242625068099,False
US-6748819-B2,0.699872825386556,False
US-2004115606-A1,0.7882287833264313,False
US-6757582-B2,0.7456556610646522,False
US-2004127788-A1,0.7792417767837726,False
US-2004143243-A1,0.794600689598906,False
US-2004157188-A1,0.773272346170654,False
US-6778850-B1,0.801464624300438,False
WO-2004070573-A2,0.7142388800945243,False
WO-2004069041-A2,0.7142388800945243,False
WO-2004070581-A2,0.7142388800945243,False
WO-2004069036-A2,0.7142388800945243,False
WO-2004069040-A2,0.7141242590312263,False
US-2004167654-A1,0.7805673850677,False
US-2004171924-A1,0.8025521855478579,False
US-2004172044-A1,0.8221252098630621,True
US-6786896-B1,0.7416100000536512,False
WO-2004075987-A1,0.7142388800945243,False
US-6801801-B1,0.8037883868374859,False
US-6810281-B2,0.7847495708555328,False
US-6816148-B2,0.6913420664158341,False
US-2004242993-A1,0.7955598856028936,True
US-6831640-B2,0.7371435486276202,False
US-2005001831-A1,0.7371435486276202,False
US-6845691-B2,0.6983629708486402,False
US-6850794-B2,0.7980169224798751,False
WO-2005009215-A2,0.7142388800945243,False
US-6853965-B2,0.7273353595726947,False
WO-2005013841-A1,0.7142388800945243,True
US-2005053200-A1,0.8250516850318961,True
US-2005062738-A1,0.752064276708395,False
US-2005093821-A1,0.7346945184770816,False
US-6894678-B2,0.6960786144658319,False
US-2005107801-A1,0.8001036231129094,False
US-2005113677-A1,0.8067663787784523,False
US-2005154471-A1,0.7645430740512644,False
US-2005165489-A1,0.7644034802025103,False
WO-2005072629-A1,0.7142388800945243,False
US-2005193451-A1,0.7944248506775496,True
US-2005197800-A1,0.7419702635851054,False
US-2005203384-A1,0.8131946834084575,False
US-2005215888-A1,0.7663310857423407,True
US-2005215879-A1,0.7454616206940639,False
US-2005222830-A1,0.7271552984650874,False
US-2005217394-A1,0.7088372953228981,False
CN-1684729-A,0.7142388800945243,True
WO-2005120380-A1,0.7142388800945243,False
WO-2005122916-A1,0.7142388800945243,False
US-6985133-B1,0.7317575464856574,False
WO-2006004894-A2,0.7142388800945243,False
US-6987504-B2,0.7172802224298187,False
US-2006033707-A1,0.7317575464856574,False
US-7001346-B2,0.8117403162851977,False
US-2006058616-A1,0.8065034810253608,False
US-2006084867-A1,0.8155116248149797,False
US-7035716-B2,0.770282941989784,False
US-7039866-B1,0.7001533027153598,False
US-2006109266-A1,0.7150848212815498,False
US-2006133827-A1,0.7014555156642707,False
US-2006207419-A1,0.684874090525694,False
US-7131073-B2,0.7072941348420003,False
US-2006265179-A1,0.7033209319823583,True
US-2006293598-A1,0.7590620430365723,False
US-7168042-B2,0.6981174228530053,False
US-7199790-B2,0.7008666974520487,False
US-7206626-B2,0.7586975239883985,False
US-7206627-B2,0.772661969565146,False
US-2007142751-A1,0.7139568274108906,False
WO-2007117297-A2,0.7142388800945243,False
US-2007260140-A1,0.7949570814594162,False
US-2008010705-A1,0.7944541353062201,False
US-7331436-B1,0.7106497832033429,True
US-2008058945-A1,0.7838023908687785,False
US-2008125637-A1,0.7726298559749533,True
EP-1574186-B1,0.7142388800945243,True
US-2009000626-A1,0.8107103664874934,False
US-2009012532-A1,0.8096104093839176,False
US-7491198-B2,0.7814856971058314,False
US-7660623-B2,0.7867244186965212,False
US-7717932-B2,0.783540376674423,False
US-2010137882-A1,0.7584537114295534,False
US-7742804-B2,0.8216553246968313,False
US-7747311-B2,0.7584537114295534,False
US-2010170362-A1,0.68544965629096,False
US-2010198219-A1,0.7822127278739858,False
US-7774044-B2,0.801197576461339,False
US-2010225209-A1,0.7846147053446484,True
US-2011270120-A1,0.7315136183027108,False
US-8095200-B2,0.7915808487990708,False
US-2012176306-A1,0.7113230392513538,False
US-8391954-B2,0.7584537114295534,False
US-2013096573-A1,0.8088731011963556,False
US-2013096574-A1,0.8092981963313887,False
US-12310671-B2,0.7705139054564991,False
US-8571628-B2,0.7139568274108906,False
US-2014350571-A1,0.7990267620541437,False
US-8911499-B2,0.8278062495356786,False
US-2016097676-A1,0.6916654326446097,False
US-2016124022-A1,0.7245623239641165,True
US-2016153777-A1,0.731588175071577,True
US-2016155097-A1,0.7264612547606707,True
US-9492237-B2,0.7752581903479123,False
US-10028789-B2,0.7944541353062201,False
EP-1871267-B1,0.7142388800945243,True
US-10231790-B2,0.8107103664874934,True
US-10350012-B2,0.7752581903479123,True
US-2019290367-A1,0.7654384535105728,True
US-10952796-B2,0.7841818307406596,True
US-2021128253-A1,0.8045876909574089,False
US-11123143-B2,0.7752581903479123,True
US-2021361362-A1,0.8119510425477725,True
US-2016183913-A1,0.7860154550186681,False
US-2018168732-A1,0.7852488637116212,False
US-9718188-B2,0.7283988016277206,False
US-9802317-B1,0.7211386037304978,False
US-9880561-B2,0.731659242484319,False
US-2021302971-A1,0.7268836765231673,False
US-2021339399-A1,0.7356406254305085,False
US-2023381959-A1,0.7345036306505989,False
US-11833684-B2,0.7353488544038526,False
US-2024157552-A1,0.7345036306505989,False
US-2005065617-A1,0.8037954836233787,False
US-2006258938-A1,0.7739380042358431,False
US-2009192524-A1,0.7365462714093802,False
US-8248413-B2,0.7853431728818465,False
US-2018071050-A1,0.77025406953356,False
US-10064686-B2,0.8237670668017731,False
EP-3453355-A1,0.7142388800945243,False
WO-2020223312-A1,0.7142388800945243,False
US-2004147318-A1,0.6946906060292996,False
US-2011109198-A1,0.689932216615113,False
US-2012326999-A1,0.703422391433298,False
US-2013264973-A1,0.6716201299630944,False
US-2015227204-A1,0.6987743251896578,False
US-9358689-B2,0.7014230571820105,False
US-2016276972-A1,0.7061235349552748,False
US-2016284173-A1,0.7036278302993144,False
US-2016334872-A1,0.6963084617460239,False
KR-20170015405-A,0.7142388800945243,False
US-2017133966-A1,0.6818915634483593,False
US-2017256145-A1,0.703495422855171,False
US-9792501-B1,0.7308821398541069,False
WO-2017189928-A1,0.7143748803527328,False
US-10097126-B2,0.7061235349552748,False
US-2019385420-A1,0.6904880778061082,False
US-2020306795-A1,0.6817830755032382,False
US-10868486-B2,0.6977290262274856,False
US-2021160364-A1,0.6955550291430738,False
US-11132062-B2,0.6954185937902321,False
US-2021365123-A1,0.6953024745385917,False
US-2024004472-A1,0.7010365323067232,False
US-5607158-A,0.7038044344151101,False
US-12433698-B2,0.7830450625303121,False
US-6594552-B1,0.7696598221126596,False
US-9326767-B2,0.7636412569880378,False
US-9681921-B2,0.7936233787284964,False
US-9696700-B2,0.7312876915228923,False
US-10198086-B2,0.7240978230203563,False
US-11058503-B2,0.7762910804180614,False
US-2009157092-A1,0.7646583652699371,False
US-2023225817-A1,0.7711390897807767,False
US-7752920-B2,0.7644029324775007,False
US-8281670-B2,0.7644029324775007,False
US-2014128885-A1,0.7173112258728543,False
US-2014148729-A1,0.7855625033464417,False
US-2017265980-A1,0.7884820325624531,False
US-2018092703-A1,0.757967908726923,False
US-2019099231-A1,0.7465951596383414,False
US-2020345435-A1,0.7734550923886141,False
US-2021196268-A1,0.78994599886808,False
US-2021310885-A1,0.7060800046957989,False
US-11650111-B2,0.7646583652699371,False
JP-H06294630-A,0.7142388800945243,False
US-8098234-B2,0.6932942975935602,False
RU-2461865-C2,0.7141242590312263,False
CN-103257783-A,0.7142388800945243,False
CN-103607395-A,0.7142388800945243,False
US-8717151-B2,0.7061511928559667,False
CN-104922899-A,0.7142388800945243,False
RU-2571552-C2,0.7141242590312263,False
US-9291544-B1,0.744575588051678,False
US-2017032630-A1,0.6954845381015118,False
US-10067566-B2,0.6990481966797464,False
US-2020076866-A1,0.7040768900330551,False
US-2020241643-A1,0.7056060273031706,False
US-10775894-B2,0.72460056459521,False
US-11003252-B2,0.6884669965306768,False
US-9949798-B2,0.7891131678515158,False
US-4841975-A,0.7998041134258388,False
US-2007255288-A1,0.8137717202185722,False
US-2011282473-A1,0.8059171540577477,False
US-8234097-B2,0.8019203141679123,True
US-2014013565-A1,0.8144901074725908,False
US-2014078139-A1,0.7939157882691988,False
US-9364291-B2,0.7827576041852968,True
US-9770172-B2,0.7382139327795229,False
US-2019142520-A1,0.8123352185418314,True
US-2005270029-A1,0.7380596074559218,False
US-2014081136-A1,0.7399290641273871,False
WO-2017106294-A2,0.7142388800945243,False
US-2018233222-A1,0.795888372994552,False
US-2018360544-A1,0.8113010619315817,False
EP-3503111-A1,0.7142388800945243,False
US-2005283137-A1,0.7817014894461086,False
US-2008243141-A1,0.800577676388568,False
US-2015123769-A1,0.7690198390659946,False
US-2019216559-A1,0.7851430903391637,False
US-2019262084-A1,0.798012957505984,False
US-11410769-B1,0.7692620695080022,False
US-2013060278-A1,0.8010788883365766,False
US-2016278754-A1,0.7593850931161961,False
US-2018168781-A1,0.7656053600435052,True
US-11346086-B1,0.7227332108947134,False
US-2022273396-A1,0.7499919870427185,False
US-2022412051-A1,0.7155487078017071,False
US-2022413495-A1,0.7080964953380406,True
US-2025281802-A1,0.728638271645576,False
US-2021150101-A1,0.7126701630424254,False
US-11472640-B2,0.719762499396736,True
JP-H05114799-A,0.7142388800945243,False
JP-2000255965-A,0.7142388800945243,False
US-2007280812-A1,0.7393309997958586,False
US-2014025198-A1,0.7389545763200656,False
WO-2016142981-A1,0.7142388800945243,False
JP-2018012176-A,0.7142388800945243,False
JP-2018103317-A,0.7142388800945243,False
US-2019228371-A1,0.731430764088109,False
US-2019367275-A1,0.7601395751498125,False
WO-2020092452-A1,0.7142388800945243,False
US-2020206952-A1,0.7211358117440305,False
JP-2020192648-A,0.7142388800945243,False
JP-2021030431-A,0.7142388800945243,False
US-2021170597-A1,0.7217538664232113,False
CN-113021401-A,0.7142388800945243,False
US-2021221002-A1,0.7240673966135638,False
US-2021316449-A1,0.7251095444980292,False
US-2022134559-A1,0.7250093346619083,False
US-2022152845-A1,0.7242111854938179,False
US-2022383538-A1,0.7101428524055209,False
US-2024308081-A1,0.7366261320231599,False
US-2018360543-A1,0.8303600072460561,False
US-2019146458-A1,0.8006794925468298,True
US-2020273581-A1,0.7947513037613544,False
US-9750577-B2,0.7446465956303316,False
US-2010076563-A1,0.7920635182296585,True
US-2013203031-A1,0.8237670668017731,False
US-10327848-B2,0.7877123740086335,False
US-2020405403-A1,0.7670735415386679,False
US-12090629-B2,0.7568302641553843,False
US-10959786-B2,0.813936635542102,False
US-5402801-A,0.8055961401796677,True
US-5766016-A,0.7630564931315598,False
US-5854634-A,0.7330590320671271,True
US-5995738-A,0.7725457937371283,True
US-6113395-A,0.7771415375196873,False
US-6120433-A,0.8050164973775816,False
US-2001002830-A1,0.7735293609502661,False
US-2001005815-A1,0.709712856632528,False
WO-0200131-A1,0.7142388800945243,True
US-2002038085-A1,0.7356967320681702,True
US-2002107522-A1,0.7981483762456866,True
WO-02061688-A2,0.7142388800945243,False
US-2002133174-A1,0.7958371123230358,True
US-6499488-B1,0.7844961484958769,False
WO-03007101-A2,0.7142388800945243,True
US-2003128187-A1,0.7009016467564309,False
US-6611141-B1,0.7239422634241673,False
US-2003208122-A1,0.7864364625411446,False
US-2003208296-A1,0.7457608640474112,False
US-6665554-B1,0.8228442777751793,False
US-6676669-B2,0.7958371123230358,True
US-6702821-B2,0.8169466558432317,True
WO-03077101-A3,0.7142388800945243,False
US-6770078-B2,0.8169466558432317,True
WO-2004070577-A2,0.7142388800945243,False
US-2005013477-A1,0.7458007994494515,False
US-2005027397-A1,0.7749064460893693,False
US-2005137599-A1,0.8233365543811327,False
EP-1574186-A1,0.7142388800945243,False
US-2005203539-A1,0.808436801227446,True
US-2005203536-A1,0.7910629924698647,True
WO-2005091220-A1,0.7142388800945243,True
US-2006098851-A1,0.7970463536616871,False
WO-2006004894-A3,0.7142388800945243,True
US-7104996-B2,0.8169466558432317,True
US-7225115-B2,0.7032928238939018,False
AU-2007254159-A1,0.7142388800945243,False
US-2008004632-A1,0.785572320305076,False
US-7605800-B2,0.6993013644796077,False
US-7683565-B2,0.7003729717718311,True
US-2011082468-A1,0.7841674687663382,False
US-7947050-B2,0.7856687192109187,False
US-7947051-B2,0.800889189029694,True
US-7974677-B2,0.8025521855478579,True
US-7996110-B2,0.7653138822167947,False
US-8005571-B2,0.785572320305076,True
US-2011213383-A1,0.800889189029694,True
US-2012109152-A1,0.7915808487990708,True
US-8287522-B2,0.7873921119269228,False
US-2013053648-A1,0.7685648277421443,False
US-8996169-B2,0.7958814783962843,False
US-9775681-B2,0.8139832378526674,False
US-9801686-B2,0.7958965643222701,True
US-10441364-B2,0.7192588593579057,False
US-2020030043-A1,0.7949284087802326,False
US-10722318-B2,0.7685648277421443,False
US-2021128260-A1,0.7729255971205845,False
US-6209886-B1,0.7209492136428185,False
US-2015201949-A1,0.7590599598956084,False
US-10456207-B2,0.7509756675265246,False
US-2020030045-A1,0.7175701627336327,False
US-2020093555-A1,0.7538423137118256,False
US-2022039886-A1,0.8166530437065412,False
US-11298197-B2,0.8166530437065412,False
US-2022233258-A1,0.8166530437065412,False
KR-0160705-B1,0.7142388800945243,False
DE-10351669-A1,0.7142388800945243,False
US-2011172818-A1,0.7101210814274411,False
US-2011270443-A1,0.7064847427523065,False
US-2014277722-A1,0.7384281247093649,False
US-2018144503-A1,0.7287648624433335,False
EP-3705239-A1,0.7142388800945243,False
US-2020398435-A1,0.7305848239730124,False
US-2021197378-A1,0.7313727951263083,False
US-2022262084-A1,0.7346374255244502,False
US-2022096164-A1,0.7644615283490408,False
US-2022375620-A1,0.7802263647626324,False
US-11684488-B2,0.7882472434444718,False
US-2005038442-A1,0.7955162645731405,False
US-2007244488-A1,0.8025397416661418,False
US-2010198275-A1,0.7677933538046435,False
US-2010217156-A1,0.7797566402879754,False
US-2010249659-A1,0.7640100096960348,False
US-2010249658-A1,0.7875150095589712,False
US-2010250571-A1,0.7979489036930395,False
US-2012096954-A1,0.7666750187232804,False
US-8211041-B2,0.7797566402879754,False
US-2012232429-A1,0.7797566402879754,False
US-8323290-B2,0.8025397416661418,False
US-2013103038-A1,0.7797566402879754,False
US-2013226036-A1,0.7481107420227489,False
US-2014094715-A1,0.7209441432785072,False
US-2014275792-A1,0.7961404679996648,False
US-2015342588-A1,0.7168844267917815,False
WO-2015184135-A1,0.7142388800945243,False
US-9351850-B2,0.7797566402879754,False
US-9538953-B2,0.7875150095589712,False
US-2017245872-A1,0.816667411481851,False
WO-2018031659-A1,0.7142388800945243,False
WO-2019224488-A1,0.7142388800945243,False
US-2019358056-A1,0.7815288102106674,False
US-2019388078-A1,0.727439679167789,False
WO-2020033579-A1,0.7142388800945243,False
US-2020060666-A1,0.7754053294707345,False
US-2020305943-A1,0.8180137010950558,False
US-10874525-B2,0.7815288102106674,False
US-2021059656-A1,0.7843613484465829,False
US-11000382-B1,0.7631068323452072,False
WO-2021163276-A1,0.7142388800945243,False
WO-2021222216-A1,0.7142388800945243,False
CN-113796902-A,0.7142388800945243,False
US-11253246-B2,0.727439679167789,False
US-2022096248-A1,0.8021378331531109,False
US-2022110620-A1,0.7816238139035869,False
CN-114945330-A,0.7141242590312263,False
US-2022287754-A1,0.8477747021895956,False
US-2022354512-A1,0.816667411481851,False
US-11612503-B1,0.7765236748068319,False
US-11612421-B1,0.7161903865574226,False
US-2023121067-A1,0.7435677549887484,False
US-2023285014-A1,0.7344329138075846,False
US-4995875-A,0.7767553997219867,False
US-5380311-A,0.7376344250920508,False
DE-202010000341-U1,0.7142388800945243,False
US-8162951-B2,0.7615258724964424,False
US-2014005555-A1,0.7971900489418784,False
US-2018132839-A1,0.7715834124718242,False
US-6016385-A,0.7418901282380519,False
US-6126373-A,0.7250304240506485,False
US-2002133264-A1,0.7352689990976481,False
US-2004077975-A1,0.7420405133247285,False
US-2006106369-A1,0.7156980307315607,False
JP-2010287221-A,0.7142388800945243,False
JP-2011086068-A,0.7142388800945243,False
WO-2012073733-A1,0.7142388800945243,False
US-2013046438-A1,0.7493574649964517,False
US-2013103703-A1,0.7120956244739433,False
JP-2013091114-A,0.7141242590312263,False
US-2014168073-A1,0.7155385673929803,False
US-2014333573-A1,0.7053890501489118,False
US-2015290795-A1,0.7369247861341515,False
KR-20150133643-A,0.7142388800945243,False
JP-2015219887-A,0.7142388800945243,False
US-2016162024-A1,0.7117212290807339,False
US-2016321880-A1,0.7047825067616319,False
US-2017144312-A1,0.7444238005339652,False
US-2017272842-A1,0.7271761452018847,False
US-2017344116-A1,0.7019807472094904,False
US-10296086-B2,0.7103105535372136,False
US-10292780-B2,0.7344997833361884,False
US-2011113852-A1,0.7184298544829251,False
US-2021330399-A1,0.793910947163939,False
US-8050523-B2,0.7731834884323991,False
US-2013204124-A1,0.8085389949105184,False
US-2016206384-A1,0.7724629818087482,False
US-2017209071-A1,0.8093836654006472,True
US-2017273542-A1,0.7654478924896881,False
US-2018235709-A1,0.7992177820470971,False
US-2019192234-A1,0.7629782474148694,False
US-2019269470-A1,0.798623199918377,True
WO-2017175055-A1,0.7142388800945243,False
WO-2019245864-A1,0.7142388800945243,False
US-2016242931-A1,0.7860745279150522,False
US-9820818-B2,0.7894683495286496,False
US-10105168-B2,0.8131767012776271,False
US-10426560-B2,0.774028424667518,False
US-10806517-B2,0.8462997488782132,False
US-10987175-B2,0.8350831785216897,False
US-2021186614-A1,0.8035430043799381,False
US-11045958-B2,0.7750333686301504,False
US-2021282858-A1,0.8154941534509524,False
US-2021308872-A1,0.7386445359815822,False
US-11160580-B2,0.7712059941269958,False
US-11179210-B2,0.794348919162936,False
US-2021391058-A1,0.7958114828444596,False
US-11298244-B2,0.7441635208877602,False
US-11471232-B2,0.7783930933546466,False
US-2022338886-A1,0.7488737200052925,False
US-2007055291-A1,0.7893543432603951,False
US-2016278870-A1,0.7739634569038861,False
US-2017014998-A1,0.801822631110516,False
US-2017079731-A1,0.7646619092319514,False
US-2019021800-A1,0.8144447010228146,False
US-2019274665-A1,0.7754801500671236,False
US-2007085496-A1,0.7520981536118776,False
US-2010295931-A1,0.7985365049411487,False
US-2008051655-A1,0.7408440818661061,False
US-2014303491-A1,0.7747913443243003,False
US-2021196312-A1,0.7888433617375118,False
US-2022175269-A1,0.7761477208020434,False
US-2023101757-A1,0.7783434491828023,False
US-3763860-A,0.7639590094547005,False
US-4040413-A,0.7373056538850504,False
US-4198960-A,0.7623486836742596,False
US-4470407-A,0.7680254609673096,False
US-4532935-A,0.7665226631976482,False
US-4685458-A,0.7639032269160294,False
US-4747405-A,0.7650342375589352,False
US-4854301-A,0.780016835270532,False
EP-0347098-A2,0.7142388800945243,False
US-4898574-A,0.7621744525275534,False
US-4983165-A,0.7638614797634651,False
US-5029574-A,0.7643732328961887,False
US-5085659-A,0.7887127135501173,False
US-5150452-A,0.6976872191637148,False
US-5196023-A,0.801031019872173,False
US-5199417-A,0.7426886339684957,False
US-5217465-A,0.7793409833004269,False
US-5308323-A,0.7468183206732492,False
US-5318589-A,0.7939323759108627,False
US-5325848-A,0.7849701225650272,False
US-5342381-A,0.7792123856958293,False
US-5344395-A,0.7609153945253542,False
US-5353783-A,0.7616611799965705,False
US-5370609-A,0.763940599248124,False
US-5372124-A,0.8031382180046286,False
US-5411016-A,0.739054441377577,False
US-5431649-A,0.7561218487783384,False
US-5441485-A,0.75449022336406,False
US-5449356-A,0.7708570011869882,False
US-5450843-A,0.7412357177186788,False
US-5472426-A,0.7718684750521267,False
US-5496267-A,0.754478744718746,False
US-5501667-A,0.7598147717904344,False
US-5520684-A,0.745331424106534,False
US-5545170-A,0.7816637305633591,False
US-5562678-A,0.7546101793136242,False
US-5562648-A,0.7213992517939893,False
US-5562239-A,0.7646389551282184,False
US-5573535-A,0.7834279284224412,False
US-5613973-A,0.7771603256427726,False
US-5645083-A,0.7821114361190923,False
US-5653374-A,0.7733596256311259,False
US-5658311-A,0.7350394197613676,False
US-5697949-A,0.7500631256641743,False
US-5710870-A,0.7507273749591742,False
US-5716325-A,0.785529108149762,False
US-5737500-A,0.7129458935636858,False
US-5788667-A,0.7651125988329216,False
US-5792165-A,0.7807572649099517,False
US-5798627-A,0.7172806041832488,False
US-5797900-A,0.772232421434897,False
US-5810770-A,0.7664077335815591,False
US-5876325-A,0.7964972937258216,False
US-5893869-A,0.7543450814512878,False
US-5897491-A,0.7903621490642563,False
US-5924175-A,0.6936645568115497,False
US-5943056-A,0.6998932556005665,False
US-5989230-A,0.7859018341990026,False
US-6071281-A,0.8045430458561037,False
US-6093157-A,0.7410919086030201,False
US-6110171-A,0.7589761361843711,False
US-6120498-A,0.7713943529623539,False
US-6120476-A,0.7383986872676505,False
US-6156030-A,0.7554521685043672,False
US-6174318-B1,0.8090100875442252,False
US-6183435-B1,0.7445185212715917,False
US-6206903-B1,0.7654549274579884,False
US-6236906-B1,0.7275114272715928,False
US-6322557-B1,0.7457932435469805,False
US-2002019644-A1,0.7627217210359101,False
US-6375635-B1,0.7652329370075321,False
US-6394998-B1,0.7854242024277029,False
US-6405078-B1,0.7463669877000286,False
US-2002111621-A1,0.7854242024277029,False
US-2002111608-A1,0.7601306610272337,False
US-6440061-B1,0.7494272865407773,False
US-2003004455-A1,0.7437635359584824,False
US-6508823-B1,0.7701565519036284,False
US-2003040681-A1,0.7839221553432224,False
US-2003065358-A1,0.7737894057682579,False
US-2003100892-A1,0.7491814168508445,False
US-6577891-B1,0.7594745549808298,False
US-2003109889-A1,0.7623907243148607,False
US-2003109877-A1,0.757579887619416,False
US-2003109780-A1,0.7695936369928077,False
EP-1321106-A1,0.7142388800945243,False
US-2003158545-A1,0.7545290523276299,False
US-2003181809-A1,0.7923164465730297,False
US-2003208189-A1,0.7473243778907994,False
US-6676668-B2,0.7708140366724432,False
US-6685698-B2,0.7491439773238069,False
US-6706050-B1,0.7766249222402489,False
US-2004143253-A1,0.7497579576797516,False
US-2004153093-A1,0.7572309696635064,False
US-2004158261-A1,0.7727715969305718,False
US-2004176751-A1,0.7965434051258143,False
US-2004186349-A1,0.7707465820188624,False
US-2004193146-A1,0.7871566010685617,False
US-2004210116-A1,0.7487065130622897,False
US-2004253079-A1,0.7777517463631121,False
US-2005033270-A1,0.7814414551832536,False
US-2005054900-A1,0.754674488305092,False
US-2005159645-A1,0.7702371574163915,False
JP-2005270464-A,0.7142388800945243,False
US-2005240178-A1,0.7627494395230596,False
US-2005261705-A1,0.7744109841439378,False
US-2006015133-A1,0.7411204426383798,False
US-2006058617-A1,0.7558480960746101,False
US-2006058813-A1,0.8090119595291898,False
US-2006116693-A1,0.7531859468342822,False
US-2006135963-A1,0.7530681909557192,False
US-2006156875-A1,0.7398893943204354,False
US-2006161137-A1,0.7735238029456626,False
US-2006178556-A1,0.761162327677433,False
US-2006189891-A1,0.7763180866658624,False
WO-2006124390-A2,0.7142388800945243,False
US-2007016164-A1,0.733561445821864,False
US-2007027443-A1,0.7376103505178346,False
US-2007027534-A1,0.7612438546526921,False
US-2007032906-A1,0.785572320305076,False
US-2007106304-A1,0.7885658663345017,False
US-2007123855-A1,0.7627494395230596,False
US-2007135803-A1,0.7506500679360255,False
US-2007208375-A1,0.7777154752405512,False
US-2007213668-A1,0.7534441023040894,False
US-2007239178-A1,0.7951286048771479,False
US-7282055-B2,0.7794360807516036,False
US-2007250111-A1,0.7719914847955897,False
EP-1849423-A2,0.7142388800945243,False
US-2008015566-A1,0.7826963835011748,False
US-2008021440-A1,0.7191374394034975,False
US-2008033467-A1,0.7427405581846035,False
US-2008046122-A1,0.7339399492691394,False
US-2008045981-A1,0.7388801142522387,False
US-2008065111-A1,0.7782975970622229,False
US-2008065112-A1,0.7728948370533596,False
US-2008125698-A1,0.7353678066843089,False
US-2008147089-A1,0.7690089172057162,False
US-2008187101-A1,0.7787350439069842,False
US-2008196533-A1,0.7628597795523021,False
US-2008228104-A1,0.7754856796401886,False
US-2009005768-A1,0.7604866995906073,False
US-2009012507-A1,0.7806316757428181,False
US-2009030446-A1,0.7792056268361451,False
US-2009036900-A1,0.7914758638849001,False
US-2009043305-A1,0.7982914715628355,False
US-2009048611-A1,0.8022908098056285,False
US-2009082634-A1,0.7766586743135911,False
US-2009088774-A1,0.7632982231885274,False
US-2009105723-A1,0.7873010730427034,False
US-2009131885-A1,0.7520777723554105,False
CN-101443069-A,0.7142388800945243,False
US-2009161827-A1,0.7760774441802777,False
US-7559934-B2,0.8006988124823778,False
CN-100515347-C,0.7142388800945243,False
US-2009227998-A1,0.7769151496125152,False
US-2009248043-A1,0.7558146360052018,False
US-2009248041-A1,0.7868855835544846,False
US-2009264878-A1,0.778194505340109,False
US-2009270760-A1,0.787560660142721,False
US-2009287188-A1,0.7658215123657235,False
US-2009299352-A1,0.7516905264108311,False
US-2009312773-A1,0.7778283104053245,False
US-2009326318-A1,0.8078430910340514,False
US-2010004642-A1,0.7552334782813314,False
US-2010010504-A1,0.811136903286871,False
US-2010011900-A1,0.7855646686114314,False
US-2010016852-A1,0.7568691393916926,False
US-2010016853-A1,0.7591334159493242,False
US-2010011901-A1,0.7612925381431128,False
US-2010082017-A1,0.7378077632679939,False
US-2010081965-A1,0.7613971805736658,False
US-2010100045-A1,0.7832573937239151,False
US-7736356-B2,0.7376012751297015,False
US-2010174410-A1,0.7727282012272272,False
US-2010179632-A1,0.7395601051063446,False
US-2010204605-A1,0.7065944690668589,False
US-2010204646-A1,0.7632553015618555,False
US-2010217235-A1,0.7302729400755211,False
US-2010228249-A1,0.7830738713481609,False
US-2010234857-A1,0.8014988982818397,False
US-2010268211-A1,0.778766006467209,False
US-2010286712-A1,0.7925285116030892,False
US-2010312141-A1,0.7844508793856608,False
US-2010331858-A1,0.7912151660415557,False
US-2011015483-A1,0.7671504849866374,False
US-2011028790-A1,0.7711298321437422,False
US-2011071543-A1,0.795642548895164,False
US-2011071541-A1,0.7950564880934705,False
US-2011106146-A1,0.7591671421069516,False
US-2011125165-A1,0.7567427339749742,False
US-7963911-B2,0.7405755959271301,False
US-2011152880-A1,0.8002828395297665,False
US-2011160713-A1,0.7703631538069837,False
US-2011160745-A1,0.7520969602935206,False
US-2011167611-A1,0.7730187790504154,False
US-7987046-B1,0.7289322227917427,False
US-2011184558-A1,0.7002592950421117,False
US-8004229-B2,0.788457557334754,False
US-8002713-B2,0.780869243017387,False
US-2011208211-A1,0.7841761029343678,False
US-2011213362-A1,0.7654279071374552,False
US-2011224660-A1,0.7360756100591135,False
US-8021326-B2,0.7912634684349023,False
US-2011238064-A1,0.7730187790504154,False
US-8038598-B2,0.7605958304550618,False
US-2011257641-A1,0.7538514832172623,False
US-2011264112-A1,0.788457557334754,False
US-2011276085-A1,0.7664367220390562,False
US-2011277775-A1,0.767096865403208,False
US-2011313343-A1,0.7551049576320253,False
WO-2011161218-A1,0.7142388800945243,False
US-8092397-B2,0.7553629924556439,False
US-2012048759-A1,0.7272027130445048,False
US-2012069167-A1,0.7634084737748034,False
US-8187173-B2,0.7514938121621032,False
US-2012138586-A1,0.7337586408964365,False
US-2012138660-A1,0.7927242913022209,False
US-2012209315-A1,0.7908306887021228,False
US-8257303-B2,0.7464472119850533,False
US-2012232342-A1,0.7468449201663789,False
US-2012253332-A1,0.7914758638849001,False
US-2012253277-A1,0.7741426676227191,False
US-2012259320-A1,0.7625473142903272,False
US-2012296318-A1,0.7818917679610491,False
US-2012302869-A1,0.7548913063502036,False
US-2013006144-A1,0.7808447142381281,False
US-2013035537-A1,0.7640982338218297,False
US-2013053877-A1,0.805499274396731,False
US-2013066136-A1,0.755735613994957,False
US-2013085486-A1,0.7749057927204673,False
US-2013085442-A1,0.7253155734561406,False
US-2013096422-A1,0.7803239489809237,False
US-2013110042-A1,0.7993999264377316,False
US-2013110107-A1,0.7675458075577329,False
US-2013116716-A1,0.7963454398653771,False
US-2013144395-A1,0.7977429786584783,False
US-2013144274-A1,0.7977017197715548,False
US-8480595-B2,0.7395133249880897,False
US-2013190796-A1,0.7708931769351823,False
WO-2013107468-A1,0.7142388800945243,False
US-2013225997-A1,0.7889921963568534,False
US-2013226161-A1,0.7596196788103042,False
US-8523762-B2,0.7578877554034532,False
CN-103298414-A,0.7142388800945243,False
US-2013233908-A1,0.7826912543674877,False
US-8541970-B2,0.788457557334754,False
US-8540748-B2,0.7608281776957938,False
US-2013253267-A1,0.7837411616121193,False
US-2013303876-A1,0.750965738509183,False
US-2013310819-A1,0.7391078940426768,False
US-2013317519-A1,0.7830540182219073,False
US-2013334281-A1,0.781871561442369,False
US-2013345686-A1,0.7519704376931173,False
US-2014005681-A1,0.7835167362469251,False
US-2014039681-A1,0.7894249998639582,False
US-2014046308-A1,0.782236841808926,False
US-8652030-B2,0.7599714163775726,False
US-2014051985-A1,0.7906250561264547,False
US-2014051049-A1,0.7950666364817732,False
US-2014058404-A1,0.7885658663345017,False
US-2014058365-A1,0.7533157164671891,False
US-2014058428-A1,0.7390961834442064,False
US-2014100445-A1,0.7352929080574723,False
US-2014142591-A1,0.7900900293916441,False
US-8749190-B2,0.788457557334754,False
US-2014163318-A1,0.8057947139725355,False
US-2014163736-A1,0.7656495390825062,False
US-2014194859-A1,0.7468994995460041,False
US-2014194905-A1,0.7787797327778363,False
US-8786241-B2,0.788457557334754,False
US-2014222207-A1,0.7518041813968617,False
US-2014243801-A1,0.7232637843400674,False
US-2014243849-A1,0.7771655080499817,False
US-8821480-B2,0.7630464396566925,False
US-8820603-B2,0.7830525477711736,False
US-2014246473-A1,0.7851208931269764,False
US-2014257333-A1,0.7661494594038821,False
US-2014275956-A1,0.78215297635392,False
US-2014276956-A1,0.7198733133926122,False
US-2014276723-A1,0.7171378659911826,False
US-2014309655-A1,0.772503872976288,False
US-2014316203-A1,0.763271856166477,False
US-8882660-B2,0.7592947600206023,False
US-2014357984-A1,0.7690744112354536,False
US-2015025549-A1,0.7725958136363378,False
US-8945163-B2,0.7748375610520885,False
US-2015045675-A1,0.7591873305501481,False
US-8956280-B2,0.7711211459276089,False
US-2015073439-A1,0.7756218618599738,False
US-2015080879-A1,0.7737810995480544,False
US-2015088161-A1,0.7544964553243017,False
US-2015127045-A1,0.7710317162981344,False
CN-104619281-A,0.7142388800945243,False
US-2015133960-A1,0.7760791179140621,False
US-9044257-B2,0.7520969602935206,False
US-2015150635-A1,0.7709060050921265,False
US-2015164522-A1,0.7817524554359825,False
US-2015190204-A1,0.761134413241776,False
US-2015201917-A1,0.7892027449055543,False
US-2015202085-A1,0.7319440067787049,False
US-2015223832-A1,0.7714092741593549,False
WO-2015153174-A1,0.7142388800945243,False
US-2015297299-A1,0.7926325893220755,False
US-2015305650-A1,0.7850423114142726,False
US-2015314110-A1,0.7675073000355395,False
US-9179979-B2,0.7945010066438273,False
US-2015366629-A1,0.7725800792642723,False
US-2015374446-A1,0.7894683495286496,False
US-2016008979-A1,0.7024601259856321,False
US-2016022289-A1,0.7741148361805442,False
US-2016022466-A1,0.8093880159827159,False
US-2016030073-A1,0.7732443731117163,False
US-9259282-B2,0.7656495390825062,False
US-2016045208-A1,0.7773065636129738,False
US-2016051318-A1,0.7568691393916926,False
US-2016066935-A1,0.742056027906393,False
US-9296104-B2,0.7338575037838677,False
US-9345456-B2,0.7571458979879209,False
US-9345544-B2,0.717954426626859,False
US-2016158490-A1,0.7426925901098053,False
US-2016158936-A1,0.7145503398060207,False
US-9375284-B2,0.7239091273467133,False
US-2016183841-A1,0.7794134222407251,False
US-2016199984-A1,0.7368693181299901,False
US-9415510-B2,0.726970246358331,False
US-2016235495-A1,0.7688304212512974,False
US-2016242858-A1,0.7426214431393696,False
WO-2016137612-A1,0.7142388800945243,False
US-2016249932-A1,0.7772589307559182,False
US-2016270865-A1,0.7730358326318275,False
US-9460536-B2,0.7590171177350055,False
US-2016287279-A1,0.7501961206692142,False
US-2016302871-A1,0.7932172194226877,False
US-2016310146-A1,0.7538586457458202,False
US-9480534-B2,0.795931845523979,False
US-2016324587-A1,0.7640857933339618,False
US-2016331358-A1,0.7589175290573725,False
US-9504604-B2,0.764233049200373,False
CN-205729413-U,0.7142388800945243,False
US-9510911-B2,0.7255092441222003,False
US-9517106-B2,0.7405640574994424,False
US-2016367324-A1,0.7447486040507628,False
US-2017000577-A1,0.7823863082916042,False
US-2017007337-A1,0.7390592140617172,False
US-9561083-B2,0.7675922187769768,False
US-9566125-B2,0.7725800792642723,False
US-2017049471-A1,0.783646459175415,False
US-2017055995-A1,0.7183739625619655,False
US-2017065227-A1,0.7200155764350376,False
US-9592042-B2,0.7539849766249861,False
US-2017071456-A1,0.7477103278774196,False
US-2017071584-A1,0.7208514710062568,False
US-9597152-B2,0.7903836253624758,False
WO-2017048194-A1,0.7142388800945243,False
US-2017086934-A1,0.7935993929910025,False
US-2017095299-A1,0.7761114969780172,False
US-2017095295-A1,0.7682108098380921,False
US-9622827-B2,0.7797032474911217,False
US-9636184-B2,0.7879163210692092,False
US-2017135710-A1,0.7730234116852742,False
US-2017135706-A1,0.8124655056871306,False
US-2017135833-A1,0.7660549779441369,False
US-2017143442-A1,0.7945846908552623,False
US-2017151416-A1,0.7618083712319662,False
US-9675422-B2,0.717954426626859,False
US-2017165009-A1,0.7645218816051628,False
US-2017172680-A1,0.7689143573582977,False
US-2017172553-A1,0.7523943973955686,False
US-9687310-B2,0.788457557334754,False
US-2017189118-A1,0.7625926826249112,False
WO-2017114855-A1,0.7142388800945243,False
US-2017189131-A1,0.7891131678515158,False
US-2017202627-A1,0.7709723547351849,False
US-9713509-B2,0.7662327397409994,False
US-2017209073-A1,0.7665983618704207,False
US-9717563-B2,0.8078430910340514,False
US-9727963-B2,0.7829444093753618,False
US-9730757-B2,0.766528242654811,False
US-9737373-B2,0.7644700810579378,False
US-9737371-B2,0.7324455328060184,False
US-9744335-B2,0.7389682689142707,False
US-2017252096-A1,0.7862924618990276,False
US-2017258534-A1,0.717954426626859,False
US-9763741-B2,0.7857011298241956,False
US-2017265923-A1,0.7746792387001734,False
US-2017265954-A1,0.7671100356677488,False
US-2017290631-A1,0.7535867245830139,False
US-9788910-B2,0.7647250525960412,False
US-2017319289-A1,0.8092143522230925,False
US-2017333145-A1,0.7803860280839623,False
US-2017333147-A1,0.7822936314288352,False
US-9844412-B2,0.7857011298241956,False
US-2018000563-A1,0.7460594271429852,False
US-9867635-B2,0.7734045091767177,False
US-2018025666-A1,0.7918841657776697,False
US-2018049824-A1,0.7609364022403527,False
US-9918681-B2,0.7745592134544249,False
US-2018079090-A1,0.7913035232495029,False
US-2018080841-A1,0.7012364887921961,False
US-9931025-B1,0.7733036820257713,False
US-2018098817-A1,0.7806621334978068,False
US-9943962-B2,0.7649493234416579,False
WO-2018069679-A1,0.7142388800945243,False
US-9949749-B2,0.7687789178295985,False
US-9955986-B2,0.7558010624321702,False
US-9962228-B2,0.795430097801598,False
US-2018140371-A1,0.7469732526991815,False
US-9980785-B2,0.7644700810579378,False
US-9993313-B2,0.7644700810579378,False
US-10016900-B1,0.7570460197315592,False
US-2018193049-A1,0.7548978113886595,False
US-10022192-B1,0.7824744437708558,False
US-10029367-B2,0.7255092441222003,False
US-2018206931-A1,0.7873287180607851,False
US-2018221039-A1,0.7558010624321702,False
US-2018221038-A1,0.7687789178295985,False
US-2018243906-A1,0.7255092441222003,False
US-10071479-B2,0.7338575037838677,False
US-10080576-B2,0.8050536069569797,False
US-2018279852-A1,0.7739567790154415,False
US-2018289431-A1,0.7850537250801549,False
WO-2018189722-A1,0.7142388800945243,False
US-2018296285-A1,0.8271280895424785,False
US-10117713-B2,0.7890246368766252,False
US-2018325499-A1,0.7967360930150023,False
US-10130429-B1,0.789604684714374,False
US-10136959-B2,0.7735822497520108,False
US-10136949-B2,0.7906061118557222,False
US-2018338799-A1,0.7956334304822622,False
US-10145747-B1,0.7326811125223268,False
US-10149720-B2,0.8050536069569797,False
US-10154822-B2,0.7807189550654368,False
US-2018360435-A1,0.7902140682660144,False
US-10159533-B2,0.7968545862469123,False
US-10159532-B1,0.7870776860086889,False
US-2018368920-A1,0.7870776860086889,False
US-10169875-B2,0.7829444093753618,False
US-2019000559-A1,0.7340852062662465,False
US-2019000560-A1,0.7115119499096741,False
US-2019000576-A1,0.7874729188116274,False
US-2019015166-A1,0.7433420018446565,False
US-2019054620-A1,0.736603636641091,False
US-10219868-B2,0.7899231720627015,False
US-10219874-B2,0.7857011298241956,False
US-10231793-B2,0.7695807578602599,False
US-10231867-B2,0.7734045091767177,False
US-2019090967-A1,0.7972311424251708,False
US-10244926-B2,0.7786054085414347,False
US-2019099232-A1,0.7623025563745426,False
US-2019105117-A1,0.7311956455392551,False
US-2019110839-A1,0.769483891625737,False
US-2019117320-A1,0.814405169274227,False
US-2019117324-A1,0.7657382312448787,False
US-10285574-B2,0.7776600973367521,False
US-2019151148-A1,0.7771523905003705,False
US-10299870-B2,0.7509013294819123,False
US-2019167366-A1,0.7672069791114596,False
US-10314463-B2,0.7771781308864475,False
US-10314661-B2,0.7689143573582977,False
US-2019175009-A1,0.7735822497520108,False
US-2019183587-A1,0.7332850130244033,False
US-2019183585-A1,0.7277303804672892,False
US-10327855-B2,0.7340057946853248,False
US-2019192249-A1,0.7588964064410693,False
US-10350390-B2,0.755171505117932,False
US-10350017-B2,0.7823863082916042,False
US-2019216550-A1,0.7885923808265397,False
US-2019216548-A1,0.7870776860086889,False
US-2019216576-A1,0.7749255519498467,False
US-2019223974-A1,0.7857011298241956,False
US-2019231460-A1,0.7358245554237212,False
US-2019239890-A1,0.7606081739930265,False
US-10383765-B2,0.7827758462013783,False
US-2019262086-A1,0.7509013294819123,False
US-10398518-B2,0.7675922187769768,False
US-2019269468-A1,0.7703962609561084,False
US-10405939-B2,0.7857011298241956,False
US-10405940-B2,0.7857011298241956,False
US-2019274764-A1,0.7695807578602599,False
US-2019290109-A1,0.7771781308864475,False
US-10426661-B2,0.7687217676495353,False
US-10426559-B2,0.7642088913585181,False
US-2019298469-A1,0.7734930344799194,False
US-2019298464-A1,0.7801288165710373,False
US-2019298460-A1,0.7797358866783012,False
US-2019298465-A1,0.759946971194334,False
US-10434660-B2,0.7570460197315592,False
US-2019314616-A1,0.755171505117932,False
KR-20190123673-A,0.7142388800945243,False
US-10463440-B2,0.7588964064410693,False
US-10464209-B2,0.7787529048145332,False
US-2019336238-A1,0.7857011298241956,False
US-10470830-B2,0.7509932019448242,False
US-10482599-B2,0.7829444093753618,False
US-10493241-B2,0.7389682689142707,False
US-2019365209-A1,0.7558043108465298,False
US-2019365201-A1,0.778602462627822,False
US-2019365486-A1,0.7431206657740007,False
US-2019365479-A1,0.7384634286193617,False
US-10500001-B2,0.7797032474911217,False
US-2019375383-A1,0.7129256599277267,False
US-2019380787-A1,0.7555813517979971,False
US-2019380797-A1,0.7627163889427641,False
US-10517692-B2,0.7749255519498467,False
US-2020000533-A1,0.771798803600836,False
US-10524866-B2,0.7453513395770486,False
US-10539478-B2,0.7326811125223268,False
US-10543048-B2,0.7730005675076739,False
US-2020030046-A1,0.7783930933546466,False
US-2020039086-A1,0.7570337917761999,False
US-2020038123-A1,0.7642088913585181,False
US-10555778-B2,0.746993075929615,False
US-2020046434-A1,0.7478454923194238,False
US-2020060516-A1,0.769587366905065,False
US-2020093554-A1,0.7814261578420401,False
US-2020093549-A1,0.786911763943876,False
US-2020107894-A1,0.7960176784189368,False
WO-2020075501-A1,0.7142388800945243,False
US-2020121502-A1,0.7687217676495353,False
US-10631949-B2,0.7662327397409994,False
US-10639109-B2,0.7501961206692142,False
US-10639114-B2,0.775819292254893,False
US-10639108-B2,0.7875084350754563,False
US-2020138531-A1,0.7502818224592457,False
US-10646291-B2,0.7829397278141424,False
US-2020146769-A1,0.7749255519498467,False
US-2020163726-A1,0.7817861356751872,False
US-10667871-B2,0.7324455328060184,False
US-10667875-B2,0.8042305557914088,False
US-2020171660-A1,0.7787529048145332,False
US-10682189-B2,0.795430097801598,False
US-2020197112-A1,0.7499150266339465,False
US-2020197109-A1,0.7588363114434353,False
US-2020206472-A1,0.7780537339773178,False
US-10702348-B2,0.7968545862469123,False
US-2020217733-A1,0.7326811125223268,False
US-2020222134-A1,0.775819292254893,False
US-10716461-B2,0.7785339153679426,False
US-2020237458-A1,0.8042305557914088,False
US-10744035-B2,0.7662101973062019,False
US-10743751-B2,0.7776600973367521,False
US-2020261172-A1,0.7324455328060184,False
US-10751140-B2,0.7403487931915815,False
US-2020268460-A1,0.7717742995630211,False
US-2020268459-A1,0.7730005675076739,False
US-10765303-B2,0.7846686455551511,False
US-10765487-B2,0.78310369119182,False
US-2020281787-A1,0.7975080283111801,False
US-10779898-B2,0.7509733192758099,False
US-2020297444-A1,0.790820918346989,False
US-2020297437-A1,0.7450438851746785,False
US-10786432-B2,0.7442267692697965,False
US-10786329-B2,0.7644700810579378,False
US-2020305983-A1,0.7695663201545659,False
US-2020305989-A1,0.7922791960345479,False
US-2020305992-A1,0.795430097801598,False
US-10792466-B2,0.7131303593233642,False
US-10792464-B2,0.7571669737886493,False
US-2020315717-A1,0.7501961206692142,False
US-2020323596-A1,0.7968545862469123,False
US-2020330167-A1,0.7875084350754563,False
US-10814101-B2,0.7389682689142707,False
US-10813539-B2,0.7821673884893747,False
US-10820947-B2,0.7992417079940821,False
US-10820954-B2,0.7909402866242157,False
US-2020345216-A1,0.7785339153679426,False
US-10828118-B2,0.7834217300167842,False
US-10827913-B2,0.7096447617489337,False
US-2020352420-A1,0.7846332595028803,False
US-10835153-B2,0.7916690247220124,False
US-2020360100-A1,0.7885143417875571,False
US-2020360183-A1,0.764277558670278,False
US-2020367981-A1,0.78310369119182,False
US-2020367726-A1,0.7776600973367521,False
US-10850013-B2,0.7833372063497952,False
US-2020375678-A1,0.7400135579395705,False
US-10959792-B1,0.768615698576083,False
US-11037464-B2,0.7918841657776697,False
US-11096753-B1,0.7889938589697102,False
US-2021290320-A1,0.7490914419726744,False
US-2021298847-A1,0.7774507895066469,False
US-2021298851-A1,0.7462419057495374,False
US-11234780-B2,0.7983566101295487,False
US-11357586-B2,0.7712798334039848,False
US-11771512-B2,0.7885747592453011,False
DE-1147411-B,0.7142388800945243,False
US-4860742-A,0.7135858930254886,False
US-4906907-A,0.7079475849571342,False
EP-0590713-A2,0.7142388800945243,False
US-5624398-A,0.7590902867031424,False
JP-H09318469-A,0.7141242590312263,False
US-5784542-A,0.7117744682377766,False
US-5855583-A,0.7850051816983175,False
US-6197017-B1,0.7362104595425291,False
US-6331181-B1,0.7558146360052018,False
JP-2002159509-A,0.7142388800945243,False
US-6459926-B1,0.7793476618365947,False
US-6494882-B1,0.7541854259278138,False
US-6817974-B2,0.7374076106675401,False
US-6879880-B2,0.7696598221126596,False
US-2005096502-A1,0.7918905709761804,False
US-2005119527-A1,0.7644616160805736,False
US-2005200324-A1,0.7584110428279502,False
US-6994708-B2,0.7858555667091867,False
US-7083571-B2,0.7925509434503077,False
US-2007018958-A1,0.7912919727357854,False
US-7169141-B2,0.7921711227581152,False
US-2007043338-A1,0.7464472119850533,False
US-2007078484-A1,0.7563954348460799,False
US-2007119274-A1,0.7730633810167113,False
US-2007156019-A1,0.8003315770055492,False
KR-100778387-B1,0.7142388800945243,False
WO-2007143859-A1,0.7142388800945243,False
US-2008065105-A1,0.7940242961852251,False
US-2008132893-A1,0.7721709777571628,False
US-2008147090-A1,0.7703260534707218,False
US-2009088775-A1,0.7632982231885274,False
CA-2709634-A1,0.7142388800945243,False
WO-2009123891-A1,0.7142388800945243,False
US-2009324161-A1,0.7254896829024472,False
US-2010063478-A1,0.7662015524680377,False
US-2010219388-A1,0.6935525652448156,False
US-2010313679-A1,0.7644029324775007,False
US-2011015632-A1,0.7782173976088977,False
US-2011046659-A1,0.7828774095362342,False
US-7935130-B2,0.7730187790504154,False
EP-2362285-A2,0.7143748803527328,False
US-2011282356-A1,0.7782875875751323,False
US-2011295269-A1,0.7634303620403192,False
US-2011295270-A1,0.7617004810624655,False
EP-2431000-A2,0.7142388800945243,False
US-2012116391-A1,0.778098696477073,False
US-8306656-B1,0.7737560825354057,False
WO-2012166806-A1,0.7142388800945243,False
US-8375808-B2,0.7812990995788769,False
US-8444631-B2,0.777600721544752,False
US-8479969-B2,0.7617004810624655,False
US-8506555-B2,0.7726828731245478,False
US-8602288-B2,0.7661312653799637,False
US-8613230-B2,0.7782975970622229,False
US-2014005678-A1,0.7569860317445567,False
US-2014005662-A1,0.7828308521186789,False
US-2014005708-A1,0.7598882796257448,False
US-8628518-B2,0.7830506380821785,False
US-2014088614-A1,0.7498771150380582,False
US-2014107627-A1,0.7830506380821785,False
US-8771270-B2,0.7591334159493242,False
US-8800838-B2,0.7927242913022209,False
WO-2014151952-A1,0.7142388800945243,False
WO-2014172213-A2,0.7142388800945243,False
US-8945095-B2,0.7613975221735578,False
US-9028494-B2,0.7780185154171448,False
US-2015164598-A1,0.7613975221735578,False
US-9192448-B2,0.7528790122426319,False
US-9204923-B2,0.7568691393916926,False
US-2015374447-A1,0.7528790122426319,False
US-9232979-B2,0.768902219204594,False
US-9358682-B2,0.7971367941394213,False
US-2017007345-A1,0.7571317356028046,False
WO-2017064303-A1,0.7142388800945243,False
US-9671860-B2,0.717853003310065,False
US-2017165017-A1,0.7509460584602402,False
US-2017172687-A1,0.7397240978538582,False
US-9707684-B2,0.7523100701758628,False
US-2017215944-A1,0.7845775040861873,False
US-9782214-B2,0.778098696477073,False
US-2017303996-A1,0.7883904836021934,False
US-2018042689-A1,0.7798145738120191,False
US-9943375-B2,0.7830172613671561,False
US-9952107-B2,0.7646583652699371,False
US-10085809-B2,0.7585447970170675,False
US-10130366-B2,0.707457549035817,False
US-10201365-B2,0.7735104943638482,False
US-2019069966-A1,0.7685898493712358,False
US-10238458-B2,0.7489259230420414,False
US-2019094084-A1,0.7929545558468086,False
US-2019175188-A1,0.7608659564756866,False
US-2019175887-A1,0.7437071992450568,False
US-2019201018-A1,0.7944498408533727,False
US-2019223966-A1,0.7737660781175235,False
US-2019223960-A1,0.7777584555958412,False
US-10363107-B2,0.7831090347478056,False
US-10398433-B2,0.7824636618960423,False
US-2019336228-A1,0.7830506380821785,False
US-10595836-B2,0.6914885913019712,False
US-10653435-B2,0.7559005495750638,False
WO-2020102776-A1,0.7142388800945243,False
WO-2020102778-A1,0.7142388800945243,False
WO-2020102780-A1,0.7142388800945243,False
WO-2020102774-A1,0.7142388800945243,False
US-10682141-B2,0.7732041429888539,False
US-2020253669-A1,0.7586441270897726,False
US-2020278265-A1,0.7276783393994145,False
US-2020397502-A1,0.7812762174114364,False
US-2021022819-A1,0.7800922430722151,False
US-2021045819-A1,0.7940798395429999,False
WO-2021076765-A1,0.7142388800945243,False
WO-2021097386-A1,0.7142388800945243,False
US-11020138-B2,0.764477188678364,False
US-2021181048-A1,0.7207542530627306,False
US-11079292-B2,0.7106443155488988,False
US-11369411-B2,0.7856598039577074,False
US-2024130812-A1,0.7674525576868954,False
US-2003013949-A1,0.7880203806298312,False
US-2004204645-A1,0.7615637635151115,False
US-2007198074-A1,0.7666499512913136,False
US-2008071141-A1,0.7988295577636887,False
US-2008082114-A1,0.7638331672347016,False
US-2011009886-A1,0.7474711995829932,False
US-2011144560-A1,0.7543093492330774,False
US-2013226285-A1,0.7868585282770058,False
US-2014228636-A1,0.7674931149838541,False
US-2016015473-A1,0.7871768062330555,False
US-2016022266-A1,0.7680681861206542,False
US-2016022125-A1,0.7771261689846528,False
US-9877724-B2,0.7476111262525409,False
US-2018049829-A1,0.7883266260025805,False
US-2018214149-A1,0.7634051855598558,False
US-10137575-B2,0.7365462714093802,False
US-2019008367-A1,0.8054436642374864,False
US-2019125454-A1,0.7585299337581023,False
US-10499994-B2,0.7593048564106892,False
US-2020187946-A1,0.7512321546604022,False
US-2022323076-A1,0.7726900002022874,False
JP-S6133426-A,0.7141242590312263,False
JP-S62251811-A,0.7142388800945243,False
JP-H03158322-A,0.7142388800945243,False
JP-H08114416-A,0.7141242590312263,False
JP-H1080881-A,0.7142388800945243,False
US-2001041948-A1,0.7227142282357905,False
JP-3243528-B2,0.7142388800945243,False
US-2004074823-A1,0.7244427609045097,False
JP-2007179301-A,0.7142388800945243,False
JP-2007246225-A,0.7142388800945243,False
JP-2007254078-A,0.7142388800945243,False
JP-2013086914-A,0.7142388800945243,False
JP-2013251811-A,0.7142388800945243,False
JP-2014021810-A,0.7141242590312263,True
EP-2769341-A2,0.7142388800945243,False
JP-2014530158-A,0.7142388800945243,False
US-2016200516-A1,0.7155906097265778,False
US-2017039304-A1,0.723108414633471,False
KR-101708150-B1,0.7142388800945243,False
WO-2017061632-A1,0.7142388800945243,False
US-2017107055-A1,0.718988738045424,False
JP-2017165517-A,0.7142388800945243,False
US-9821463-B2,0.730044172081322,False
US-9826213-B1,0.7240498532477856,False
US-9969571-B1,0.713721796447283,False
US-10019015-B2,0.7186266890763211,True
JP-2018525301-A,0.7142388800945243,True
US-2019016543-A1,0.720198305510896,False
US-10198008-B2,0.7265905023137631,False
JP-2019531908-A,0.7142388800945243,False
US-2021214163-A1,0.7152877708728599,False
US-11173602-B2,0.7352332511790075,False
US-2022219916-A1,0.7402659894325921,False
US-2023008946-A1,0.7310328830019308,False
US-11591168-B2,0.7243211929805609,False
US-2023278811-A1,0.7244626936554713,False
US-12065318-B2,0.7402659894325921,False
US-12084299-B2,0.719762499396736,False
US-12162166-B2,0.730220141580853,False
JP-2025019963-A,0.7142388800945243,False
JP-2025033426-A,0.7142388800945243,False
US-2002065455-A1,0.7775285063925078,False
US-2003135091-A1,0.7925936689749811,False
US-2008065110-A1,0.7745113250439865,False
US-2009093809-A1,0.7901606606017685,False
US-2010056863-A1,0.7911078907552114,False
US-2013253550-A1,0.7783435309851525,False
US-2015238276-A1,0.8137995120612171,False
US-2016346930-A1,0.717204328369053,False
US-2017181808-A1,0.7950071758197129,True
US-2017212723-A1,0.767807127992415,False
US-2017231477-A1,0.7860264842591257,False
US-9832848-B2,0.7083919476744069,False
US-2018296280-A1,0.7804778045454506,False
US-2018325604-A1,0.7924326762011987,False
US-2019025040-A1,0.779458340101712,False
US-2020046404-A1,0.7856598039577074,False
US-2020170718-A1,0.800571533711539,False
US-2020188046-A1,0.7817173472244568,False
US-2020214709-A1,0.7622167863735239,False
US-2020315724-A1,0.7997540564030342,False
WO-2020260999-A1,0.7142388800945243,False
US-2020405417-A1,0.7980711410229193,False
US-2021153724-A1,0.7796732278672001,False
US-2021196399-A1,0.7982667723746976,False
US-2021212784-A1,0.7924825182096968,False
US-2021290317-A1,0.8125638064025946,False
US-2021393338-A1,0.8013899391745783,False
US-2022096172-A1,0.791576652068284,False
US-2022101745-A1,0.7672897151807652,False
US-2022133420-A1,0.774257022152917,False
US-11344374-B2,0.7315072385957639,False
US-2022183779-A1,0.7741366177542948,False
US-2022202437-A1,0.7624628643761281,False
US-11446104-B2,0.7431908579796344,False
US-2023101192-A1,0.7931730089474833,False
US-2023099189-A1,0.7931730089474833,False
US-2023096691-A1,0.8002059392537032,False
US-2023110718-A1,0.7931730089474833,False
US-4915107-A,0.7725363913969383,False
US-2001025183-A1,0.7880446632557431,False
US-6314310-B1,0.7889361262028562,False
US-2005251026-A1,0.7749334397092458,False
US-2008167551-A1,0.7475024029149956,False
US-7890155-B2,0.7475024029149956,False
US-2011270121-A1,0.7780743177436121,False
US-2012116417-A1,0.7831925773714243,False
US-2013190776-A1,0.7837281151639952,False
US-2015065916-A1,0.7799371580643759,False
US-2015157419-A1,0.7746970065534388,False
US-2016038004-A1,0.7491399277345028,False
US-2017189128-A1,0.7904511999527414,False
US-2017265947-A1,0.7664806957744513,False
US-2018014851-A1,0.7973291779352287,False
US-2018271603-A1,0.8013352114113322,False
US-2019083187-A1,0.7617596257357889,False
US-2019125432-A1,0.8009454290627784,False
US-2020015905-A1,0.7931552146804475,False
US-2021290215-A1,0.7668723175788337,False
US-2022047346-A1,0.74574106357182,False
US-2022096188-A1,0.7696974035563074,False
US-2023113312-A1,0.72561014070028,False
US-2023126545-A1,0.7926329667766641,False
US-2023200847-A1,0.7646139262596765,False
US-2024148455-A1,0.7891105676576803,False
US-11980432-B2,0.8001907738135678,False
US-2024277425-A1,0.7909599566729262,False
US-4831549-A,0.7122171648045261,False
US-5789890-A,0.7387581267008254,False
DE-10249786-A1,0.7142388800945243,False
US-2004093119-A1,0.7159337203650736,False
US-2004167667-A1,0.7132624361758121,False
US-2005182518-A1,0.7334475065328605,False
CN-1747816-A,0.7142388800945243,False
US-2006181236-A1,0.722716314993242,False
US-2011153076-A1,0.7285279087584098,False
US-2011235054-A1,0.7286112594448036,False
US-2012143372-A1,0.7171807096498012,False
JP-2013198943-A,0.7142388800945243,False
US-2014347473-A1,0.7233337267753397,False
DE-102014107143-A1,0.7142388800945243,False
US-2015352717-A1,0.7373627078154968,False
CN-205466149-U,0.7142388800945243,False
US-2016297068-A1,0.7450991113952597,False
US-2016379370-A1,0.7240328892460988,False
JP-2017058130-A,0.7142388800945243,False
US-2017165836-A1,0.7082453301996275,False
JP-2017185578-A,0.7142388800945243,False
CN-107263485-A,0.7142388800945243,False
US-2017326739-A1,0.7210984663988466,False
US-2017364076-A1,0.7218233333405962,False
DE-102017123877-A1,0.7142388800945243,False
JP-2018202550-A,0.7142388800945243,False
DE-102017005882-A1,0.7142388800945243,False
US-10569417-B1,0.7379709012243705,False
US-10569416-B1,0.7379709012243705,False
US-10569516-B2,0.7026626271228593,False
US-10576631-B1,0.7379709012243705,False
US-10596701-B1,0.7379709012243705,False
US-2006089621-A1,0.7988728852605449,True
US-2012059378-A1,0.7521563055715693,True
US-9974557-B2,0.7562442554557683,False
US-2019008525-A1,0.8103340772076991,True
EP-1348394-A1,0.7142388800945243,False
US-2007177783-A1,0.7640384596945106,False
US-7796790-B2,0.7932434616883853,False
US-2015049083-A1,0.7989944753812217,False
WO-2015089118-A1,0.7142388800945243,False
EP-3080619-A1,0.7142388800945243,False
US-2019388123-A1,0.840063547172398,False
US-2020069373-A1,0.7937088745102638,False
US-2021393330-A1,0.794498308096332,False
US-4445892-A,0.7471520105145807,False
US-5505700-A,0.7410378844322553,False
US-6004271-A,0.7538817894394677,False
US-2001009976-A1,0.7968879202493129,False
US-2001029366-A1,0.736386846453912,False
US-2002087169-A1,0.7623504027241632,False
US-2002177789-A1,0.7635422268024581,False
US-6503195-B1,0.72071265210888,False
US-6530913-B1,0.7541316412408792,False
US-6544230-B1,0.7778551956770304,False
US-2003074011-A1,0.7858216537755083,False
US-2003135204-A1,0.8080332142307713,False
US-6610007-B2,0.7563151374323266,False
US-6669709-B1,0.7509475736047447,False
US-6905460-B2,0.7850051816983175,False
US-2005182295-A1,0.7608654928902475,False
US-2007060879-A1,0.7669789871796328,False
US-2007162106-A1,0.7336659485550459,False
WO-2007081800-A2,0.7142388800945243,False
US-7371210-B2,0.7623504027241632,False
US-2008243142-A1,0.7834346399138628,False
US-2008300592-A1,0.8009799622952238,False
US-2009012618-A1,0.753959876746456,False
US-2009054884-A1,0.754896104934388,False
US-2009171196-A1,0.7764737861176764,False
US-2010081881-A1,0.799330747580183,False
EP-2226026-A1,0.7142388800945243,False
US-2010228096-A1,0.7778096303025186,False
US-2010240960-A1,0.7746052048522406,False
US-2010312065-A1,0.7691304555719504,False
US-2010312063-A1,0.7841656651475808,False
US-2011152788-A1,0.7744522574321102,False
US-8052636-B2,0.7464472119850533,False
US-2011295074-A1,0.779044510821369,False
US-2012130188-A1,0.7400550822316398,False
US-2013266029-A1,0.7091360089438651,False
US-2014194732-A1,0.7767533829103369,False
US-2015145953-A1,0.7587956778992955,False
US-2016007979-A1,0.758001103408322,False
US-9269682-B2,0.7066132274424961,False
CA-2978771-A1,0.7142388800945243,False
US-2017024903-A1,0.7676086461431991,False
US-2017086653-A1,0.7871347091518927,False
US-2017172662-A1,0.7586504951804806,False
US-9861271-B2,0.7807375725445749,False
EP-3275386-A1,0.7142388800945243,False
US-2018042680-A1,0.7900026394108157,False
US-2018070800-A1,0.7795867299179482,False
US-2018276877-A1,0.7794303183546825,False
US-2019117209-A1,0.775891458465674,False
US-10456202-B2,0.7765675580856173,False
US-10492665-B2,0.7613931903784306,False
WO-2020018566-A1,0.7142388800945243,False
US-2020037863-A1,0.7794302576594859,False
US-2020060524-A1,0.7443052215855643,False
US-2020178948-A1,0.7935866571198026,False
US-2020222078-A1,0.7335397607677596,False
US-2020306004-A1,0.7520615786707686,False
US-2021343088-A1,0.7478613870993894,False
US-2021346015-A1,0.7364215981185246,False
US-2021345953-A1,0.7498504495313625,False
US-2021345952-A1,0.7932930252603542,False
US-2021350895-A1,0.7910117724270184,False
US-2021350897-A1,0.7436722968699836,False
US-2021350896-A1,0.7698684116773835,False
US-4613269-A,0.7306916002785724,False
JP-2003148914-A,0.7142388800945243,False
US-2006112034-A1,0.7444602019677531,False
US-8489229-B2,0.7248765496519428,False
US-2015203304-A1,0.7121210246279731,False
US-2016089790-A1,0.7222642077015725,False
US-9327397-B1,0.7358119491218705,False
US-2016297611-A1,0.7358119491218705,False
US-9505129-B2,0.7000703096716421,False
US-2016347558-A1,0.7354188187091811,False
US-9579798-B2,0.7222642077015725,False
JP-2017045081-A,0.7142388800945243,False
US-9796540-B1,0.7259433579923179,False
US-10053305-B2,0.7355229559782344,False
US-2019070734-A1,0.7105451595873821,False
US-10343857-B2,0.7120859704718561,False
US-10369701-B1,0.7490219663283043,False
US-10471597-B1,0.7251706733903793,False
US-2019389070-A1,0.7311116928725091,False
JP-2020069640-A,0.7142388800945243,False
US-2020139553-A1,0.7446964221604815,False
JP-2020196610-A,0.7142388800945243,False
US-11007648-B2,0.7104870433273648,False
US-2022161427-A1,0.7114417573762669,False
US-11413762-B2,0.7311116928725091,False
US-11565406-B2,0.7114417573762669,False
WO-2014145406-A1,0.7142388800945243,False
WO-2016004991-A1,0.7142388800945243,False
WO-2020139808-A2,0.7142388800945243,True
WO-2020139809-A1,0.7142388800945243,False
WO-2020206216-A1,0.7142388800945243,False
US-6434507-B1,0.7734978382362441,False
US-2006053907-A1,0.7238544764704197,False
US-2011264107-A1,0.797466551393186,False
EP-2907466-A1,0.7142388800945243,False
US-2018141215-A1,0.7130326397622604,False
US-2019060014-A1,0.7911272077557394,False
US-2020038125-A1,0.769577945501876,False
US-2020170604-A1,0.7969254355969795,False
US-2022022990-A1,0.7666996253600915,False
US-2016113720-A1,0.786244834258592,False
WO-2017091380-A1,0.7142388800945243,False
US-5891150-A,0.769597261931791,False
WO-2021203082-A1,0.7141242590312263,False
US-11189379-B2,0.7911570162969598,True
WO-2023034194-A1,0.7141242590312263,False
WO-2023069347-A1,0.7142388800945243,False
US-2023240788-A1,0.7699044735466641,False
US-11901065-B2,0.7797398291406689,True
US-4771262-A,0.7094374368547761,False
US-4896554-A,0.7244192709022858,False
US-5008528-A,0.7226626033260303,False
US-5176310-A,0.7089953519628773,False
US-5280781-A,0.7446300873071757,False
US-5398691-A,0.7477972059731376,False
US-5499632-A,0.7397029746102982,False
US-5524180-A,0.7801564262530228,False
US-5526812-A,0.7989481313299076,False
US-5631973-A,0.7559183704471366,False
US-5713946-A,0.7718965645355925,False
US-5749362-A,0.7439904275265564,False
US-5762458-A,0.7850051816983175,True
US-5831614-A,0.7209914060757856,False
US-5859934-A,0.7559183704471366,False
US-5899851-A,0.7384735134115421,False
US-5951475-A,0.7867745629738175,False
US-5963770-A,0.7206883870490891,False
US-6007550-A,0.7850051816983175,False
US-6016439-A,0.7961454848745438,False
US-6038467-A,0.7825988216633125,False
US-6096004-A,0.7520223407008368,False
US-6226543-B1,0.7656895422229234,False
US-6272371-B1,0.760977154365179,False
US-2002077533-A1,0.8010948171512683,False
US-6425865-B1,0.7796059397634867,False
US-6466198-B1,0.7205420253298851,False
US-2002161280-A1,0.7293509518718885,False
US-2002173878-A1,0.7193322269930927,False
US-6490467-B1,0.8040375172696568,False
US-6516421-B1,0.7007875251992184,False
WO-03086190-A1,0.7142388800945243,False
US-2004047044-A1,0.7578281340798505,False
US-6726675-B1,0.7586612885802358,False
US-2004263535-A1,0.7723460064720011,False
US-6856827-B2,0.7895308974155372,False
US-2005085714-A1,0.7875907759103797,False
US-2005222554-A1,0.7603618971944431,False
US-2006025676-A1,0.7787198786070884,False
US-2006079745-A1,0.8027152288552449,False
US-2006095022-A1,0.7748763619145634,False
US-2006146010-A1,0.7990102680478121,False
US-2006173290-A1,0.7897965106899356,False
US-7155315-B2,0.7440808934941155,False
US-2007083098-A1,0.7817580678704228,False
US-2007138992-A1,0.77592244475163,False
EP-1800593-A1,0.7142388800945243,False
US-2007144298-A1,0.8058573391557197,False
US-2007185486-A1,0.7812524008254448,False
US-2008027313-A1,0.7503496210250111,False
US-2008033442-A1,0.7660488588566741,False
US-2008082109-A1,0.7933468085028058,False
US-2008097465-A1,0.7512208922786096,False
WO-2008049088-A2,0.7142388800945243,False
US-2008108870-A1,0.7339612801725507,False
US-2008140087-A1,0.7419569917287427,False
US-2008161829-A1,0.7209553714533582,False
US-2008183188-A1,0.7929996008895904,False
US-2008183068-A1,0.7854519928480554,False
US-7594925-B2,0.7638583562395866,False
US-2009248036-A1,0.7709587654024032,False
US-2009259412-A1,0.7252119746445268,False
US-2009259230-A1,0.7624725117651189,False
US-2009326322-A1,0.8071507102647133,False
US-2009326556-A1,0.8020159730669406,False
US-2010019890-A1,0.734931201473224,False
US-2010039506-A1,0.7751119573678134,False
EP-2158834-A1,0.7142388800945243,False
WO-2010025522-A1,0.7142388800945243,False
US-2010076263-A1,0.7537744308788508,False
US-2010121269-A1,0.7725386915669097,False
US-2010125284-A1,0.7914910196802182,False
US-2010204613-A1,0.7502086525242091,False
US-2010286847-A1,0.7314810659758648,False
US-2010328455-A1,0.7267703676738893,False
US-2011021926-A1,0.7366553714132202,False
US-2011118752-A1,0.7816323255736456,False
US-2011118753-A1,0.7816323255736456,False
US-2011118748-A1,0.7932283454264841,False
US-2011130718-A1,0.7574898595245761,False
US-2011196199-A1,0.7400149714319173,False
US-2011238010-A1,0.7650987610397212,False
US-2011235855-A1,0.6880716796701373,False
US-2011248987-A1,0.7290232896115545,False
US-2011276058-A1,0.7724230003176664,False
US-2012059392-A1,0.7842215637835577,False
US-2012071892-A1,0.7816323255736456,False
US-2012071891-A1,0.7816323255736456,False
US-2012071894-A1,0.7917070014334195,False
US-2012071752-A1,0.770498063671773,False
US-2012078053-A1,0.7592947600206023,False
US-2012075638-A1,0.7730903624656752,False
US-2012103123-A1,0.7035732495574312,False
US-8180114-B2,0.7139760843082962,False
US-2012191107-A1,0.7817861356751872,False
US-2012203067-A1,0.7603799514972315,False
US-2012253276-A1,0.7634966971561347,False
US-2012296161-A1,0.7614964253808711,False
US-2012314022-A1,0.7259909411142775,False
US-2013018306-A1,0.7397782817971765,False
US-2013030363-A1,0.7489133687873004,False
US-2013165854-A1,0.7598640142624294,False
US-2013245375-A1,0.7895288938234452,False
US-2014111457-A1,0.7057268421846528,False
US-8718837-B2,0.7252902563816901,False
US-2014222204-A1,0.7046101106823957,False
US-2014257334-A1,0.7950752678390677,False
US-2014276646-A1,0.7553508195098487,False
US-2014277333-A1,0.7472054772209203,False
US-2014276937-A1,0.7973541223201962,False
US-2014277747-A1,0.7010910301425725,False
US-2014276936-A1,0.7021739299451476,False
US-2014276392-A1,0.7515369016712353,False
US-2014264081-A1,0.7505952823779957,False
US-2014276934-A1,0.7160609652459344,False
US-2014277334-A1,0.7210001979958195,False
US-2014276394-A1,0.7494437884770316,False
US-8894610-B2,0.7427474457486487,False
US-2015018622-A1,0.7952385357799399,False
US-8971597-B2,0.7895222997048844,False
US-2015105747-A1,0.7502086525242091,False
US-9014851-B2,0.7972923053808764,False
US-9057600-B2,0.7505952823779957,False
US-2015224845-A1,0.7070261945261443,False
US-2015223902-A1,0.81694396725068,False
US-9138166-B2,0.7370361167077558,False
US-2015265807-A1,0.7728007449617099,False
US-2015290454-A1,0.7398433593410871,False
US-2015375399-A1,0.770647981714801,False
US-2016007881-A1,0.7370361167077558,False
US-9241767-B2,0.7806315258591245,False
US-9283046-B2,0.7010910301425725,False
US-9289578-B2,0.7533174525749896,False
US-2016098095-A1,0.7428307867418218,False
US-2016202053-A1,0.7533174525749896,True
US-2016213436-A1,0.761133303547841,False
US-2016213884-A1,0.7663545025308319,False
US-2016256069-A1,0.7871058757751613,False
US-2016314717-A1,0.7926622313613697,False
US-2016314710-A1,0.7971220563402687,False
US-2016314716-A1,0.7992299877726186,False
US-9498291-B2,0.7158243640865722,False
US-9503681-B1,0.7251221529203442,False
US-9532840-B2,0.7950752678390677,False
US-9561019-B2,0.7733750979756068,False
US-9566414-B2,0.7553508195098487,False
US-2017065356-A1,0.7158243640865722,False
US-9629595-B2,0.8040509839812764,False
US-2017172664-A1,0.77378674852263,False
US-9710921-B2,0.7972923053808764,False
US-2017209224-A1,0.8040509839812764,False
US-9770216-B2,0.7680283093424213,False
US-9827061-B2,0.7158243640865722,False
US-9844353-B2,0.7533174525749896,False
US-2018056044-A1,0.7489359150499126,False
US-2018078321-A1,0.7472578878993189,False
US-10123755-B2,0.7533174525749896,False
US-10123843-B2,0.7494437884770316,False
US-10130427-B2,0.7817861356751872,False
US-10206746-B2,0.7010910301425725,False
US-2019090969-A1,0.7958075092325737,False
US-2019151032-A1,0.7801465440250139,False
US-2019175062-A1,0.7907422524695374,False
US-2019175799-A1,0.7833372063497952,False
US-10346976-B2,0.7468868826097923,False
US-2019371012-A1,0.7689238658523414,False
US-10675101-B2,0.7010910301425725,False
US-10688283-B2,0.7553508195098487,False
US-2020305922-A1,0.7764078068501602,False
US-2020345432-A1,0.7010910301425725,False
US-10849702-B2,0.7916126193479599,False
US-2003153978-A1,0.7706203872403892,True
EP-1571581-A1,0.7142388800945243,False
US-2006142656-A1,0.7584096657516886,False
CA-2689511-A1,0.7142388800945243,False
US-2009209884-A1,0.812693338835725,False
US-2010153081-A1,0.7844903073297765,True
WO-2010151564-A1,0.7142388800945243,False
US-2011029093-A1,0.8055937364563795,True
US-2011087332-A1,0.8055892320336847,True
US-2011092804-A1,0.8014534726229662,False
US-2013144392-A1,0.8099129690140434,False
WO-2013101753-A1,0.7142388800945243,False
US-2013211531-A1,0.8055937364563795,True
US-2013211792-A1,0.7619500458581332,False
JP-2013539379-A,0.7142388800945243,False
US-2014066937-A1,0.8034851874131226,False
US-2014244220-A1,0.790476454646254,True
US-2014324182-A1,0.7794164625746564,True
US-2015080717-A1,0.7918644082057908,False
JP-2015057165-A,0.7142388800945243,False
US-9101393-B2,0.785207824518722,False
EP-2962666-A1,0.7141242590312263,True
US-2016045317-A1,0.8156680332296883,False
US-2016045268-A1,0.8351849613779917,False
US-9358117-B2,0.759388008795642,False
WO-2016102025-A1,0.7142388800945243,True
EP-3089710-A1,0.7142388800945243,False
US-2017000562-A1,0.7957976605618287,False
JP-2017500964-A,0.7142388800945243,False
US-2017020609-A1,0.8229212236282514,False
US-2017086859-A1,0.7922073545330528,False
US-9649195-B2,0.7662150598024912,False
US-9668871-B2,0.7717304991533316,True
US-2017181755-A1,0.8500591150763754,False
EP-3190531-A1,0.7142388800945243,False
US-9724109-B2,0.7684299431003457,False
WO-2017200785-A1,0.7142388800945243,True
US-9842394-B2,0.7701655737074226,False
US-2017360513-A1,0.7822151381216221,False
US-2018036083-A1,0.7747094571658997,False
US-2018253838-A1,0.836332855991735,False
US-10085804-B2,0.8206749003571239,False
US-2018353298-A1,0.7886748686948339,True
US-2019015119-A1,0.7553411541674071,False
US-10194919-B2,0.7871601592373771,False
US-2019133775-A1,0.7824721604857897,False
US-10314599-B2,0.7789189315432923,False
US-2019183411-A1,0.7989189676730402,True
US-2019282245-A1,0.7825352409038207,False
US-2021007806-A1,0.7928454254907064,False
US-11432945-B2,0.796565806459671,False
US-4119900-A,0.7046338596558781,False
GB-2345051-A,0.7142388800945243,False
US-2004251656-A1,0.7167310995336449,False
WO-2007050407-A1,0.7142388800945243,False
US-2007112458-A1,0.7177377938867896,False
CA-3068216-A1,0.7142388800945243,False
JP-2008119820-A,0.7142388800945243,False
JP-2008260117-A,0.7142388800945243,False
US-2011045194-A1,0.716793347259759,False
KR-20110054850-A,0.7142388800945243,False
WO-2011076240-A1,0.7142388800945243,False
US-8065051-B2,0.7064235952872896,False
US-2011288573-A1,0.7646774912204408,False
US-2011290854-A1,0.7603352458485791,False
US-2012010749-A1,0.7496395544965134,False
CN-102688129-A,0.7142388800945243,False
WO-2012149446-A2,0.7142388800945243,False
KR-20120126934-A,0.7142388800945243,False
WO-2012166517-A1,0.7142388800945243,False
US-2012328395-A1,0.7283873807822677,False
CN-102892376-A,0.7142388800945243,False
US-8380350-B2,0.707092583739798,False
US-2013325244-A1,0.7252902563816901,False
US-2014088761-A1,0.716878639569486,False
GB-2509814-A,0.7142388800945243,False
US-2014200713-A1,0.7168960323000739,False
WO-2014122752-A1,0.7142388800945243,False
US-8968332-B2,0.7855046133698295,False
AU-2015218522-A1,0.7142388800945243,False
WO-2015137040-A1,0.7142388800945243,False
GB-2527207-A,0.7142388800945243,False
US-2015359694-A1,0.7463591387324695,False
WO-2016042704-A1,0.7142388800945243,False
CN-107283436-A,0.7142388800945243,False
US-2017348931-A1,0.7140654681097177,False
KR-101819531-B1,0.7142388800945243,False
US-2018014988-A1,0.7332518353845909,False
WO-2018063100-A2,0.7142388800945243,False
KR-101872282-B1,0.7142388800945243,False
CN-108227506-A,0.7142388800945243,False
CN-207874211-U,0.7142388800945243,False
US-10136947-B2,0.7902557919584611,False
CN-109259863-A,0.7142388800945243,False
US-2019049977-A1,0.7319096173322521,False
CN-109397245-A,0.7142388800945243,False
US-2019105776-A1,0.7787529048145332,False
US-2019107454-A1,0.7326811125223268,False
US-2019248013-A1,0.7384890205266683,False
US-2019248016-A1,0.7384890205266683,False
US-2019248002-A1,0.7384890205266683,False
US-2019327394-A1,0.7582052390820277,False
US-2020008899-A1,0.721731968300949,False
US-2020100845-A1,0.7992417079940821,False
US-10687915-B2,0.779460811233435,False
WO-2020214787-A1,0.7142388800945243,False
BR-112013030509-B1,0.7142388800945243,False
US-2020405406-A1,0.7648321506388308,False
EP-3797715-A1,0.7142388800945243,False
EP-3505079-B1,0.7142388800945243,False
US-2022015773-A1,0.7483950017334806,False
US-2022126438-A1,0.7337663537506698,False
US-2022225982-A1,0.787069409958467,False
US-2022234194-A1,0.7384838822251906,False
US-2022387031-A1,0.7668280782263108,False
US-6254605-B1,0.7718643635167551,True
US-11583361-B1,0.7981843119148408,False
DE-1903016-U,0.7141624674860947,False
DE-1903316-A1,0.7142388800945243,False
US-3577991-A,0.762734628531102,False
US-3596292-A,0.7641725006495819,False
US-3608539-A,0.7875515469063459,False
US-3625220-A,0.7619661052441703,False
US-3648705-A,0.7385211637319482,False
US-3653388-A,0.77610263470642,False
US-3657056-A,0.7563416465590153,False
US-3656476-A,0.7799313571258799,False
US-3678980-A,0.732030180377856,False
US-3709218-A,0.7602704009732969,False
US-3711347-A,0.7072618512589931,False
US-3739773-A,0.765535128307656,False
US-3760808-A,0.733714607836121,False
US-3788318-A,0.7768236144487268,False
US-3789852-A,0.7557000848408448,False
US-3802438-A,0.7701782356529786,False
US-3807394-A,0.7960459675053723,False
US-3809075-A,0.806554083575933,False
US-3811449-A,0.7647716173934499,False
US-3825010-A,0.7735405487286453,False
US-3833003-A,0.7675478909686262,False
US-3835849-A,0.8030782387221478,False
US-3842824-A,0.806336706195326,False
US-3845772-A,0.7655631133930046,False
US-3857396-A,0.7553213759150861,False
US-3867932-A,0.7903098990409503,False
US-3875652-A,0.7252119410242915,False
US-3898992-A,0.7766055314102452,False
US-3918442-A,0.7874804501190455,False
US-3968800-A,0.7690196424791719,False
US-3976079-A,0.7712315356309244,False
US-4023559-A,0.7304492264854481,False
US-4064566-A,0.7950580564371662,False
US-4089071-A,0.7658689670486246,False
US-4108399-A,0.6851654414406194,False
US-4156574-A,0.6965193451962991,False
US-4164794-A,0.7876937646499139,False
US-4171544-A,0.7742150565041181,False
US-4183102-A,0.7270713741843973,False
US-4199864-A,0.7832679321724186,False
US-4200939-A,0.7762482295123037,False
US-4210148-A,0.7725098009213851,False
US-4213816-A,0.7573096728685361,False
US-4235233-A,0.740391920556186,False
US-4235238-A,0.757813612513186,False
US-4244370-A,0.7622499660068449,False
US-4257411-A,0.7748074067144393,False
US-4265231-A,0.7580868403630123,False
US-4281649-A,0.7848496999939218,False
US-4291698-A,0.772852261271438,False
US-4309488-A,0.7742260566862863,False
US-4320762-A,0.7365497912395981,False
GB-2093701-A,0.7142388800945243,False
US-4351069-A,0.7782422151775711,False
US-4364381-A,0.7911072613499002,False
US-4365356-A,0.7572200526613915,False
US-4388921-A,0.7922263520439872,False
US-4395798-A,0.7009168967373022,False
US-4409974-A,0.7963925634421254,False
US-4414166-A,0.7217037614925333,False
US-4437362-A,0.723783751486784,False
US-4437941-A,0.6853506012235914,False
US-4444180-A,0.8152337135794019,False
US-4448194-A,0.7671118546830826,False
US-4456005-A,0.7782638006509085,False
US-4461281-A,0.8014364759208451,False
US-4493317-A,0.8097962630300523,False
US-4495664-A,0.7766202775878462,False
US-4501031-A,0.7670533024199084,False
US-4504268-A,0.745532269714102,False
US-4506681-A,0.7876525768232066,False
US-4514125-A,0.731741911154872,False
US-4526173-A,0.7521277618329985,False
US-4532926-A,0.7570219440594012,False
US-4535772-A,0.7719194723270525,False
US-4547327-A,0.7627129148859855,False
US-4556059-A,0.761169717934843,False
US-4556350-A,0.7037298512123561,False
US-4566138-A,0.759014913710399,False
US-4589868-A,0.7300688041321535,False
US-4590928-A,0.7925379880523311,False
US-4597379-A,0.7269261844720831,False
US-4599085-A,0.8128615756697214,False
US-4601893-A,0.7307100464845062,False
US-4606335-A,0.7778493843343469,False
US-4611593-A,0.7793096416563039,False
US-4621640-A,0.7860292801294614,False
DE-3517204-A1,0.7142246901998855,False
US-4630609-A,0.7513506690209694,False
US-4632101-A,0.7986158820117693,False
US-4645503-A,0.7765636283042812,False
US-4657460-A,0.7072106796360517,False
US-4659268-A,0.7048970877577342,False
US-4662063-A,0.6992505887675985,False
US-4662068-A,0.7945733016554132,False
US-4662887-A,0.7596392007925942,False
US-4669473-A,0.7918477685422982,False
US-4681107-A,0.7374621742251077,False
US-4691741-A,0.6980114740588209,False
US-4705040-A,0.7839233013838638,False
US-4706670-A,0.7376840509354026,False
US-4708139-A,0.7730630621823061,False
US-4713077-A,0.7792134189536589,False
US-4716901-A,0.7744630438682518,False
US-4718909-A,0.7744007265459422,False
US-4722948-A,0.7729242647251399,False
US-4722331-A,0.7662958968240798,False
US-4724584-A,0.6998480518698794,False
US-4738255-A,0.7733311016320483,False
US-4739751-A,0.7802609625489874,False
US-4741330-A,0.7797646613405801,False
US-4749585-A,0.7525515944560579,False
US-4750492-A,0.7751662748974296,False
US-4768507-A,0.746879506705871,False
US-4772286-A,0.7801215942338267,False
US-4776738-A,0.7181134294829153,False
US-4776328-A,0.790140555910038,False
US-4776851-A,0.7821268005289331,False
US-4781182-A,0.7809441728955732,False
US-4790303-A,0.7834062184686346,False
US-4792336-A,0.7601473725942939,False
DE-3722538-A1,0.7143748803527328,False
US-4817591-A,0.781593766310136,False
US-4822224-A,0.7084030689102695,False
US-4823794-A,0.7788670248238136,False
US-4832026-A,0.7792165999592031,False
US-4832025-A,0.7580186981617393,False
US-4834752-A,0.769807727070849,False
US-4841960-A,0.7734336656342891,False
US-4843112-A,0.7742985577435624,False
US-4846812-A,0.7507835193124905,False
US-4862812-A,0.716081352857666,False
US-4862882-A,0.787868451029431,False
US-4869242-A,0.7885037748522906,False
US-4870957-A,0.7486092059556199,False
US-4883048-A,0.7815753131941195,False
US-4890612-A,0.7759709957809875,False
US-4895148-A,0.7757865188499979,False
US-4898156-A,0.7687075676136973,False
US-4899744-A,0.7545021658784721,False
US-4899729-A,0.7692582398354694,False
US-4899743-A,0.7487295612423269,False
US-4901721-A,0.7806675285570212,False
US-4921479-A,0.740544022196455,False
US-4922897-A,0.7802609625489874,False
US-4924865-A,0.7826873874166029,False
US-4924866-A,0.7757349787939424,False
US-4932960-A,0.7679039515630388,False
US-4935028-A,0.7644435857258791,False
US-4935026-A,0.7582147636844334,False
US-4945625-A,0.7254025634125126,False
US-4946468-A,0.7853362579596245,False
US-4954126-A,0.7674414449635881,False
US-4955910-A,0.7537476876274164,False
US-4957498-A,0.7922532814872828,False
US-4961741-A,0.7689110600857963,False
US-4963151-A,0.7617759631833736,False
US-4964862-A,0.766815135164959,False
US-4966583-A,0.7851521644705407,False
US-4968315-A,0.7580980399085314,False
US-4969888-A,0.7787628835101921,False
US-4969892-A,0.7629209283742532,False
DE-9002844-U1,0.7142388800945243,False
US-4990161-A,0.7882062993406926,False
US-4994071-A,0.7547318656254948,False
US-4997445-A,0.755149508549427,False
US-4998539-A,0.7500051914378496,False
US-5002563-A,0.7818365474030147,False
US-5002550-A,0.7853362579596245,False
US-5009663-A,0.7705015946257504,False
US-5009652-A,0.7475487791126041,False
US-5009664-A,0.7976288071989464,False
US-5013316-A,0.7522327878783235,False
US-5019090-A,0.7444882059978074,False
US-5021059-A,0.774884372186529,False
US-5031841-A,0.6869790141320911,False
US-5035713-A,0.7500793431252718,False
US-5037404-A,0.7515250985532869,False
US-5037422-A,0.7730233954410325,False
US-5041093-A,0.7552232714027025,False
US-5041129-A,0.769926897841533,False
US-5041114-A,0.791963330866435,False
WO-9112779-A1,0.7142388800945243,False
US-5047055-A,0.726659149556866,False
US-5046513-A,0.7712374574327576,False
US-5051049-A,0.6772740499359271,False
US-5053047-A,0.8010181003080799,False
US-5053046-A,0.7706515959641594,False
US-5059193-A,0.7609611102695926,False
US-5059206-A,0.7587473566273474,False
US-5061286-A,0.7973515323285165,False
US-5061274-A,0.7684116831024683,False
US-5069674-A,0.729449582101509,False
US-5078745-A,0.7502850113394738,False
US-5078731-A,0.7569460159030703,False
US-5078744-A,0.7547986097441943,False
US-5084050-A,0.7637312404248031,False
US-5084051-A,0.7779018012378521,False
US-5085660-A,0.7600164755315892,False
US-5085661-A,0.7698130662734431,False
US-5090072-A,0.7593677088915963,False
US-5098434-A,0.787592457169398,False
US-5098433-A,0.7828557131599703,False
US-5098436-A,0.7842659924271865,False
US-5100417-A,0.7913891082436948,False
US-5100405-A,0.7693751577900284,False
US-5102417-A,0.7625294034817572,False
US-5102421-A,0.7765176535840346,False
US-5120175-A,0.7200735818247476,False
US-5123941-A,0.698912567603378,False
US-5123520-A,0.7272014599077046,False
US-5123914-A,0.7542501693154723,False
US-5133732-A,0.748448565488303,False
US-RE34021-E,0.7839233013838638,False
US-5141520-A,0.756004870933107,False
US-5147362-A,0.7739848537809698,False
US-5152765-A,0.7840273145190352,False
US-5154720-A,0.703656010340834,False
US-5156613-A,0.761412079277229,False
US-5156616-A,0.789668473605439,False
US-5158934-A,0.7858114486301078,False
US-5158566-A,0.782063967337291,False
US-5163960-A,0.7883497721817647,False
US-5171251-A,0.7710290187234329,False
US-5176682-A,0.7847865986859944,False
US-5180388-A,0.7957160226959722,False
US-5179964-A,0.7757925762268865,False
US-5183464-A,0.7504671182077829,False
US-5192287-A,0.7837096862836745,False
US-5192326-A,0.7413359651073266,False
US-5197166-A,0.6979736453717362,False
US-5197971-A,0.785529108149762,False
US-5203784-A,0.785851856684108,False
US-5203787-A,0.7929738266394102,False
US-5209776-A,0.7546299426919664,False
US-5208950-A,0.7142764368722034,False
US-5217493-A,0.7437326550509434,False
US-5217486-A,0.7275935993913532,False
US-5219359-A,0.7633801588975095,False
US-5224946-A,0.7782336720470806,False
US-5226899-A,0.7230996416689461,False
US-5230352-A,0.755224661539581,False
US-5234425-A,0.739896994031224,False
US-5234006-A,0.7770373380133924,False
US-5236438-A,0.767534702079375,False
US-5236445-A,0.7977882689543593,False
US-5242902-A,0.7146422495968716,False
US-5246441-A,0.7852697309908175,False
US-5250026-A,0.7470069512194282,False
US-5250055-A,0.8039611173249682,False
US-5254113-A,0.7769636684099301,False
US-5258007-A,0.7574513705355038,False
US-5258016-A,0.768458375799676,False
US-5258015-A,0.7491890291108347,False
US-5261914-A,0.7998093059456834,False
WO-9323094-A1,0.7142388800945243,False
US-5266325-A,0.6998731229997479,False
US-5269809-A,0.764193272399763,False
US-5269785-A,0.806522663086215,False
US-5269783-A,0.7812324343193028,False
US-5281235-A,0.7864897222140679,False
US-5282832-A,0.7662409522675115,False
US-5290281-A,0.8062612418753268,False
FR-2696338-A1,0.7142388800945243,False
US-5304119-A,0.7572034985265584,False
US-5306280-A,0.7710290187234329,False
US-5306301-A,0.7765884568405077,False
WO-9408642-A1,0.7142388800945243,False
US-5312438-A,0.775123814741315,False
US-5315741-A,0.7004492426141077,False
US-5318588-A,0.7620135268281766,False
US-5320611-A,0.7849960401538412,False
US-5324308-A,0.7798867955543388,False
US-5328480-A,0.7511163243344366,False
US-5329846-A,0.7665060090685739,False
US-5330468-A,0.7843252829328985,False
US-5330476-A,0.7490810318538461,False
US-5329924-A,0.780141709962643,False
US-5330486-A,0.7697199149048085,False
US-5336240-A,0.7734089012281292,False
US-5336231-A,0.771941980344264,False
US-5339799-A,0.8084359009904073,False
US-5349956-A,0.7795530381583856,False
US-5352229-A,0.7664988980698471,False
US-5354298-A,0.7606580496588826,False
US-5354302-A,0.7563461044552536,False
US-5366480-A,0.7514350968006382,False
US-5370646-A,0.7525835986499863,False
US-5370660-A,0.7706957626315418,False
US-5372146-A,0.7850500339464574,False
US-5374235-A,0.7841159400753939,False
US-5376126-A,0.7473699086563992,False
US-5382254-A,0.7805169778133811,False
US-5383905-A,0.7749762886827336,False
US-5383883-A,0.793617172073748,False
US-5391171-A,0.7798265324089343,False
US-5391173-A,0.7767395415264348,False
US-5395308-A,0.7146250831432059,False
US-5397311-A,0.7678084142483228,False
US-5400805-A,0.801301727621424,False
US-5403348-A,0.7628275805043832,False
US-5403312-A,0.7753271242858396,False
US-5405359-A,0.7905292084675337,False
US-5411538-A,0.7397814280087543,False
US-5411523-A,0.790614453367017,False
US-5413585-A,0.7502897207786304,False
US-5417701-A,0.7808080795548792,False
US-5417712-A,0.7886541746312827,False
US-5417691-A,0.7854891020605841,False
US-5423796-A,0.7648063761970628,False
US-5423860-A,0.768107175495185,False
WO-9516398-A1,0.7142388800945243,False
US-5431670-A,0.7579819728124743,False
US-5439470-A,0.7613405650242461,False
US-5438746-A,0.7655370728962322,False
US-5441502-A,0.7885429918600082,False
US-5441538-A,0.7675890091309666,False
US-5443512-A,0.7981257988793932,False
US-5447503-A,0.7808796382723765,False
US-5449382-A,0.7632676380191349,False
US-5449372-A,0.7512057800829933,False
US-5451235-A,0.7496078911091165,False
FR-2717368-A1,0.7142388800945243,False
US-5453090-A,0.7322602668007449,False
US-5456722-A,0.7941445631604848,False
US-5458653-A,0.7857599422810118,False
US-5462561-A,0.7654580824287548,False
US-5464424-A,0.7539925512279075,False
US-5464426-A,0.7654972888906008,False
US-5464427-A,0.7417502337382481,False
US-5464425-A,0.7790871971069322,False
US-5467911-A,0.7859549611384271,False
US-5470337-A,0.7948623629765649,False
WO-9531941-A1,0.7142388800945243,False
US-5472444-A,0.7579895199721951,False
US-5474554-A,0.7749206461183348,False
US-5478351-A,0.7747903891189686,False
US-5478353-A,0.78364479585469,False
US-5480403-A,0.760954962471828,False
US-5486197-A,0.7934048973144587,False
US-5487844-A,0.708863829339949,False
US-5487216-A,0.7544841515477075,False
US-5488958-A,0.7738360336655606,False
US-5496348-A,0.7627828777091562,False
US-5496292-A,0.7391400311389285,False
US-5496335-A,0.7897449913565199,False
US-5500000-A,0.7641980515625674,False
US-5501700-A,0.740584349570732,False
US-5505735-A,0.7680328232932694,False
US-5504977-A,0.7096506831598176,False
US-5507754-A,0.7542661925328832,False
US-5514153-A,0.7779836311281001,False
US-5518164-A,0.7952375809668961,False
US-5518163-A,0.7952375809668961,False
WO-9614802-A1,0.7142388800945243,False
US-5520700-A,0.7840752460760301,False
US-5522846-A,0.762271656692347,False
US-5522845-A,0.8112577929575854,False
US-5522844-A,0.7695484072513996,False
JP-H08140982-A,0.7142388800945243,False
US-5527342-A,0.7810316757931584,False
US-5527341-A,0.7825923416996412,False
US-5527343-A,0.7628275805043832,False
US-5529075-A,0.7535771023844425,False
US-5528844-A,0.7138738544357578,False
US-5531759-A,0.7608221844554109,False
FR-2728779-A1,0.7142388800945243,False
US-5534028-A,0.7267251472938321,False
US-5534012-A,0.7664799580213335,False
US-5540718-A,0.7936783727836334,False
US-5540703-A,0.8021159592802617,False
US-5542423-A,0.7673620468849014,False
US-5545178-A,0.7692988219412553,False
US-5545206-A,0.7489487350603459,False
US-5545180-A,0.7898599291085717,False
US-5549631-A,0.7654972888906008,False
US-5549630-A,0.7664799580213335,False
US-5556402-A,0.7729946937795,False
US-5562688-A,0.7523663276576926,False
US-5569305-A,0.7664799580213335,False
US-5569252-A,0.7653507087242077,False
US-5569306-A,0.7864716405119399,False
US-5573517-A,0.7849960401538412,False
US-5573542-A,0.7783149566430433,False
US-5573538-A,0.7839376467465958,False
US-5575801-A,0.7855267159952865,False
US-5580344-A,0.7828248566380475,False
US-5584835-A,0.7882897634612024,False
US-5584862-A,0.7664799580213335,False
US-5584860-A,0.7536033237622195,False
US-5591206-A,0.7608901100287007,False
FR-2736257-A1,0.7142388800945243,False
US-5593422-A,0.7541776628773651,False
US-5593425-A,0.7892587107858539,False
US-5593625-A,0.7200269578020239,False
US-5601558-A,0.7863573441609438,False
US-5601595-A,0.7408798891601905,False
US-5601557-A,0.78875054094259,False
US-5607427-A,0.8062612418753268,False
US-5609595-A,0.7834888647210528,False
US-5618314-A,0.7965902764682784,False
WO-9712779-A1,0.7142388800945243,False
US-5620461-A,0.760156288375438,False
GB-2306110-A,0.7142388800945243,False
US-5626718-A,0.6840144890726457,False
US-5626614-A,0.7768004123031811,False
US-5626612-A,0.7915463280850294,False
US-5628756-A,0.8021159592802617,False
US-5628446-A,0.795179816860868,False
US-5628751-A,0.797362710535914,False
EP-0773004-A1,0.7142388800945243,False
US-5630824-A,0.7650862369645646,False
US-5634926-A,0.8173178506802486,False
US-5643293-A,0.7995487676724,False
US-5643295-A,0.7669733480457122,False
US-5643321-A,0.7763806118638298,False
US-5643274-A,0.797362710535914,False
US-5643320-A,0.7767609307658452,False
US-5643272-A,0.7718066446798627,False
US-5645553-A,0.7612254068197045,False
US-5645597-A,0.73321595343818,False
US-5645599-A,0.7687520507414232,False
US-5649963-A,0.7731757020366199,False
US-5649940-A,0.7710601117013133,False
US-5649955-A,0.7917558407187991,False
EP-0784454-A1,0.7141242590312263,False
US-5651377-A,0.7686258701934876,False
US-5658313-A,0.7864716405119399,False
US-5660225-A,0.7600470656089715,False
US-5662658-A,0.7746431216369685,False
US-5665089-A,0.7796874545129301,False
US-5665112-A,0.7864716405119399,False
US-5665109-A,0.7767500377913805,False
US-5667513-A,0.7603335529674512,False
US-5669917-A,0.7714044128262384,False
US-5674240-A,0.7736671700891674,False
US-5681351-A,0.7509838967906786,False
US-5681352-A,0.7867940678130728,False
US-5681310-A,0.7645165459590398,False
US-5680981-A,0.7811967979562657,False
US-5681333-A,0.7533682112340202,False
US-5683418-A,0.7622443584426236,False
US-5683401-A,0.798864692843216,False
US-5685820-A,0.7626731863976203,False
US-5688283-A,0.7614445362319179,False
US-5690674-A,0.7745372928552502,False
US-5690655-A,0.7710601117013133,False
US-5690676-A,0.768458375799676,False
US-5690654-A,0.7646939955185102,False
US-5693055-A,0.7633931056311455,False
US-5697950-A,0.7469451932302037,False
FR-2750031-A1,0.7142388800945243,False
US-5702462-A,0.7546903157447519,False
US-5702397-A,0.7961522586544844,False
WO-9749347-A1,0.7142388800945243,False
US-5707395-A,0.7552296713371461,False
US-5713921-A,0.795189658992516,False
US-5713903-A,0.8057503315439796,False
US-5718717-A,0.7608549763257978,False
US-5720747-A,0.7613619490121745,False
US-5720753-A,0.8060619052846519,False
US-5725556-A,0.7851998132352483,False
US-5725582-A,0.7915416873176366,False
US-5725529-A,0.7678926204449581,False
US-5725541-A,0.7929646740252364,False
US-5730747-A,0.7629157343275375,False
WO-9811838-A1,0.7142388800945243,False
US-5733306-A,0.7664799580213335,False
US-5735875-A,0.7892587107858539,False
US-5735877-A,0.756015896981644,False
US-5735899-A,0.801707381754824,False
US-5741282-A,0.8083136026827813,False
US-5741268-A,0.7883164010607068,False
US-5743915-A,0.784938521543491,False
US-5748767-A,0.8101952081152723,False
US-5752974-A,0.7880813748455013,False
US-5752952-A,0.7980831572188715,False
US-5755809-A,0.7816895203417509,False
US-5766126-A,0.7733254850560118,False
US-5766221-A,0.7913907193849716,False
US-5769092-A,0.8098809348415814,False
US-5769894-A,0.7864785874442162,False
WO-9826720-A1,0.7142388800945243,False
US-5772672-A,0.773377958101686,False
US-5776151-A,0.7803626713123331,False
US-5776136-A,0.7817669872558692,False
US-5779706-A,0.8031110868269261,False
US-5779719-A,0.7785414389919156,False
US-5782862-A,0.7599549422619778,False
US-5785713-A,0.765911399836514,False
US-5792096-A,0.7178756285283696,False
US-5797931-A,0.7995170756747513,False
US-5797963-A,0.7764872627816607,False
US-5800537-A,0.7421709811549982,False
US-5807403-A,0.8218116457769125,False
US-5810849-A,0.7824182954735038,False
US-5810884-A,0.7676479969529834,False
US-5810853-A,0.7494281751681876,False
US-5814072-A,0.7635696013340794,False
US-5814073-A,0.7679845639921086,False
US-5817107-A,0.7739201409586468,False
US-5823994-A,0.7661051166259181,False
US-5824009-A,0.7588896675295195,False
US-5830125-A,0.7863043858656782,False
US-5836897-A,0.7362647116514278,False
US-5839899-A,0.7839551540104583,False
US-5844142-A,0.7578101858348824,False
US-5843178-A,0.7651053527251317,False
US-5847394-A,0.710700425777995,False
US-5845645-A,0.7654920897872214,False
US-5851185-A,0.7475860818620259,False
US-5865834-A,0.7839269334790656,False
US-5865728-A,0.7656551445359344,False
US-5866634-A,0.69755346014287,False
US-5868749-A,0.8384035104118696,False
US-5873891-A,0.777881802904966,False
US-5873212-A,0.7614244327561944,False
US-5874235-A,0.7089978890006088,False
US-5879371-A,0.772169322595546,False
US-5879372-A,0.7915463280850294,False
US-5891168-A,0.7591348116998724,False
US-5891166-A,0.7560757107722416,False
US-5893880-A,0.7644260233242194,False
US-5897574-A,0.7599549422619778,False
US-5899911-A,0.7787178395331976,False
US-5899921-A,0.7592688407421465,False
US-5906579-A,0.7595535249852459,False
US-5906625-A,0.7995170756747513,False
US-5908429-A,0.778983668256877,False
FR-2771621-A1,0.7142388800945243,False
US-5911721-A,0.7606551157165227,False
US-5911449-A,0.7657478320176201,False
US-5915751-A,0.7588364623211143,False
US-5919208-A,0.7745438986802672,False
US-5919215-A,0.7336924987424829,False
US-5919194-A,0.7677674582759355,False
US-5918604-A,0.7853442521631093,False
US-5919193-A,0.7873319887818897,False
US-5921986-A,0.7791377988070538,False
US-5924976-A,0.789953228211409,False
US-5925064-A,0.7943957162225477,False
US-5928267-A,0.7892587107858539,False
US-5928244-A,0.7788006736086011,False
US-5931869-A,0.7810165390369752,False
US-5931838-A,0.7566251837964977,False
US-5937504-A,0.7593213171801515,False
US-5940942-A,0.717407920432161,False
US-5941900-A,0.7664799580213335,False
US-5941901-A,0.7797895938051571,False
US-5945002-A,0.7135940635892526,False
US-5948000-A,0.769367596118109,False
US-5948001-A,0.769367596118109,False
US-5947982-A,0.7653298064241143,False
US-5948002-A,0.7523918036074033,False
US-5951590-A,0.7527495261912297,False
US-5956927-A,0.7733635321137623,False
US-5957953-A,0.7512141105142428,False
US-5961554-A,0.7668681245558712,False
US-5961538-A,0.761113189386844,False
US-5961499-A,0.7736671700891674,False
US-5961521-A,0.7833289157537511,False
US-5964075-A,0.7717440967394708,False
US-5964765-A,0.7874465554063691,False
US-5964769-A,0.8026900597153814,False
US-5967970-A,0.7661626261979747,False
US-5968046-A,0.7785759049113703,False
US-5968047-A,0.8384035104118696,False
US-5970686-A,0.7715353621996989,False
US-5980520-A,0.7321153903512504,False
US-5980559-A,0.7605635052645597,False
US-5980558-A,0.7780757685708505,False
US-5983601-A,0.7631271313476676,False
US-5984929-A,0.768778925056572,False
US-5987848-A,0.7686325074967213,False
US-5989282-A,0.795189658992516,False
US-5993458-A,0.7780851290546195,False
US-5993477-A,0.7735171863117051,False
US-6007580-A,0.7701399144233247,False
US-6007567-A,0.7605635052645597,False
US-6010525-A,0.7601119121231289,False
US-6010526-A,0.7548978296932445,False
US-6012216-A,0.7641799739079026,False
US-6014851-A,0.777609410343321,False
US-6017321-A,0.7062663988645823,False
US-6033430-A,0.7523918036074033,False
US-6032343-A,0.7543246045688557,False
US-6033429-A,0.7701030840810423,False
US-6045551-A,0.7764265919428806,False
US-6050998-A,0.7726594303447073,False
US-6056772-A,0.7679845639921086,False
US-6056751-A,0.7791584985295097,False
US-6056773-A,0.7664799580213335,False
FR-2785171-A1,0.7142388800945243,False
US-6059817-A,0.7892587107858539,False
US-6059827-A,0.7671385178937318,False
US-6059797-A,0.722446592718285,False
US-6063095-A,0.7848923813349648,False
US-6066166-A,0.7271601075329586,False
US-6066151-A,0.7825195616085067,False
US-6066160-A,0.7634230326406296,False
US-6068648-A,0.7761390786726549,False
US-6068637-A,0.7684536874285274,False
US-6074409-A,0.7527495261912297,False
US-6077277-A,0.7712047520869467,False
US-6077292-A,0.7664799580213335,False
US-6080161-A,0.783044188103158,False
US-6083522-A,0.7682952306468878,False
US-6083244-A,0.7778509064686601,False
US-6081981-A,0.7722109054433044,False
US-6086593-A,0.8024605349494126,False
US-6086608-A,0.7669717045730625,False
US-6090072-A,0.7313739976323488,False
US-6099537-A,0.796887831852484,False
US-6099531-A,0.7858727355859668,False
US-6099550-A,0.7848351885484425,False
US-6099547-A,0.793730743226863,False
US-6099552-A,0.7828032664244747,False
US-6102850-A,0.7893128739176121,False
US-6106545-A,0.7529677431068841,False
US-6117160-A,0.7791377988070538,False
US-6120536-A,0.7526707149184437,False
US-6125574-A,0.7079318072690732,False
US-6126677-A,0.7723676253985012,False
US-6132368-A,0.785991968213534,False
US-6139320-A,0.7706921509382768,False
US-6149658-A,0.7908272825565938,False
US-6149669-A,0.7846989772535656,False
US-RE36974-E,0.7628275805043832,False
US-6152949-A,0.7605635052645597,False
US-6155756-A,0.7645596066073514,False
US-6159234-A,0.7599721832657191,False
US-6159224-A,0.7899528621343429,False
US-6171307-B1,0.767641225731268,False
US-6174324-B1,0.7604660762926129,False
US-6179850-B1,0.743912240801595,False
US-6179840-B1,0.7982808762773232,False
US-6187008-B1,0.7909723488190722,False
US-6190401-B1,0.7725292937111897,False
US-6190400-B1,0.760156288375438,False
US-6200329-B1,0.7665423011256538,False
US-6200322-B1,0.7733928091275372,False
US-6205748-B1,0.7688888584845589,False
US-6217591-B1,0.7729231132585945,False
US-6224593-B1,0.7402697028402856,False
US-6224630-B1,0.7839493552934651,False
US-6228086-B1,0.7615438519098218,False
US-6231565-B1,0.7732584562526936,False
US-6231592-B1,0.7600924486525588,False
US-6238395-B1,0.7764265919428806,False
US-6238396-B1,0.7512782862132784,False
US-2001002440-A1,0.7572477884122893,False
US-6241749-B1,0.7712876343826611,False
US-2001005975-A1,0.7370335365301173,False
US-6258091-B1,0.7724125774214107,False
US-6264675-B1,0.7871712089603389,False
US-6263558-B1,0.7593650185896919,False
US-2001009250-A1,0.7148090919029249,False
US-6267761-B1,0.7554285420655341,False
US-6273717-B1,0.7602775603840656,False
US-6280474-B1,0.7820934970452676,False
US-6286746-B1,0.7644260233242194,False
US-6287325-B1,0.7664799580213335,False
US-6293961-B2,0.7699868854980657,False
US-6306159-B1,0.7639119671073263,False
US-6309405-B1,0.795189658992516,False
US-6312448-B1,0.7573221805832882,False
US-2001041916-A1,0.7635436988798397,False
US-6319252-B1,0.7773988075839121,False
US-6319271-B1,0.7710034640281264,False
US-6327491-B1,0.8012753116247754,False
US-2001049497-A1,0.7654872983525023,False
US-6338730-B1,0.7736671700891674,False
US-6340365-B2,0.7726891838948581,False
US-2002016633-A1,0.7851598553658855,False
US-2002016593-A1,0.7701384247647596,False
US-2002019649-A1,0.7661286408109101,False
US-6348056-B1,0.7576414862241023,False
US-2002026244-A1,0.7522780606575289,False
US-2002029083-A1,0.7460171388162256,False
US-2002029084-A1,0.8055011844009694,False
US-6358271-B1,0.7642206275252786,False
US-2002038118-A1,0.8377244508293757,False
US-6364897-B1,0.7679845639921086,False
US-6368326-B1,0.7808204676915723,False
US-6368343-B1,0.7707182447816809,False
US-6368325-B1,0.790725058654211,False
US-6371957-B1,0.7468316067803245,False
US-2002045902-A1,0.7933473038332144,False
US-2002045888-A1,0.7814414551832536,False
US-2002049449-A1,0.8264909517246735,False
US-2002062153-A1,0.7700768970628423,False
US-2002062136-A1,0.7615485766133834,False
US-6395007-B1,0.8247731725739434,False
US-6409742-B1,0.7715213835689742,False
US-6409743-B1,0.750962199955579,False
US-2002087049-A1,0.7623504027241632,False
US-2002087148-A1,0.7623504027241632,False
US-2002087166-A1,0.7623504027241632,False
WO-02053011-A2,0.7142388800945243,False
US-6419704-B1,0.7379974549938366,False
US-2002095175-A1,0.7623557233546576,False
US-6423072-B1,0.7891139949322146,False
US-6423088-B1,0.7602023169968959,False
US-6425919-B1,0.7490823791018714,False
US-2002103495-A1,0.7601907689735974,False
US-6428562-B2,0.7562335996224557,False
US-6432115-B1,0.7749010301575996,False
US-6436107-B1,0.7924118063830053,False
US-2002115934-A1,0.8044038794849329,False
US-2002120252-A1,0.7911768080049069,False
US-2002123750-A1,0.7979306418003245,False
US-6447550-B1,0.7150238406191552,False
US-6447516-B1,0.793233837554837,False
US-2002128662-A1,0.781788413245137,False
US-2002128633-A1,0.7921711227581152,False
US-2002128661-A1,0.7785863893939485,False
US-6451027-B1,0.7769282931076841,False
US-6450985-B1,0.7134700617314244,False
US-2002133173-A1,0.7853273452673944,False
US-2002133175-A1,0.818264096760608,False
US-2002138082-A1,0.8143652259556253,False
US-2002138109-A1,0.7847262311907556,False
US-2002143319-A1,0.7667366575490445,False
US-6461360-B1,0.7597407552251418,False
US-6468293-B2,0.7600924486525588,False
US-6471715-B1,0.7551458439384794,False
US-6475230-B1,0.7582426037117712,False
US-6488196-B1,0.7727209826878412,False
US-2002183851-A1,0.7575599395669982,False
US-2002183762-A1,0.7924779165081591,False
US-2002188301-A1,0.7863539994572376,False
US-6496003-B1,0.6932000912183371,False
US-6500195-B2,0.7665350573236289,False
US-6503259-B2,0.7732457132634165,False
US-2003014064-A1,0.7646055514104683,False
US-2003028196-A1,0.8170146075816419,False
US-2003040758-A1,0.7600775199225305,False
US-2003039196-A1,0.7196391021967679,False
US-6527774-B2,0.77333783357353,False
US-2003045900-A1,0.7726671448532871,False
US-6530933-B1,0.7536664005825742,False
US-6535764-B2,0.7356422573018631,False
US-6533818-B1,0.7668358236796922,False
US-6533157-B1,0.7324112050215724,False
US-2003055409-A1,0.7604768511961609,False
US-2003060927-A1,0.7720906812024656,False
US-2003065361-A1,0.7437401864789478,False
US-6545909-B2,0.6990288213665252,False
US-6544267-B1,0.7761390786726549,False
US-6547792-B1,0.775726455171304,False
US-6551304-B1,0.6984214247628816,False
US-6554852-B1,0.7930629839472706,False
US-6558390-B2,0.7635803874251245,False
US-6557426-B2,0.7721899859985668,False
US-6562043-B1,0.7698049838646513,False
US-6565554-B1,0.7385779091793628,False
US-6569187-B1,0.7599721832657191,False
US-6568313-B2,0.7125298763506931,False
US-6569167-B1,0.8062399541576161,False
US-6572635-B1,0.7605635052645597,False
US-2003105474-A1,0.7787353405489532,False
US-2003118518-A1,0.7135132535021051,False
US-6585746-B2,0.7832952307273974,False
US-6585764-B2,0.7319397416069948,False
US-6585750-B2,0.7708882370949746,False
US-2003125808-A1,0.744601811831984,False
US-6594517-B1,0.7352657691378464,False
US-6592609-B1,0.7946685614490809,False
US-6605090-B1,0.8065284344142418,False
US-2003158582-A1,0.76172900840147,False
US-6610080-B2,0.776363448343237,False
US-2003167072-A1,0.7930629839472706,False
US-6618910-B1,0.7119254640890016,False
US-2003176783-A1,0.7239063114630437,False
US-6623487-B1,0.7722045569439847,False
US-6623486-B1,0.7802890423011122,False
US-2003181800-A1,0.7919874213248335,False
US-6626944-B1,0.7506468301884309,False
US-6632245-B2,0.7696603398268871,False
US-2003195530-A1,0.7295921198767549,False
US-2003195565-A1,0.7605635052645597,False
US-6635073-B2,0.7635436988798397,False
US-6638279-B2,0.7764265919428806,False
US-2003204204-A1,0.7635436988798397,False
US-6641592-B1,0.7771244401342908,False
US-6645227-B2,0.7606865644522484,False
US-2003212403-A1,0.7857493846595793,False
US-2003216669-A1,0.7633659203048787,False
US-2003216742-A1,0.7926647181195833,False
US-2003225438-A1,0.7709076319218995,False
US-2003229361-A1,0.7610497107581307,False
US-6666877-B2,0.7842637325950695,False
US-6669705-B2,0.7528818083795545,False
US-2004010287-A1,0.795390839937086,False
US-6679888-B2,0.782303652041188,False
US-6685750-B1,0.718435697678277,False
US-2004030341-A1,0.7822366945729369,False
US-2004034357-A1,0.757298902306188,False
US-6699240-B2,0.7372713782675544,False
US-6699177-B1,0.8124815823653267,False
US-6705179-B1,0.687158886231414,False
US-6709457-B1,0.7710909093372634,False
US-6714841-B1,0.7803589882648717,False
US-6712828-B2,0.7683438531803402,False
US-6719765-B2,0.7787353405489532,False
US-6719797-B1,0.7313075490606785,False
US-6722552-B2,0.7592845488692003,False
US-6731988-B1,0.7434711540572431,False
US-6733531-B1,0.757476160033557,False
US-6733506-B1,0.8171079722761707,False
US-2004097948-A1,0.8157547326527125,False
US-2004097939-A1,0.8057959634096095,False
US-2004098050-A1,0.8093867446327626,False
US-2004102804-A1,0.7684735800419312,False
US-2004138703-A1,0.7900992205024149,False
US-6764514-B1,0.7616498919834037,False
US-2004143334-A1,0.7329547575909585,False
US-6770079-B2,0.8266912520050612,False
US-2004152970-A1,0.7867244186965212,False
US-6780198-B1,0.7978057459850735,False
US-2004167548-A1,0.7787353405489532,False
US-6783524-B2,0.7678247423418628,False
US-6786989-B2,0.7474891412162358,False
US-6796003-B1,0.7152317170068024,False
US-6799065-B1,0.7795068050253791,False
US-2004199072-A1,0.8038004146739184,False
US-2004220616-A1,0.7734914047728968,False
US-2004225325-A1,0.7749836280013019,False
US-6818010-B2,0.7800270028850933,False
US-2004230223-A1,0.7709076319218995,False
US-2004236374-A1,0.7709076319218995,False
US-6823871-B2,0.7940557990885184,False
US-2004243109-A1,0.7732584562526936,False
US-6827712-B2,0.7732584562526936,False
US-2004267242-A1,0.7542034116923176,False
US-6840938-B1,0.7627494395230596,False
US-6843403-B2,0.7547200690167837,False
US-2005033366-A1,0.7761390786726549,False
US-2005038514-A1,0.77646628605119,False
US-2005043796-A1,0.7562014353450625,False
US-6860885-B2,0.7933473038332144,False
US-6860878-B2,0.7604768511961609,False
US-6869437-B1,0.7744692688622743,False
US-2005071012-A1,0.744652048305868,False
US-6878167-B2,0.780698113129879,False
US-6884264-B2,0.7561141674663213,False
US-2005090827-A1,0.8007718992772458,False
US-2005090840-A1,0.7558455822335409,False
US-2005096699-A1,0.7606111012305777,False
US-6890334-B2,0.7737391393677366,False
US-6893434-B2,0.7874536844083461,False
US-2005113928-A1,0.7558995259377188,False
US-6899722-B2,0.795189658992516,False
US-2005126680-A1,0.7258141908383539,False
US-2005143826-A1,0.7604260011195209,False
US-6913666-B1,0.7407405263569414,False
US-2005149024-A1,0.7871217510384738,False
US-2005149029-A1,0.7933473038332144,False
US-6916321-B2,0.7747777872001556,False
US-6921264-B2,0.7739929073197391,False
US-6923824-B2,0.7747497096042046,False
US-6932835-B2,0.76172900840147,False
US-2005192673-A1,0.7736701469054738,False
US-6944111-B2,0.7197411124201871,False
US-6942684-B2,0.7679845639921086,False
US-2005203521-A1,0.7933287198711345,False
US-2005216059-A1,0.7352939714734379,False
US-2005216087-A1,0.7546750904968704,False
US-6951535-B2,0.787949033662881,False
US-2005222620-A1,0.7962575708767148,False
US-6955683-B2,0.7605635052645597,False
US-6955540-B2,0.7468081447981735,False
US-2005234332-A1,0.7916244418929179,False
US-2005234461-A1,0.7945628132457797,False
US-2005234465-A1,0.828721660362225,False
US-6958077-B2,0.7295420134031284,False
US-2005240190-A1,0.7803375865327349,False
US-2005240227-A1,0.7652078886954012,False
US-2005246021-A1,0.7489712139136293,False
US-2005261684-A1,0.7830864426797818,False
US-2005267481-A1,0.7901060040097562,False
US-2005267534-A1,0.7747358436496693,False
EP-1614525-A1,0.7142388800945243,False
US-2006009855-A1,0.7572316072375179,False
US-6987983-B2,0.7119250695124626,False
US-2006015108-A1,0.7605635052645597,False
US-2006015101-A1,0.7796149916392773,False
US-2006024357-A1,0.7279304014026806,False
US-2006026244-A1,0.687609322790075,False
US-6997940-B2,0.7749836280013019,False
US-7001411-B1,0.7691347894893065,False
US-7004959-B2,0.7572477884122893,False
US-7008226-B2,0.7647589689366838,False
US-7013191-B2,0.7691772585029388,False
US-2006064095-A1,0.7389196918715838,False
US-7018380-B2,0.7817164611819661,False
US-7033379-B2,0.7419355249870769,False
US-2006089646-A1,0.7592148894891056,False
US-7048755-B2,0.7582426037117712,False
US-2006122600-A1,0.7817164611819661,False
US-2006122704-A1,0.7486472541961754,False
US-7066960-B1,0.7491112413707517,False
US-2006142799-A1,0.7572477884122893,False
US-2006161136-A1,0.7702570204559109,False
US-2006161051-A1,0.789278458021539,False
US-2006167495-A1,0.7709076319218995,False
US-7087073-B2,0.7635436988798397,False
US-7090111-B2,0.7360419310049312,False
US-7090683-B2,0.7623504027241632,False
US-7094251-B2,0.7567706722951284,False
US-2006200199-A1,0.7813016588727288,False
US-2006212073-A1,0.7582426037117712,False
US-2006207978-A1,0.7621066769740397,False
US-2006217765-A1,0.7736716078175245,False
US-2006229623-A1,0.7710051122579433,False
US-2006235470-A1,0.7709076319218995,False
US-2006241695-A1,0.7709076319218995,False
US-7128763-B1,0.793790413216868,False
US-2006265011-A1,0.7635436988798397,False
US-2006265009-A1,0.7635436988798397,False
US-2006271056-A1,0.8015858729372282,False
US-7147652-B2,0.7600924486525588,False
US-7153312-B1,0.7692351031847801,False
US-7160405-B2,0.7258141908383539,False
US-2007032825-A1,0.7497623401389856,False
US-7179259-B1,0.7747721050941746,False
US-7192448-B2,0.809331534089281,False
US-2007088340-A1,0.7921711227581152,False
US-2007088362-A1,0.7772528023364907,False
US-7209776-B2,0.7725927529948762,False
US-2007100258-A1,0.7829133737360544,False
US-7217290-B2,0.7892587107858539,False
US-7217279-B2,0.761067031259311,False
US-2007118129-A1,0.7976575396587222,False
US-2007118055-A1,0.8240133947577994,False
US-7241297-B2,0.7830864426797818,False
US-2007173946-A1,0.7865807066178556,False
US-7250051-B2,0.7356747655372813,False
US-7252685-B2,0.7852449290107771,False
US-2007185498-A2,0.7516860536034444,False
WO-2007092869-A2,0.7142388800945243,False
CA-2641580-A1,0.7142388800945243,False
US-2007198555-A1,0.7023118397772612,False
US-2007219561-A1,0.8036945850142111,False
US-7273497-B2,0.7526562820672276,False
US-2007239153-A1,0.8115433907371613,False
US-2007265561-A1,0.7499829200797195,False
US-7297142-B2,0.7667366575490445,False
US-2007270833-A1,0.7806953880846264,False
US-2007287889-A1,0.7769970301946872,False
US-2008021474-A1,0.7806953880846264,False
US-7329263-B2,0.7709076319218995,False
US-2008039845-A1,0.7808974783030684,False
US-2008039873-A1,0.7709076319218995,False
US-7331932-B2,0.7679567176823006,False
CA-2660827-A1,0.7142388800945243,False
US-2008046090-A1,0.7700768970628423,False
US-7335205-B2,0.770440330064157,False
US-2008097448-A1,0.7853907611487775,False
US-2008108916-A1,0.7709076319218995,False
US-2008108897-A1,0.7497623401389856,False
US-2008114399-A1,0.7635436988798397,False
US-2008132950-A1,0.7588852091268039,False
US-2008140117-A1,0.7582426037117712,False
US-2008140088-A1,0.7666000957804368,False
US-2008140116-A1,0.795390839937086,False
US-2008195145-A1,0.7885075466137496,False
WO-2008116203-A2,0.7142388800945243,False
US-2008243127-A1,0.7840228809814626,False
US-2008262812-A1,0.8175563850905984,False
US-2008269753-A1,0.7618222080232715,False
US-2008269808-A1,0.7936657349211711,False
US-7445634-B2,0.7471847111697056,False
EP-1988837-A2,0.7142388800945243,False
US-7477926-B2,0.7587426131931821,False
US-2009024161-A1,0.7426843491865452,False
US-7481831-B2,0.7941356506385434,False
US-7481825-B2,0.8057959634096095,False
WO-2009029908-A1,0.7142388800945243,False
CA-2698057-A1,0.7142388800945243,False
US-7510895-B2,0.7181716789756958,False
US-2009093684-A1,0.7641958451945077,False
US-2009131941-A1,0.8232207170261141,False
US-2009138014-A1,0.7791377988070538,False
US-2009194969-A1,0.688396604779983,False
US-2009197217-A1,0.7654479377313393,False
US-2009287222-A1,0.7940799134885024,False
EP-2134294-A2,0.7142388800945243,False
US-7641660-B2,0.820952385254482,False
US-7708741-B1,0.8031043615719616,False
US-2010211120-A1,0.7812380860278169,False
WO-2010099222-A1,0.7142388800945243,False
US-7854750-B2,0.7497623401389856,False
US-7879072-B2,0.7736716078175245,False
US-7891691-B2,0.688396604779983,False
US-2011060375-A1,0.7620343144844269,False
US-7959635-B1,0.8041156910996392,False
US-2011144661-A1,0.7678546056426221,False
US-7967820-B2,0.7806953880846264,False
US-8046052-B2,0.7766296752679899,False
US-2011295253-A1,0.7808974783030684,False
US-8073528-B2,0.7710107656192268,False
US-2012053591-A1,0.7866180756152464,False
US-8128669-B2,0.7956098997568313,False
US-8140982-B2,0.7191946992609668,False
US-8147514-B2,0.7791377988070538,False
US-8162977-B2,0.7497554972675174,False
US-2012123937-A1,0.7005610774301017,False
US-2012165841-A1,0.7956098997568313,False
US-8214016-B2,0.8276246835721713,False
US-8221402-B2,0.7889818993424511,False
US-2012184961-A1,0.7868591046790235,False
US-2012191140-A1,0.7791377988070538,False
US-2012215233-A1,0.7396706365335151,False
US-2012330429-A1,0.7962227274761529,False
US-2013006267-A1,0.8142205478840385,False
US-2013035696-A1,0.8164503876817547,False
US-8429266-B2,0.7102774184595814,False
US-8500816-B2,0.7811870089008331,False
US-8532361-B2,0.8250959812102143,False
US-8560047-B2,0.7880192711070816,False
US-2013331730-A1,0.7740593475229305,False
US-8617171-B2,0.7939157882691988,False
US-8702732-B2,0.7690867191006205,False
US-8737700-B2,0.7939157882691988,False
US-8740798-B2,0.7516746361111307,False
US-8781193-B2,0.76294995541142,False
US-8781556-B2,0.7382116331300261,False
US-2014257293-A1,0.8012372814416394,False
WO-2014163164-A1,0.7142388800945243,False
US-2014343573-A1,0.8102081165486483,False
US-8894634-B2,0.7688765260846965,False
WO-2015020093-A1,0.7142388800945243,False
US-8968320-B2,0.8030148822653199,False
US-2015141759-A1,0.7971900489418784,False
US-2015157416-A1,0.7996310787577429,False
US-9060797-B2,0.8102081165486483,False
US-2015257768-A1,0.8002161345143296,False
US-2015320514-A1,0.7727516249626042,False
US-9186046-B2,0.7555590906948227,False
US-9195926-B2,0.7005534184601813,False
US-2016012306-A1,0.7440421024058494,False
US-2016030115-A1,0.7958350461256852,False
US-2016081758-A1,0.8090818133833859,False
US-2016199548-A1,0.7691064015534046,False
US-2016206375-A1,0.821796416778474,False
US-9456765-B2,0.8108101835064553,False
US-2017148213-A1,0.8085878262579139,False
US-9844414-B2,0.7818994464226218,False
US-9922410-B2,0.7121099111426739,False
US-10058393-B2,0.8014466469794065,False
US-2018296283-A1,0.8082277061319614,False
RU-184396-U1,0.7143748803527328,False
US-2019000049-A1,0.7287187254740374,False
US-10194801-B2,0.7462277126584274,False
US-2019220976-A1,0.8197910735466845,False
US-10368951-B2,0.7464472119850533,False
US-2019274765-A1,0.8082277061319614,False
US-10433763-B2,0.7988571731838141,False
US-2019388160-A1,0.8032852697749685,False
US-10594931-B2,0.7635173255495645,False
US-10672134-B2,0.7102580930530001,False
US-10687784-B2,0.7865838205203226,False
US-10765484-B2,0.8014466469794065,False
US-10828786-B2,0.7372537461933013,False
US-10974069-B2,0.7754795485081049,False
US-2021106389-A1,0.7963429234884116,False
US-11197651-B2,0.7707576575696373,False
US-2022015727-A1,0.7487555270502382,False
US-11229362-B2,0.7603951836772568,False
US-11317974-B2,0.7963429234884116,False
US-2022296311-A1,0.8304574182056318,False
US-4012014-A,0.7164262860299344,False
US-4216467-A,0.7181629397760373,False
GB-2091423-A,0.7142388800945243,False
US-4420808-A,0.7163747769772806,False
US-4584510-A,0.7054832762081934,False
US-4590339-A,0.7155571453549945,False
US-4733214-A,0.7178419854952104,False
US-5042314-A,0.7096164464159816,False
US-5128671-A,0.691428086357556,False
US-5223776-A,0.7225194470790617,False
US-5317301-A,0.6901592764550838,False
US-5459382-A,0.730851611612048,False
US-5503040-A,0.7237659910617235,False
US-5559432-A,0.6875412051530402,False
US-5565891-A,0.7200446478026841,False
US-5694153-A,0.7046847333568159,False
US-5749577-A,0.7103442052432358,False
US-5781180-A,0.710669689785701,False
JP-H11154031-A,0.7142388800945243,False
US-5963196-A,0.721396623393346,False
US-H1822-H,0.7008155069868756,False
US-6068554-A,0.7102972323652679,False
US-6198471-B1,0.7171480222313209,False
US-6201196-B1,0.7090476527607589,False
US-6222525-B1,0.7332713861870072,False
US-6429849-B1,0.6734615098048176,False
US-2002128064-A1,0.6946229290185022,False
US-6459420-B1,0.7043783224165932,False
US-2003006956-A1,0.7098088541676197,False
US-2003058219-A1,0.7313478385442304,False
US-6580418-B1,0.6857190269805076,False
US-6597347-B1,0.7088824083814721,False
US-6613997-B2,0.7008756994050768,False
US-6624806-B2,0.7019609603338026,False
US-6644141-B2,0.7282574925647437,False
US-2003214484-A1,0.6851051187962215,False
US-2004083940-A1,0.7132468341574502,False
US-6865342-B2,0.7199508998357476,False
US-2005104742-A1,0.7080218442164301,False
US-2005159850-A1,0.7001217698501625,False
US-2005277470-A1,0.7244970900852343,False
US-2006137931-A1,0.7134761222740664,False
US-2006156848-A1,0.7216277817076048,False
US-2006164383-A1,0.7158019502128982,False
US-2006224280-A1,0.7167405589286237,False
US-7131389-B1,0.712199639151313,False
US-2006262000-A1,0.7003718675859757,False
US-7170420-B2,0.7080218442164301,False
US-2007080934-A1,0.7024519303589646,False
US-2007156286-A1,0.7210937650901571,False
US-2008063400-A1,0.710375568586586,False
US-2008132334-A1,0.7086752875922558,False
US-2008174550-A1,0.704773320857836,False
US-2008278448-A1,0.7359709683408137,False
US-7548697-B2,0.710375568586586,False
US-2009152782-A1,0.7274477897818665,False
US-2009179869-A1,0.7241646247528261,False
US-7575491-B1,0.6817268553291432,False
US-2009213073-A1,0.7086755870834345,False
US-2009248220-A1,0.7065005827455536,False
US-2010097309-A1,0.7103550753356401,False
US-7793890-B2,0.7138715150413645,False
US-7823685-B2,0.7234405827366441,False
US-2010302017-A1,0.6972399591523625,False
US-7931239-B2,0.6987328914172398,False
US-2011148667-A1,0.7076191430204051,False
US-2011213384-A1,0.7802347636819252,False
US-2011219899-A1,0.7384961494876122,False
US-8089225-B2,0.7059195656356121,False
US-8100218-B2,0.6961486145296492,False
US-8212770-B2,0.707721159862385,False
US-2012187238-A1,0.6995042687880201,False
US-8258917-B2,0.7148676818965345,False
US-8276476-B2,0.7042478409968859,False
US-2012249455-A1,0.7027840003208843,False
US-8300012-B2,0.7197588584255039,False
CN-102824746-A,0.7142388800945243,False
US-8344914-B2,0.7076191430204051,False
US-8371187-B2,0.741654894222017,False
US-8380402-B2,0.7109282924544768,False
US-2013147611-A1,0.7148127524662623,False
US-2013178293-A1,0.7101062124584017,False
US-8576168-B2,0.7319157112112094,False
US-2013293362-A1,0.7056987750126529,False
US-2014083225-A1,0.710843725244815,False
US-8716973-B1,0.7246809756394612,False
US-2014247119-A1,0.7018265606154214,False
US-2014249695-A1,0.7185225122679415,False
US-8866597-B2,0.7148127524662623,False
US-8881616-B2,0.7384961494876122,False
US-8887597-B2,0.7177326800515653,False
US-2015253801-A1,0.7022492052697307,False
US-2016077589-A1,0.7272412710363717,False
US-2016195939-A1,0.7056987750126529,False
US-2016241767-A1,0.728238764835738,False
US-9501084-B1,0.7160382786305342,False
US-9547380-B2,0.7056987750126529,False
US-2017121000-A1,0.7255779650519515,False
US-9727076-B2,0.7398501923671507,False
US-2017233983-A1,0.7192745261116311,False
US-2017246533-A1,0.7161086606183715,False
US-2017269587-A1,0.7152639581347222,False
US-2018164799-A1,0.7157229737095592,False
CN-108885452-A,0.7142388800945243,False
US-10152853-B2,0.7299408667791762,False
US-2018356907-A1,0.7240978230203563,False
US-2019025869-A1,0.7197966736650887,False
US-2019033987-A1,0.7056987750126529,False
US-2019041894-A1,0.7152523422561999,False
US-2019042004-A1,0.72303766927974,False
US-2019042003-A1,0.7141823739885977,False
US-2019041891-A1,0.7197966736650887,False
US-10222794-B2,0.7070057297483565,False
US-10324487-B2,0.7152523422561999,False
US-10324540-B1,0.7056987750126529,False
US-10331233-B2,0.7226113724091652,False
US-10331232-B2,0.7141823739885977,False
US-2019243468-A1,0.7240978230203563,False
US-10481704-B2,0.7056987750126529,False
US-10520973-B2,0.7197966736650887,False
US-10664002-B2,0.708232053921097,False
US-2020285326-A1,0.7056987750126529,False
US-2006058604-A1,0.7684551059121575,False
CN-102033980-A,0.7142388800945243,False
US-2012076378-A1,0.7522119396989736,True
US-2019139320-A1,0.7475541359544821,False
US-10537388-B2,0.815026119077313,True
US-2020197137-A1,0.8235366025767344,True
US-3920222-A,0.704662568367468,False
US-4550622-A,0.7089657790538486,False
JP-2006212608-A,0.7142388800945243,False
US-7213479-B2,0.69070280487013,False
US-9802225-B2,0.7150030886590764,False
US-10601355-B2,0.6985470534472434,False
US-10843229-B2,0.7020597184676219,False
US-10945514-B2,0.7188291161733286,False
US-11203041-B2,0.7020597184676219,False
US-4926847-A,0.8055171693661878,False
US-5037423-A,0.7822304867216736,False
US-5234433-A,0.7789430942291995,False
US-5683397-A,0.7947761205174915,False
US-5688279-A,0.7728086641998746,False
US-5720752-A,0.7774422015743179,False
US-7104997-B2,0.7915460775018435,False
WO-2007030866-A1,0.7142388800945243,False
US-2011060341-A1,0.7830686252504123,False
US-2015051602-A1,0.7864105067577855,False
US-9005207-B2,0.8400169810304381,False
US-2015216541-A1,0.7905097475016181,False
US-2019029757-A1,0.8110587640800885,False
US-2020253666-A1,0.7801005220760261,False
JP-H0291713-U,0.7142388800945243,False
US-2008167884-A1,0.7060062097607319,False
US-2010312388-A1,0.7326098536098509,False
US-2016236867-A1,0.7109209755222383,False
US-9428336-B2,0.7347418030675164,False
US-2016325933-A1,0.7277668453160626,False
US-2016327941-A1,0.7263527373071855,False
US-2016325934-A1,0.7225478693320354,False
US-2017021502-A1,0.7185699624087573,False
US-2017100837-A1,0.72149270421428,False
US-2017136632-A1,0.7300700384516203,False
US-2017158430-A1,0.720723013139147,False
US-2017225330-A1,0.7348388524124893,False
US-2017233188-A1,0.7202110153742696,False
US-2017278047-A1,0.717611080457002,False
JP-2018507829-A,0.7142388800945243,False
US-2018154399-A1,0.7166251360508152,False
US-2018215541-A1,0.7376528641009245,False
JP-2018520957-A,0.7142388800945243,False
JP-2018126273-A,0.7142388800945243,False
US-2018276604-A1,0.7177061823095517,False
JP-2018150124-A,0.7142388800945243,False
US-10108185-B1,0.7199241875023646,False
US-10442607-B2,0.7197868026978927,False
US-2019361672-A1,0.7157332013931612,False
US-2020095063-A1,0.7254328344553048,False
US-2020094997-A1,0.7168013527651481,False
US-2020223634-A1,0.7167445281730056,False
US-4899761-A,0.7479458665112704,False
US-5470354-A,0.7758254240931876,False
US-2007066917-A1,0.7849931791245482,False
US-7442196-B2,0.7629941229295408,False
US-2009018544-A1,0.7620437894565582,False
US-7837691-B2,0.7788314621351277,False
US-2012017276-A1,0.7105454976940799,False
US-8118815-B2,0.8090632938524507,False
US-8197489-B2,0.7996784928638457,False
US-8491589-B2,0.7875988405814905,False
US-8506571-B2,0.7794200189418042,False
US-2014031828-A1,0.790274992349669,False
US-8998910-B2,0.8116595328897731,False
US-9539116-B2,0.7419897418105244,False
US-9554745-B2,0.7815926091545996,False
US-9572588-B2,0.7875988405814905,False
US-9642571-B2,0.7716148676076513,False
US-2017156736-A1,0.7821848759692055,False
US-2018049895-A1,0.770939230814174,False
US-2018085134-A1,0.780439651755154,False
US-2018098774-A1,0.7806660962708194,False
US-2018177612-A1,0.8034305985962582,False
US-10398477-B2,0.7704716192842987,False
US-2020289050-A1,0.7720415952812066,False
US-2022304829-A1,0.754773485537803,False
US-2008009697-A1,0.7880850983933068,False
US-7630750-B2,0.8014919584250128,False
US-2015257838-A1,0.8035345648369498,False
US-2016030658-A1,0.7353642100770277,False
US-2019000553-A1,0.7911812681450142,False
US-2019000570-A1,0.8023277607029052,False
US-2019388158-A1,0.7824838346418538,False
US-2020078180-A1,0.8030829497921397,False
US-2020093542-A1,0.796418396265158,False
US-2020275976-A1,0.7985235971923939,False
US-2020315708-A1,0.8053880884662761,False
US-2021378752-A1,0.7970282952062767,False
US-2022192844-A1,0.8148044377557536,False
US-11464650-B1,0.7882472434444718,False
US-11510733-B1,0.8245588279584932,False
EP-0538276-A1,0.7142388800945243,False
WO-2009134672-A1,0.7142388800945243,False
US-8532807-B2,0.8319056069194669,False
US-2014371897-A1,0.8262223093566942,False
US-2017203509-A1,0.7278796546083915,False
US-2018326484-A1,0.7361728631730299,False
US-2022354653-A1,0.750512044576863,False
