id,x,y
US-11707765-B2,34.70672,-62.830097
US-3578102-A,39.016872,-69.64314
US-3984805-A,36.666992,-66.33319
US-4098133-A,31.715088,-68.03552
US-4710656-A,45.41655,-68.006836
US-4749891-A,41.49949,-71.02825
US-4788968-A,46.63084,-73.89014
US-4982374-A,36.55248,-67.42003
JP-H03113337-A,-83.14434,37.618732
US-5136194-A,49.264168,-67.98426
WO-9318475-A1,-83.14434,37.618732
US-5327120-A,39.40374,-72.1137
US-5589828-A,37.86318,-52.92842
US-5643087-A,34.8179,-49.82993
US-10921904-B2,42.6049,-41.604393
US-5666138-A,38.585144,-45.66409
US-5780948-A,40.393677,-69.89758
US-5825663-A,40.730648,-67.36699
US-5857986-A,32.74664,-62.881214
US-5903077-A,38.334183,-65.652306
US-5923317-A,42.739872,-43.387836
US-5929607-A,32.1095,-51.73586
US-6002184-A,52.152752,-64.50362
US-6009986-A,39.852226,-70.662834
US-6023116-A,45.115612,-69.36024
US-12099655-B2,39.205963,-60.622276
US-6147422-A,52.152752,-64.50362
JP-2000333464-A,-83.14434,37.618732
US-6208497-B1,52.34329,-69.42021
US-6236125-B1,49.192524,-68.14328
JP-2001212508-A,-83.14434,37.618732
US-6275213-B1,32.499454,-63.737637
US-6307285-B1,52.152752,-64.50362
US-2002024503-A1,43.644493,-48.358204
US-6389941-B1,41.971386,-64.120865
US-6397285-B1,35.10471,-44.515854
US-2002080112-A1,34.805473,-57.020542
US-12374978-B2,40.13424,-65.36458
US-6424333-B1,32.49982,-63.737896
JP-2002205008-A,-83.14434,37.618732
EP-1226852-A2,-83.14434,37.618732
US-6504278-B1,41.16129,-68.06532
US-2003030619-A1,33.478157,-53.79807
US-2003038774-A1,47.524315,-55.773384
JP-2003199974-A,-83.14434,37.618732
US-6618646-B1,49.722874,-76.373795
US-6641480-B2,34.909794,-53.171154
JP-2003345233-A,-82.496376,58.549686
US-6679776-B1,34.082787,-62.94009
US-6693622-B1,34.646133,-60.50251
US-6704001-B1,33.343956,-50.76141
US-6742960-B2,38.971493,-67.80074
US-2004108992-A1,29.291367,-51.17086
JP-2004174309-A,-73.91062,26.89833
US-2004164959-A1,36.223507,-48.5003
US-2004169480-A1,42.78797,-67.85619
US-2004183782-A1,32.84122,-55.991962
US-2004183487-A1,42.776314,-67.938774
US-6809727-B2,47.523506,-55.772713
US-2004227727-A1,33.343987,-50.761456
US-2004233161-A1,34.656025,-60.509953
US-2004233167-A1,31.810932,-53.379547
US-6824468-B2,34.90974,-53.171265
US-2005030284-A1,34.806374,-57.02075
US-6864877-B2,34.806774,-57.02145
US-2005052415-A1,34.805378,-57.019783
US-6873067-B2,44.93103,-75.9369
US-2005077845-A1,38.248676,-65.65643
US-6883373-B2,49.72154,-76.373634
US-2005128186-A1,33.485806,-54.002502
US-2005134561-A1,25.62022,-59.76729
US-2005134562-A1,29.744123,-63.222294
US-2005195168-A1,32.379467,-51.69511
US-2005219206-A1,34.980255,-61.054344
US-2005221894-A1,43.60589,-42.54827
US-2005237314-A1,33.789295,-58.038815
US-6982696-B1,48.29933,-64.799736
US-2006015045-A1,33.24488,-66.73568
US-6992462-B1,40.091488,-43.774075
US-7084854-B1,34.06813,-57.487934
US-7091948-B2,30.023987,-52.95377
US-2006290662-A1,36.012836,-63.125126
US-11263879-B2,29.772928,-68.87452
US-7182691-B1,33.930683,-56.26437
US-7209118-B2,35.79192,-58.84226
US-2007091063-A1,26.444777,-56.49595
US-7218310-B2,35.82592,-60.619587
US-2007236450-A1,31.44215,-56.354008
US-2007265077-A1,35.853798,-56.700455
US-7315098-B2,44.947662,-75.875496
US-2008252594-A1,37.14401,-61.136955
US-7446752-B2,34.9974,-61.368504
US-7561142-B2,34.656193,-60.509083
KR-20100029158-A,-83.14434,37.618732
US-7683508-B2,43.30006,-71.02119
KR-20100044381-A,-83.14434,37.618732
US-2010245237-A1,25.366425,-55.762436
US-2010253487-A1,29.734327,-63.234787
KR-20100125941-A,-83.14434,37.618732
US-2011050404-A1,26.543428,-56.499866
US-7916576-B2,36.507034,-67.54005
US-7919945-B2,36.011642,-63.125637
US-7931605-B2,68.44726,22.041567
US-2011124959-A1,68.44726,22.041567
JP-2012125135-A,-83.14434,37.618732
US-2012224274-A1,43.760647,-69.31015
US-2012232780-A1,37.15866,-64.005615
US-2022395861-A1,39.944263,-65.51429
US-8384316-B2,36.013107,-63.125538
US-2013285490-A1,41.15276,-66.68819
US-8981682-B2,37.159462,-64.00571
US-2016225192-A1,-30.39271,-19.674273
US-12239381-B2,-31.5874,-19.001255
US-2022151704-A1,-33.363934,-19.787394
US-2017258526-A1,-24.726614,-30.884966
US-11259874-B1,-44.96715,7.189249
US-11832893-B2,-35.63197,34.423496
US-2023157757-A1,-12.108202,-36.122425
US-12220183-B2,-24.763897,15.71804
US-11701178-B2,-23.181465,30.022608
US-11918296-B1,-31.38869,11.947836
US-2008004603-A1,-16.953564,-10.714474
US-11080854-B2,-43.38589,-36.61259
US-12290319-B2,8.212381,2.1926408
US-7317841-B2,-44.05248,-35.211
US-7542622-B1,-44.270176,-34.960747
WO-2009121775-A2,-83.14434,37.618732
US-2009268010-A1,-33.241337,-28.917852
WO-2009121775-A3,-83.14434,37.618732
US-2011135170-A1,-24.916658,-21.893864
CN-102300498-A,-83.14434,37.618732
US-8224425-B2,-20.555246,-32.87936
US-2012183196-A1,-19.01629,-17.824505
TW-201246125-A,-47.950047,69.52179
US-2013038707-A1,-31.752401,-18.81861
CN-102958426-A,-66.9826,51.35941
US-2013176411-A1,13.564562,12.651193
WO-2013118065-A1,-83.14434,37.618732
CN-103513951-A,-83.14434,37.618732
US-2014072190-A1,-43.527172,-33.93272
US-2015257653-A1,-21.239288,4.6187363
US-2016035084-A1,-18.527294,-36.282944
US-2016252650-A1,-44.020943,-36.74943
US-9591968-B2,-18.525257,-36.32664
US-9750420-B1,-25.711954,-39.9705
US-9811901-B2,-43.527172,-33.93272
US-10152789-B2,-43.385727,-36.613327
US-10251714-B2,13.647844,-20.10388
US-10602987-B2,-18.516573,-36.265553
US-10607345-B2,-43.385876,-36.612972
US-6002859-A,-34.86048,23.745346
US-2020337784-A1,-28.343422,12.697656
US-11844577-B2,16.029348,-12.919402
US-11426245-B2,-5.133133,-12.719768
US-2012071893-A1,-42.71829,29.338984
US-2014208578-A1,-49.76194,23.625824
US-11337766-B2,-27.323055,15.188436
US-10194991-B2,-39.150272,16.89253
US-11999065-B2,10.808217,-15.622391
US-10716630-B2,-28.123028,12.507684
US-2012158011-A1,31.706263,4.661643
US-12245835-B2,-3.4771008,-25.879059
US-12089912-B2,30.63805,1.2344415
US-2017354470-A1,14.040208,-18.510262
US-2019117111-A1,13.927626,21.932878
US-2020078097-A1,8.773342,-10.5120125
US-2021196425-A1,-30.844849,-11.555702
US-12137872-B2,-20.359303,-26.410883
US-11992200-B2,-21.404978,-24.799683
US-9600138-B2,-19.143078,-2.7658644
US-11950851-B1,-21.041914,3.1459372
US-11937889-B2,0.62038934,22.379805
US-2021212782-A1,-12.487513,-29.388382
US-2003120391-A1,4.116687,-41.1963
US-11904470-B2,8.401866,-48.92383
US-12172314-B2,8.883603,-48.713493
JP-2003256025-A,-83.14434,37.618732
JP-2003271975-A,-83.14434,37.618732
JP-2004049731-A,-83.14434,37.618732
WO-2004106009-A1,-83.14434,37.618732
JP-2005131713-A,-83.14434,37.618732
WO-2006013829-A1,-83.14434,37.618732
FR-2898824-A1,-83.14434,37.618732
US-2012185096-A1,11.315738,-54.78741
US-2013245824-A1,8.46577,-50.670753
JP-2013193202-A,-83.14434,37.618732
US-2014163730-A1,5.4469886,-47.60416
US-2016129592-A1,3.519829,-48.291275
US-11648676-B2,5.968043,-63.415226
US-10953544-B2,5.4666343,-47.50915
JP-2016103277-A,-83.14434,37.618732
JP-2016146188-A,-83.14434,37.618732
US-2016257000-A1,-16.973509,-50.170414
US-2017232613-A1,9.425264,-50.81673
US-2017343992-A1,6.8022065,-53.888477
US-2022371193-A1,8.8974695,-48.718727
US-2017357270-A1,-3.944752,-44.832462
US-9919232-B2,10.635525,-51.828064
US-9926138-B1,3.7878804,-65.41655
US-11488323-B2,-1.9671906,-57.224026
US-11319166-B2,-3.006307,-62.035114
US-12304750-B2,-4.191752,-69.257324
WO-2018156952-A1,-91.71724,23.742895
US-10571896-B2,6.804052,-53.88563
WO-2020047120-A1,-83.14434,37.618732
US-2020070343-A1,9.103845,-49.074074
US-10834419-B2,-46.440365,-20.08692
US-10836183-B2,-17.163458,-41.049625
US-11148288-B2,9.111517,-49.05493
US-2021379758-A1,8.959494,-48.75103
US-2021379748-A1,57.49443,0.17081067
US-2022032458-A1,8.983383,-49.210365
US-11298825-B2,8.717861,-49.266094
WO-2022170279-A1,-83.14434,37.618732
US-9102055-B1,1.7712276,-50.999218
US-2023041343-A1,-2.447545,-52.361446
US-2023016733-A1,-2.8480802,-70.54423
US-2016136808-A1,3.7604363,-53.51424
US-2020078938-A1,5.350964,-55.870705
US-12421054-B2,7.0553083,-63.23178
US-2020122344-A1,-39.40693,-25.835985
US-2020334835-A1,-0.51184493,-65.35069
US-2020377315-A1,-2.847717,-70.54429
US-2022157063-A1,-38.930172,-27.868723
US-2023027984-A1,-2.447545,-52.361446
US-2022203547-A1,0.78111887,-63.05895
US-2022261738-A1,-8.623725,-44.153866
US-11436748-B2,-40.06891,-23.039692
US-2022305680-A1,-37.74795,-25.491215
US-11482045-B1,-20.468939,-17.31149
US-2023150777-A1,3.3683667,-62.044403
US-2009096148-A1,8.460985,-66.59194
US-2021069910-A1,8.265473,-37.142876
US-2021387350-A1,8.264611,-37.150448
US-2011270444-A1,12.411449,-45.197433
US-2014023461-A1,55.378998,-20.318739
US-2018021955-A1,3.219216,-40.58682
US-2019255708-A1,5.4715805,-41.73676
US-2020122327-A1,1.0735921,-50.175106
US-10814440-B1,54.96533,-20.59702
US-2013282165-A1,-0.18744092,-73.735695
US-2021237274-A1,-2.6907082,-58.465206
US-2019193956-A1,-4.398383,-72.31264
US-2004236424-A1,-51.12243,23.815765
US-12251164-B2,-47.003407,11.287253
US-12440280-B2,-46.99972,11.278125
US-12096995-B2,13.069608,-13.982909
US-2005267584-A1,-50.254745,24.954693
US-2008306490-A1,-23.041273,15.122512
US-11931107-B1,-31.825274,-9.4842825
US-2010256504-A1,-49.34995,12.91019
US-2023019543-A1,-7.28588,5.7056336
EP-2338530-A2,-83.14434,37.618732
US-8078440-B2,-32.82386,22.29511
US-11272989-B2,-17.302011,-1.1814848
US-12127791-B1,-34.583385,15.955947
US-12144551-B1,-41.34877,21.78598
US-8883915-B2,10.085754,44.546818
US-2016038291-A1,-40.34632,16.58544
US-2018007105-A1,-19.344984,-19.816998
US-10342636-B2,30.339266,-14.474338
US-10426571-B2,29.629244,-14.692674
US-2020030109-A1,-38.72676,14.553401
US-10993777-B2,29.264406,-14.761073
US-2007238981-A1,-16.161604,-5.835062
US-2007249967-A1,-31.255749,7.669591
US-12076090-B2,-29.5189,14.868363
US-2009018445-A1,-22.564598,11.500247
US-2011137156-A1,-19.40471,-11.112135
US-2013129175-A1,-33.91937,-10.076373
US-2013237811-A1,-4.8003154,3.3103945
US-2024081784-A1,-6.975328,5.202898
US-11737841-B2,-3.4347186,-19.835163
US-2013267838-A1,-30.375214,-19.824484
US-2016317122-A1,-4.1625175,4.160734
WO-2016207628-A1,-66.9826,51.35941
US-2018168740-A1,-29.17177,-17.453987
US-2022151705-A1,-29.585958,-17.461773
US-2018185100-A1,-29.635653,-17.461418
US-2019110842-A1,-24.727528,-30.88605
US-2019239850-A1,-31.682688,-20.741955
US-2019254754-A1,-33.016415,-19.568897
US-2019289284-A1,-27.808434,-44.967377
US-2019339525-A1,-29.441582,-15.275734
US-2019349559-A1,-26.841497,-17.961836
US-2019380790-A1,-7.0742407,3.7364469
US-2020059640-A1,-27.646034,-44.963303
US-2020064439-A1,-23.326818,-39.92487
US-2021045715-A1,-7.5224686,6.1134157
US-2023371919-A1,-5.8220363,8.389337
US-2021093400-A1,-40.440105,5.1395125
US-2021121238-A1,-29.429892,-20.044159
US-2021137350-A1,-30.850042,-18.81967
US-2021068845-A1,15.37855,-11.017717
US-2024058063-A1,24.994976,-18.692406
US-2007118243-A1,-44.717304,23.30494
US-12023103-B2,-33.48884,1.3658019
WO-2013177051-A1,-83.14434,37.618732
US-2016231732-A1,-37.025726,10.578005
US-11819416-B1,-32.071777,11.39043
US-2020101273-A1,-21.658888,-33.934814
US-2021177603-A1,-10.0347595,51.16142
US-2021177623-A1,-9.760179,51.334072
US-2021251704-A1,9.672506,-18.358059
US-11337762-B2,-39.0167,9.765222
US-11523916-B2,-9.760179,51.334072
US-2023107003-A1,5.8542433,21.684998
US-2023181256-A1,-31.9838,12.703313
US-2023298728-A1,-32.922825,12.101577
US-2023301791-A1,-35.009712,2.747696
US-2023363832-A1,-29.407282,-15.085691
US-2023377714-A1,-26.038298,8.947846
US-2023397964-A1,10.555045,-11.044029
US-2004116835-A1,-14.625994,46.8271
US-2021346005-A1,-16.658228,42.700413
US-12279761-B2,-14.049051,39.678177
US-7763028-B2,-6.9128594,60.31305
US-2011257655-A1,-14.156631,47.304657
US-8828008-B2,-43.009785,29.093716
US-2014193053-A1,-38.066456,-5.4875712
US-2022125517-A1,-36.090405,6.1737404
US-2017071673-A1,-28.329134,19.68962
US-2017367766-A1,-38.098602,12.789252
US-2022265355-A1,-33.71186,-19.826708
US-11896328-B1,7.08751,-6.669485
US-11896329-B1,6.3244157,-6.589249
US-5872438-A,-15.00523,-51.563293
US-12189123-B2,24.784773,-57.149246
US-6695770-B1,25.012669,-55.563904
US-2005116954-A1,-16.65778,-42.461006
US-2006015560-A1,26.719444,-62.596943
US-2006262120-A1,-14.886252,-51.37539
US-2007186007-A1,-20.310816,-49.21533
US-2008081701-A1,-18.355736,-51.890736
US-2008294663-A1,-16.684381,-42.41362
US-2009063156-A1,-15.160125,-38.826378
US-2011082009-A1,-13.226177,-49.353508
US-11083967-B1,-15.466958,-51.852356
US-2012226987-A1,-21.382393,-48.19064
US-2013271457-A1,-20.177324,-51.187027
US-2014009490-A1,-23.803207,-53.78462
US-2014046829-A1,-20.000498,-51.410297
US-2014063061-A1,-40.324696,-18.243765
US-2014114845-A1,-20.63236,-50.443226
US-12093500-B2,-23.41862,-51.578735
US-2014306866-A1,-19.418493,-49.25512
US-12142367-B2,-25.439753,-25.362755
US-2015002541-A1,-14.27403,-46.228516
US-2015268722-A1,26.907726,-60.624596
US-11733777-B2,24.0074,-61.446667
US-2016035140-A1,-27.158792,-40.838013
US-2016093108-A1,-25.104382,-45.18728
US-2016189494-A1,27.944244,-59.835934
US-2018330549-A1,-18.51526,-49.59943
US-2019249908-A1,26.193537,-71.00728
US-2021043011-A1,-17.966951,-49.825436
WO-2017093683-A1,-83.14434,37.618732
US-2021387333-A1,6.7162213,-62.414646
US-11904468-B2,6.267405,-61.87263
US-2018032225-A1,0.6945626,-70.2621
US-2019077011-A1,10.043083,-69.84089
US-2020269429-A1,6.833981,-58.62213
US-5431653-A,-25.711359,42.17436
US-2023172600-A1,-16.606785,41.904926
US-2023072295-A1,-16.583675,42.063454
US-5800438-A,-26.617489,44.628075
US-2006074431-A1,-14.012773,47.48853
US-2007162040-A1,-11.5021,56.227356
EP-2011442-A1,-83.14434,37.618732
US-2009198240-A1,-23.31787,43.01354
US-12213658-B2,-11.98627,37.107147
US-7615055-B2,-25.362167,37.014824
US-2010100102-A1,-19.70731,40.783314
US-2011282158-A1,60.437416,-2.146749
US-2013079792-A1,-17.436472,33.21203
US-2014288658-A1,-35.51411,48.340855
US-2016346044-A1,-31.498604,38.218105
WO-2020033589-A1,-69.380226,35.506596
US-2020222205-A1,55.242302,0.8881741
US-2020352555-A1,-13.81975,42.841236
US-2021298734-A1,-11.985786,37.10716
US-2022133291-A1,-14.087068,42.774128
US-11419595-B2,-8.477607,58.212097
US-11666318-B2,-14.094611,38.33145
US-2013184868-A1,29.409134,-32.675674
US-2020368905-A1,3.6357157,-56.70258
US-9205558-B1,11.118393,-63.430668
US-9238304-B1,1.7737129,-50.936703
US-2016059412-A1,7.3056827,-52.819084
US-2020388074-A1,6.6605277,-21.271177
US-2016075031-A1,10.308323,-69.19566
US-9333649-B1,5.3511524,-55.87055
US-9375853-B1,4.0466137,-52.742817
US-2016239013-A1,3.2282636,-39.522865
US-2017106534-A1,32.535603,-38.092537
US-2017173795-A1,35.352703,-32.707565
US-2018361595-A1,3.147176,-39.24058
US-10773385-B2,3.6358075,-56.701576
JP-H0515957-A,-83.14434,37.618732
JP-2002254380-A,-68.8954,41.51745
US-7017961-B1,57.050476,-22.78011
CN-101296611-A,-83.14434,37.618732
CN-101618544-A,-66.9826,51.35941
JP-2010005769-A,-83.14434,37.618732
US-2010222915-A1,-0.16736253,-75.15569
US-12202145-B2,1.5568336,-55.768684
CN-103043359-A,-82.496376,58.549686
JP-2013154457-A,-83.14434,37.618732
CN-104044151-A,-83.14434,37.618732
JP-2014176926-A,-66.9826,51.35941
US-9089969-B1,8.672234,-71.12527
US-9393693-B1,4.619,-54.76525
CN-106660207-A,-83.14434,37.618732
CN-106660212-A,-69.380226,35.506596
US-2018040132-A1,8.71508,-68.6962
CN-107838945-A,-83.14434,37.618732
JP-2018047515-A,-66.9826,51.35941
US-2018162660-A1,-3.4646814,-77.28118
CN-108778636-A,-66.9826,51.35941
US-10124489-B2,0.41576484,-63.651188
CN-109129544-A,-66.9826,51.35941
US-2019030730-A1,12.039813,-62.7323
US-2019047158-A1,55.603672,-21.04865
US-10207868-B1,1.7524691,-65.51511
CN-109483554-A,-66.9826,51.35941
US-2019084012-A1,10.897423,-63.08734
CN-109500810-A,-66.9826,51.35941
JP-2019085271-A,-69.380226,35.506596
KR-20190068663-A,-66.9826,51.35941
WO-2019147697-A1,-66.9826,51.35941
US-2019263603-A1,-3.4646814,-77.28118
JP-2019162685-A,-66.9826,51.35941
US-10576630-B1,4.228471,-57.19083
US-2020376662-A1,1.3449727,-69.32574
US-2021024298-A1,3.221939,-71.46755
US-2021053216-A1,6.7159557,-62.41489
CN-112405570-A,-83.14434,37.618732
US-11117256-B2,6.7162213,-62.414646
US-11345029-B2,6.2669144,-61.874092
JP-H09245195-A,-83.14434,37.618732
US-2002063807-A1,-25.357431,-37.05656
US-2021335483-A1,-32.225193,-17.99812
US-2002082498-A1,-26.160858,-17.304775
US-6449103-B1,-34.515274,-34.153584
US-2003223038-A1,-46.72729,-29.426916
US-2005036109-A1,-35.265118,-42.309868
US-2005168569-A1,-32.64031,-38.069466
US-2005280603-A1,-31.299229,-41.05193
US-2006087746-A1,10.934946,-27.560154
US-2007121070-A1,-46.75813,-29.375086
US-2009086313-A1,-35.144917,-33.168076
US-2009123036-A1,-47.80381,-26.01632
US-2009128834-A1,-35.355946,-37.226112
US-2009218400-A1,-2.966061,-48.87838
US-7639208-B1,-34.215565,-45.036934
US-2010011959-A1,50.394547,-53.285686
US-2010079356-A1,-27.541159,-42.165836
US-2010149073-A1,-36.23921,-42.836853
US-2010254017-A1,-36.719936,-43.289192
US-2010277471-A1,-35.980423,-22.635822
US-2011043644-A1,-34.09358,-37.0042
US-8135227-B2,-34.2912,-37.961693
US-2012068913-A1,-31.77707,-46.366783
US-2012200595-A1,-34.291237,-37.961273
US-2012281181-A1,-31.71611,-40.625267
US-8311328-B2,-28.62565,-43.425964
US-2012326948-A1,-32.919086,-46.560863
US-8350898-B2,-28.25614,-43.045616
US-2013099700-A1,-32.171806,-55.75284
US-2013155507-A1,-38.40812,-46.488358
US-2013162632-A1,-24.000835,-42.26434
US-2013162673-A1,-31.785236,-47.18837
US-2013172902-A1,9.412685,-13.695598
US-12151377-B2,-1.3836192,-23.340113
US-2013178868-A1,14.60377,-20.465508
KR-20130082637-A,-68.8954,41.51745
US-8494298-B2,-34.29053,-37.961628
US-2013194254-A1,-36.921494,-25.3334
US-2013215147-A1,-37.099144,-36.33735
US-8579194-B2,-2.9660676,-48.878117
US-2013329184-A1,-38.409496,-46.478333
US-2013329190-A1,-34.291233,-37.96128
US-2013335543-A1,-37.098766,-36.33858
US-2014002597-A1,-40.26681,-6.1569495
US-2014002587-A1,-29.397875,-38.193295
US-2014063054-A1,-32.237286,-42.85014
US-2014094655-A1,15.886173,10.514858
US-2014098226-A1,-31.890682,-39.90122
US-2014160264-A1,-32.728405,-35.878666
US-8771805-B2,6.774097,38.938236
US-2014214122-A1,5.893736,31.922968
US-8798756-B2,-39.566025,-38.313435
JP-5571901-B2,-73.91062,26.89833
US-8812120-B2,-37.83486,-38.99776
US-2014232645-A1,-30.462532,-44.698917
US-2014243971-A1,-31.562662,-40.70801
US-8831745-B2,7.8897743,35.19567
US-8831734-B2,5.893736,31.922968
US-2014275760-A1,-31.974531,-19.297472
US-2021157403-A1,-30.639263,-43.75685
WO-2014140849-A2,-83.14434,37.618732
KR-20140112207-A,-68.8954,41.51745
US-2014283429-A1,-7.2608485,-6.7848806
US-8874224-B2,6.9138565,38.285786
US-8874239-B2,8.611772,34.35762
US-8886329-B2,6.977788,34.01639
US-8912979-B1,-25.610695,-43.82531
US-8934983-B2,7.534807,33.204113
US-8954157-B2,9.676564,50.25295
US-8976086-B2,-28.84426,-41.331257
US-2015084841-A1,-28.84335,-41.330864
US-9002462-B2,-38.112278,-38.629097
US-9042985-B2,9.212572,30.36492
US-9044591-B2,-38.092335,-39.060074
US-9044590-B2,7.0740185,37.2333
US-9050468-B2,-39.287266,-38.48615
US-9061150-B2,-38.44239,-38.188053
US-9072900-B2,6.361583,33.07641
US-9072888-B2,7.0710135,33.45551
US-2015193984-A1,-31.77707,-46.366783
US-9078739-B2,7.848606,32.816814
US-9084895-B2,8.103549,32.711006
US-2015205132-A1,-33.620953,-44.9085
US-9089702-B2,-39.095207,-38.94598
US-9089690-B2,7.2786164,33.945114
US-9089701-B2,7.00578,32.271164
US-9095709-B2,-37.85432,-41.20562
US-9095710-B2,6.7301655,33.29981
US-9097891-B2,-32.30545,-42.900608
US-9095722-B2,6.0552607,40.565468
US-2015355481-A1,-27.916418,-40.890457
US-2015362733-A1,-29.063742,-46.605362
US-2015378074-A1,-36.750633,-43.817318
US-2016027216-A1,-25.283813,-44.958553
US-2016037849-A1,-35.018147,-47.24911
US-2016055822-A1,-32.2286,-45.368217
US-2016091968-A1,-26.631996,-53.51273
US-2016183779-A1,-27.142262,-31.15868
US-2016196694-A1,-29.706186,-46.223465
WO-2016133644-A1,-81.031906,-14.466513
US-2016247418-A1,-6.5000787,-22.429436
US-2016252325-A1,-3.1095593,3.2272937
US-2016267720-A1,-28.171324,-46.428707
US-2016262608-A1,-29.300425,-41.006622
US-2016270656-A1,-18.007072,-31.613379
US-2016270648-A1,-47.892582,-26.860563
US-2016377871-A1,-37.229034,-43.11708
US-2016379593-A1,-34.368073,-38.91767
US-2017010469-A1,-18.007072,-31.613379
US-2017007351-A1,-29.17398,-39.23794
US-2017011706-A1,-26.685377,-42.51383
US-2017068119-A1,-33.3832,-38.34794
US-2017094167-A1,-31.36575,-36.16291
WO-2017064301-A1,-77.949936,45.2521
US-9651784-B2,-29.351213,-46.707508
US-9651786-B1,-34.246624,-46.17636
US-2017236332-A1,-27.17163,-47.38219
US-2017242253-A1,-33.350037,-46.945625
US-2017293380-A1,31.884443,-46.33101
US-2017323615-A1,-32.338367,-45.931736
US-2018045964-A1,-30.341536,-42.110874
WO-2018067611-A1,-81.031906,-14.466513
US-9955862-B2,-47.892582,-26.860563
US-2018116742-A1,-10.385247,-3.2802815
US-2018125340-A1,-29.064087,-37.28819
KR-20180068351-A,-81.031906,-14.466513
US-2018250085-A1,61.33128,0.89364904
US-12268460-B2,18.891916,-23.948177
US-10111583-B1,-47.892582,-26.860563
US-2018325618-A1,-26.54108,-10.887176
US-11583345-B2,-33.655823,-25.639654
US-10149958-B1,-27.512716,-47.620125
US-10323904-B1,-30.980314,-38.200268
US-10345768-B2,-29.334562,-46.76262
US-2019339528-A1,-31.731993,-47.32396
US-2019353457-A1,-35.522266,-20.574907
US-2019359351-A1,39.16964,-36.404327
WO-2020014707-A1,-82.496376,58.549686
US-2020030054-A1,-25.372883,-25.705103
US-2020038120-A1,-18.898422,-25.82024
US-10638080-B2,-30.745562,-43.695103
US-2020281670-A1,8.876203,-9.685083
US-10874297-B1,-47.892532,-26.859602
US-2021022599-A1,-31.638243,-19.316992
US-2021149173-A1,-28.448788,-34.883537
EP-4052647-A1,-60.79352,73.66715
US-6091422-A,-21.51587,-50.822155
US-2002163545-A1,-22.627897,-47.776543
US-6850221-B1,34.693172,-46.04011
US-2006028436-A1,37.71678,-52.933395
US-2007081123-A1,-34.43575,-41.13939
US-2011310227-A1,-24.977224,-51.508766
US-2012127062-A1,-31.20712,-46.21539
US-2012162549-A1,-34.95535,-44.179832
US-2013082922-A1,32.683132,-44.423134
US-2013117377-A1,-19.418493,-49.25512
US-2013125027-A1,-20.233328,-49.958645
US-2013135344-A1,-21.967352,-49.74263
US-2013208234-A1,-34.392914,-41.148655
US-2013242262-A1,-34.392914,-41.148655
US-2014071539-A1,-35.498524,-43.872955
CN-103714192-A,-81.031906,-14.466513
US-2014177023-A1,-33.924347,-44.951244
US-2014218468-A1,-34.402233,-35.10215
US-2014267400-A1,-25.47606,-43.18245
US-2014267420-A1,-27.398794,-40.31236
US-2015016777-A1,-41.875393,-45.465096
US-2015103306-A1,-29.813658,-43.801426
US-2015112808-A1,-24.80472,-52.344185
US-2015178939-A1,-27.172094,-48.48612
US-2015205126-A1,-27.757822,-48.45911
US-2015309263-A2,-41.875393,-45.465096
US-2015326570-A1,-15.626872,-37.191963
US-2015346495-A1,-28.077003,-48.5898
US-2016011419-A1,-35.56351,-43.98153
US-2016026253-A1,-27.131062,-48.621803
US-9448687-B1,-26.559843,-53.284744
US-2017256096-A1,-15.212199,-55.416973
US-2017332009-A1,-32.380676,-39.224686
US-2017336862-A1,-23.914564,-40.223328
US-2018137351-A1,-18.65979,-57.597786
US-2018315248-A1,-23.768038,-52.0779
US-2019122440-A1,-24.825148,-51.62825
WO-2019126238-A1,-81.031906,-14.466513
US-2019197785-A1,-24.129295,-48.538162
US-2019258365-A1,-24.027462,-48.498722
US-2019340818-A1,-25.93715,-47.508347
US-2020054398-A1,-26.418217,-44.95494
WO-2021113322-A1,-81.031906,-14.466513
US-2021173547-A1,-23.418745,-51.57901
US-2009143670-A1,-18.152258,-13.33404
US-2012306850-A1,-26.507996,-49.582676
US-2014200621-A1,-11.870568,-0.90242517
US-2018140328-A1,19.367882,34.228607
US-2023157762-A1,-12.042314,-36.010674
US-2024398479-A1,-8.998616,-27.006763
US-2019262617-A1,19.516813,33.65525
US-2019307516-A1,-7.2698474,2.4291556
US-2021137634-A1,-24.829668,-31.936588
US-2023008264-A1,14.105781,22.001904
EP-0133981-A2,-60.79352,73.66715
US-12433697-B2,40.60099,-16.327105
US-2007299427-A1,44.135056,-11.629272
US-2015298825-A1,54.337067,-19.79892
US-3919607-A,43.5653,-67.730736
US-4017694-A,45.561977,-67.815216
EP-0204386-A1,-82.496376,58.549686
EP-0229013-A2,-66.9826,51.35941
EP-0239333-A2,-73.91062,26.89833
US-5296790-A,43.77794,-66.90476
US-5621293-A,52.283543,-69.393005
US-5717767-A,29.492723,-71.472786
US-5783899-A,47.008217,-70.66263
US-5921149-A,43.61544,-67.17673
US-6023515-A,37.497402,-72.1311
US-2002001392-A1,38.243824,-74.52583
EP-1258970-A1,-81.031906,-14.466513
US-2003015929-A1,46.845596,-73.204124
EP-1282338-A2,-66.9826,51.35941
EP-1300932-A2,-81.031906,-14.466513
US-6603863-B1,29.475481,-72.35125
EP-1438111-A2,-60.79352,73.66715
US-2004155741-A1,49.586967,-69.58856
US-2004251750-A1,51.72973,-66.726105
US-2005189823-A1,43.9984,-72.42876
WO-2006001436-A1,-81.031906,-14.466513
US-2006045298-A1,44.64661,-70.478775
US-7071584-B2,47.4355,-72.17583
US-2006171553-A1,30.141373,-71.98532
US-2006293722-A1,37.057087,25.788162
JP-2007043768-A,-81.031906,-14.466513
US-2007146317-A1,32.980907,-56.346184
US-2007270196-A1,30.098778,-72.016716
US-2007290988-A1,35.785553,-63.872837
US-2008001483-A1,48.778023,-71.55892
US-2008090622-A1,29.407045,-74.54813
US-2008096726-A1,-7.9632044,-40.53741
US-2008194962-A1,-5.983483,8.014248
US-2009036212-A1,28.705105,-54.83382
CN-100468926-C,-73.91062,26.89833
US-2009174266-A1,44.324688,-66.87079
US-2010046787-A1,30.022877,-69.99223
EP-2183660-A2,-66.9826,51.35941
US-2010134225-A1,-11.542489,17.944962
US-2010141408-A1,33.515034,-61.401203
US-2010316235-A1,32.492905,-74.0681
EP-2273346-A1,-73.91062,26.89833
US-2011018365-A1,43.674973,-73.67242
US-2011018367-A1,43.673946,-73.67833
US-2011101896-A1,48.78288,-71.31297
EP-2338219-A2,-81.031906,-14.466513
US-8097988-B2,43.674973,-73.67242
US-2012027222-A1,38.35268,-74.35501
US-2012025742-A1,39.336807,-69.00668
US-2012032619-A1,43.6344,-69.09891
CA-2808716-A1,-82.496376,58.549686
US-8134259-B2,44.88283,-72.64502
US-2012062047-A1,48.966774,-70.853455
US-2012163269-A1,-18.25803,-45.929886
US-2012200021-A1,48.232845,-68.24505
US-8242642-B2,47.013596,-68.98278
US-8253282-B2,46.175846,-73.38394
US-2012237067-A1,32.342564,-73.77677
US-2012249797-A1,-32.42388,-42.913624
US-2012293022-A1,46.03462,-73.37095
WO-2012173669-A2,-81.031906,-14.466513
US-2013022220-A1,31.160992,-73.189896
US-2013033126-A1,45.405262,-72.52381
US-8398570-B2,33.668694,-66.75881
US-8400027-B2,45.676437,-70.99995
US-2013076652-A1,49.189827,-64.90781
US-2013099600-A1,44.56384,-73.151146
AU-2013203626-A1,-81.031906,-14.466513
US-2013113305-A1,44.69536,-71.42997
US-8461728-B2,44.83161,-73.53311
US-8492938-B2,45.281097,-72.503746
US-8502864-B1,-36.119938,-31.160957
US-2013204169-A1,35.063293,-64.45733
EP-2626990-A1,-81.031906,-14.466513
US-2013225915-A1,32.338966,-72.412315
WO-2013134388-A1,-66.9826,51.35941
US-8598750-B2,44.752804,-74.3387
US-2013322676-A1,29.371342,-72.81645
US-2013339850-A1,34.411396,-42.317146
US-2013342521-A1,-32.014114,-55.12366
US-2014009005-A1,47.52389,-65.35938
WO-2014031756-A2,-36.360886,84.782394
US-2014056459-A1,39.043163,-73.21807
US-2014064536-A1,31.388948,-73.29028
US-8669679-B2,44.693005,-71.49282
US-2014125558-A1,-26.386509,-42.58021
CN-103847454-A,-73.91062,26.89833
CN-103872875-A,-81.031906,-14.466513
US-8767996-B1,28.448942,-69.827156
CN-103918283-A,-82.496376,58.549686
US-8797295-B2,32.98521,-53.112923
WO-2014147946-A1,-81.031906,-14.466513
EP-2786591-A1,-81.031906,-14.466513
US-8860263-B2,46.22365,-72.143456
US-8860262-B2,46.267845,-71.68212
WO-2014179969-A1,-81.031906,-14.466513
US-8892233-B1,25.952875,-66.76034
US-8963695-B2,43.811966,-72.12924
US-8977376-B1,28.441677,-69.887665
US-2015070274-A1,-23.685835,-40.412376
US-2015081110-A1,37.406456,-62.848064
KR-101506556-B1,-81.031906,-14.466513
US-2015109223-A1,48.990246,-63.296375
US-2015110277-A1,26.823387,-71.26087
US-2015123498-A1,42.715504,-72.18343
US-2015181338-A1,31.991531,-74.40414
US-2015177899-A1,31.952961,-57.478218
EP-2890153-A1,-36.360886,84.782394
US-2015195663-A1,25.9169,-66.662186
US-2015214822-A1,46.06249,-71.64679
US-9107011-B2,28.278614,-71.721855
US-9106986-B2,-28.143703,-42.122677
US-9110536-B2,34.825203,-51.056904
US-2015242608-A1,-13.28191,-37.354218
US-2015289034-A1,-18.889235,-46.070522
US-2015319546-A1,27.745014,-72.975204
US-9201458-B2,18.559052,-52.679157
WO-2016007920-A1,-60.79352,73.66715
EP-2977858-A1,-76.93668,43.4583
US-9263983-B2,39.336807,-69.00668
US-2016056701-A1,50.342884,-67.724144
US-9277334-B1,31.21996,-73.43884
US-9277320-B1,25.081064,-66.169395
US-9306429-B2,41.39603,-72.679016
US-9312744-B2,41.392822,-72.733795
US-2016105089-A1,39.34735,-72.09135
KR-20160057772-A,-56.195244,63.198315
US-2016173318-A1,-13.235381,-40.642952
US-2016181904-A1,44.869225,-71.800674
US-2016212515-A1,-32.69437,-51.250645
US-2016209648-A1,-32.42397,-42.91327
US-2016216943-A1,-25.268711,-41.6749
US-2016234588-A1,38.95336,-73.3965
US-9430921-B2,33.78707,-69.707664
US-9535501-B1,35.04091,-49.712494
US-9548646-B2,46.223454,-71.89697
US-2017059871-A1,-26.439318,-41.397827
US-9590463-B2,42.316307,-73.61002
US-9594429-B2,32.223656,-57.902733
US-9608506-B2,49.118225,-65.40465
US-2017110951-A1,45.633038,-70.71824
US-9630213-B2,46.777466,-68.86472
US-2017123499-A1,37.697433,-53.866947
US-9652040-B2,31.674816,-58.099796
US-9680672-B2,47.830902,-65.42771
US-2017171666-A1,33.785534,-69.70723
US-2017180863-A1,29.996496,-67.13992
US-2017227778-A1,-30.222723,-48.459038
US-9748827-B2,45.68526,-71.67784
US-9815085-B2,47.47527,-66.016495
US-9830782-B2,31.182285,-61.676086
US-9850957-B2,49.42575,-66.152016
US-9928950-B2,49.31607,-67.98
US-9936273-B2,-32.69437,-51.250645
US-9966825-B2,47.7299,-65.50001
US-10069392-B2,49.11801,-65.40484
US-10108265-B2,32.592583,-49.673912
US-10127778-B2,47.683193,-65.491455
US-10126817-B2,32.274036,-58.846714
US-10218250-B2,46.556095,-69.01866
US-10236760-B2,50.693817,-66.988396
US-2019189106-A1,28.725023,-71.946686
US-10390139-B2,29.996307,-67.14006
US-2019261088-A1,28.77694,-71.81976
US-10573139-B2,29.772802,-68.871216
US-10642361-B2,48.990246,-63.296375
US-10651716-B2,50.694103,-66.9887
US-10659885-B2,33.785534,-69.70723
US-10812913-B2,33.785686,-69.70694
US-10820117-B2,33.786644,-69.7113
US-2021219062-A1,33.785534,-69.70723
US-5188104-A,12.8158,28.23944
US-5231988-A,12.299234,29.462694
US-5256149-A,41.011387,21.8459
US-5263480-A,12.815576,28.239447
US-5540730-A,12.385679,29.242605
US-5558671-A,14.96488,21.217798
US-6086528-A,16.789387,10.32484
US-6332089-B1,17.10689,19.082766
US-2023116781-A1,-19.986063,-28.28558
WO-0211639-A1,-48.786854,79.74327
US-6471172-B1,25.6793,26.803583
US-2005277998-A1,11.881749,31.127363
US-2006195153-A1,12.026046,31.128153
US-2006195146-A1,11.950828,32.344467
US-7143925-B2,59.930897,27.804579
US-2007113860-A1,-19.477531,-10.307684
US-2007185541-A1,12.399215,33.9432
US-2008132962-A1,12.1387205,30.669384
US-2008147146-A1,10.676531,32.37704
US-2008312498-A1,27.663078,30.741793
US-2009062792-A1,50.94521,6.980734
US-2009132018-A1,10.868432,32.026066
US-2009135280-A1,-35.232567,-29.847971
US-2009137893-A1,-35.196285,-29.848068
US-2009137868-A1,14.317876,12.23417
US-2009149918-A1,8.79721,29.51163
US-2009157149-A1,11.821259,31.053701
US-7585290-B2,37.74451,25.966057
US-7601118-B2,26.89786,51.672707
US-2010161005-A1,10.098513,30.992655
US-2010161001-A1,10.163949,31.058912
US-2010191267-A1,44.518204,19.064587
US-2010239648-A1,32.259666,52.823353
US-2011094773-A1,7.2544737,38.30263
US-2011118708-A1,46.9221,-4.313635
US-8068649-B2,11.690439,-32.250088
WO-2012007052-A1,-60.79352,73.66715
US-2012150192-A1,54.998745,-6.031614
US-2012209314-A1,54.97597,3.804587
US-2022218422-A1,1.0821736,-16.63371
US-2012245576-A1,-19.559736,-25.671368
US-8317070-B2,58.78959,27.918077
US-8352026-B2,11.546948,30.41268
US-8393514-B2,21.083982,48.54021
US-2013105545-A1,54.112164,11.4702425
US-2013105552-A1,62.39995,27.865345
US-2013146643-A1,21.29372,48.102272
US-8465417-B2,14.317876,12.23417
US-8517933-B2,35.38903,23.037838
US-2013221065-A1,21.127516,48.497517
US-8545515-B2,30.762943,9.770477
US-2013256377-A1,21.734144,47.832947
US-8551115-B2,30.399576,10.082886
US-12257014-B2,26.166525,-1.5674729
US-8623028-B2,30.95023,10.203153
US-8632462-B2,33.71261,21.165691
US-8636751-B2,25.94563,34.35877
US-2014066717-A1,34.709553,18.983044
US-2014121678-A1,44.108337,8.881767
US-8734478-B2,32.024864,20.568588
US-8753338-B2,50.128735,6.0248203
US-8771180-B2,35.38899,23.037823
US-8812100-B2,14.250304,32.45711
US-8831782-B2,10.752416,-28.762695
US-2014253684-A1,-30.645624,-24.179907
US-2014268046-A1,-38.559536,-21.270832
WO-2014151621-A1,-81.031906,-14.466513
US-8888789-B2,30.39248,9.876186
US-8919348-B2,31.94765,10.134328
US-8961406-B2,38.201054,19.444698
US-2015133996-A1,19.84928,45.5504
US-2015134077-A1,19.670862,45.432262
US-2015133995-A1,19.741175,45.72837
US-2015134076-A1,19.720293,45.75776
US-2015129634-A1,19.946688,45.137577
US-9044606-B2,14.716434,32.283512
US-9072535-B2,58.829723,27.648361
US-9072536-B2,54.460175,-4.6780863
US-2015238268-A1,54.97564,3.804854
US-2015257842-A1,56.229416,9.713144
US-2015257841-A1,56.144566,9.737081
WO-2015142814-A1,-81.031906,-14.466513
WO-2015148378-A1,-76.93668,43.4583
US-2015272575-A1,17.100756,-3.393835
US-2015282736-A1,-9.707127,21.185282
WO-2015153642-A1,-73.91062,26.89833
WO-2015153636-A1,-66.9826,51.35941
US-9204879-B2,52.26414,-6.056423
US-2015351758-A1,20.820234,44.52589
US-9216062-B2,39.309593,18.649067
US-2016015469-A1,-34.321903,-10.807066
US-12137883-B2,-18.320602,-23.229471
US-2023110791-A1,-21.398893,-24.788853
US-12051245-B2,-17.261627,-20.85921
US-12056930-B2,-17.237877,-20.486414
US-9254178-B2,30.761148,9.769366
US-9274047-B2,-36.350697,-27.479454
US-9283050-B2,30.392355,9.875778
US-9320416-B2,42.37095,0.89572716
US-2016128782-A1,-38.689484,-15.117076
US-9339341-B2,51.423473,0.32285503
US-9358074-B2,18.711695,-20.4034
US-9393017-B2,62.090424,27.938435
US-2016256071-A1,25.821253,3.9631913
WO-2016144937-A1,-48.786854,79.74327
US-2016262761-A1,26.251204,38.61645
WO-2016144998-A1,-60.79352,73.66715
US-2016303743-A1,48.312805,-2.8928201
US-2016324523-A1,24.98528,39.59498
WO-2016183054-A1,-81.031906,-14.466513
US-2016331473-A1,1.9445175,-9.486014
WO-2016205452-A1,-66.9826,51.35941
WO-2016205266-A1,-36.360886,84.782394
WO-2016209769-A1,-48.786854,79.74327
US-9561038-B2,56.780354,4.049431
US-2017035425-A1,25.042343,34.572704
US-9572481-B2,35.146793,-0.21975912
US-2017055819-A1,-6.1461177,-21.009424
WO-2017044406-A1,-36.360886,84.782394
US-2017071693-A1,26.21287,-20.010279
WO-2017053363-A1,-36.360886,84.782394
WO-2017053698-A1,-60.79352,73.66715
WO-2017053358-A1,-48.786854,79.74327
WO-2017053507-A1,-73.91062,26.89833
US-9636186-B2,13.580461,-27.72881
WO-2017075121-A1,-66.9826,51.35941
US-2017128041-A1,-6.348604,9.569365
US-2017128144-A1,-6.350114,9.5697365
US-2017128145-A1,-6.348604,9.569365
WO-2017116793-A1,-82.496376,58.549686
US-2017202591-A1,48.005184,2.379473
US-2017251900-A1,-30.034672,-11.852978
US-9757128-B2,49.823742,0.689245
US-2017265866-A1,24.371304,39.43722
US-2023100698-A1,7.945312,1.5327816
US-9833254-B1,13.201191,-10.598751
US-2018028187-A1,27.074825,36.730076
US-2018049820-A1,20.999357,-13.426891
US-2018049821-A1,20.99716,-13.425254
EP-1886711-B1,-66.9826,51.35941
EP-3305173-A1,-73.91062,26.89833
US-9962161-B2,59.03415,27.395258
US-2018146839-A1,29.761377,17.47715
US-2018168757-A1,13.390227,-5.7035084
US-2018177556-A1,26.75791,-7.317561
US-2018256008-A1,3.0270684,-13.300467
US-10092738-B2,14.803096,32.21286
US-2018353174-A1,19.082037,44.91383
WO-2018226050-A1,-66.9826,51.35941
US-10159487-B2,27.074825,36.730076
US-10179024-B2,41.606483,-10.887849
US-10206682-B2,27.19915,40.096252
US-10245069-B2,34.709553,18.983044
US-2019099209-A1,48.328564,5.2875757
US-2019125457-A1,3.5959322,2.194257
US-2019125431-A1,51.23082,4.2452335
US-2019201114-A1,-12.80255,-28.379833
US-2019201046-A1,43.59705,-27.50152
US-2019200905-A1,-32.059494,-25.91957
US-2019201140-A1,-12.72485,-29.122911
US-2019206555-A1,-12.957812,-28.180069
US-2019204201-A1,-1.5402261,-11.1590395
US-2019200981-A1,26.177818,4.3708267
US-2019201136-A1,-14.125471,-30.137072
US-2019200844-A1,-13.885304,-29.983131
US-2019207857-A1,-12.339499,-29.380232
US-2019206004-A1,-12.671375,-29.381775
US-2019206050-A1,-32.03597,-25.94543
US-2019201088-A1,-2.4325411,-10.56243
US-2019290247-A1,15.913476,8.393849
US-2019307331-A1,14.034782,25.33378
US-10492788-B2,58.272335,28.81345
US-10517600-B2,26.251204,38.61645
US-2020000530-A1,3.7558453,-4.602933
US-2020015923-A1,-30.01015,-25.531185
US-2023363831-A1,-31.410652,-13.502666
US-2020015906-A1,-29.787691,-25.131994
US-2020015907-A1,-29.711437,-25.3403
US-2020015898-A1,-29.238207,-26.908411
US-2020015900-A1,-29.279675,-27.756922
US-2020015897-A1,40.89496,21.017498
US-2020015901-A1,1.1782193,3.3146093
US-2020015668-A1,-29.032278,-27.906326
US-2020015924-A1,-29.613943,-25.318691
US-2020015899-A1,-30.002579,-25.53458
US-2020015903-A1,-29.947124,-25.563503
US-2020015914-A1,-28.52971,-26.939777
US-2020015902-A1,-30.533113,-26.582994
US-2020015925-A1,-29.305588,-27.896809
US-10569071-B2,20.593733,44.387848
US-2020078109-A1,10.750742,-26.339275
US-2020085516-A1,11.544869,-18.472742
US-10607738-B2,20.053286,27.16693
US-2020100855-A1,19.193424,20.523924
US-10639104-B1,-25.459724,-15.426273
US-2020170720-A1,-9.8434105,-8.5795355
US-2020188041-A1,-0.6334085,9.074059
US-2020188043-A1,26.310888,-21.71595
EP-3679851-A1,-82.496376,58.549686
US-2020222146-A1,-31.832493,-14.235901
US-10716564-B2,20.64993,44.51174
US-2020229866-A1,22.601797,27.855757
US-10722301-B2,21.097607,27.311531
US-10751117-B2,48.286076,5.2602167
US-10779831-B2,24.98528,39.59498
US-2020297403-A1,48.850033,21.461267
US-10792034-B2,-30.024796,-25.520067
US-2020315723-A1,11.56937,-18.557518
WO-2020243432-A1,-81.031906,-14.466513
US-10856928-B2,16.120726,-16.246346
US-2020391053-A1,1.9366899,-19.943554
US-10925598-B2,1.1022516,3.2753534
US-2021085410-A1,19.08381,-22.336878
US-11033272-B2,25.042343,34.572704
US-2021196424-A1,-31.090837,-26.628164
US-2021196384-A1,-26.696154,-25.11122
US-2021196108-A1,-1.5956178,-11.093833
US-2021196109-A1,-27.62855,-24.976303
US-2021199557-A1,-1.467307,-11.162867
US-2023074951-A1,1.178378,3.3147826
US-2021196383-A1,3.5180898,-9.367257
US-2021196385-A1,-26.31886,-10.913539
US-2021196381-A1,-27.457655,-23.313774
US-2021196423-A1,-29.87267,-26.96654
US-2021196386-A1,-12.218763,-20.078438
US-11051876-B2,-2.2394955,-10.682596
EP-3845192-A1,-81.031906,-14.466513
EP-3845193-A1,-81.031906,-14.466513
US-2021289189-A1,-34.601143,-32.877472
US-2021307687-A1,-42.20152,-41.045437
US-2022192758-A1,-13.002627,-16.465431
US-2022218435-A1,-25.965137,-15.756839
US-2022395342-A1,9.502046,-20.596186
US-2023015694-A1,-5.229573,-1.8155392
US-2023098670-A1,-19.986063,-28.28558
US-2023096406-A1,-19.985783,-28.284319
US-2023097906-A1,-19.986063,-28.28558
US-11751877-B2,24.3015,39.21611
US-11864764-B2,24.3015,39.21611
US-2018333207-A1,-17.127953,-3.4049487
US-12089905-B1,12.3758955,-15.159734
US-2024252266-A1,31.822285,-10.337258
US-2019069962-A1,11.565031,-14.077867
US-2023301732-A1,11.449237,-14.043816
US-2022031412-A1,4.89854,-30.316053
US-11304760-B1,-31.167818,11.852195
US-11357582-B1,-13.584396,-25.753263
US-12029434-B1,-25.76897,8.785841
US-11389248-B1,9.283659,-9.529227
US-2017151027-A1,5.860294,-13.400396
US-2017312032-A1,-40.412354,4.8740916
US-4124026-A,57.972458,-6.158249
US-4359906-A,4.034269,27.712635
US-5014794-A,3.5123098,26.274763
US-5320115-A,-26.525005,48.47905
US-5507211-A,1.4743756,33.998047
US-5799055-A,-24.516312,-5.660703
US-6228089-B1,4.1150947,-14.789786
US-6236875-B1,-24.851534,-2.6117103
US-6246200-B1,22.246164,-22.251837
US-6535756-B1,-17.659956,-4.9925666
US-2003173096-A1,48.206284,-25.451275
US-6711432-B1,-32.087986,4.053415
US-6772002-B2,-9.053923,-0.6885515
US-6785572-B2,3.8891015,-20.382257
US-6823207-B1,-22.92321,-13.575134
US-6837892-B2,9.4083605,-4.6165166
US-6866671-B2,7.579412,-32.874332
US-6877239-B2,-27.193209,23.720129
US-2005149050-A1,-33.930206,24.208824
US-6920347-B2,-17.659956,-4.9925666
US-2005171557-A1,-3.2687125,13.037941
US-6947786-B2,-17.067236,-6.850799
US-6993374-B2,-9.490744,23.001188
US-2006036264-A1,-13.836353,21.914518
US-7001393-B2,25.913338,7.321996
US-7048745-B2,7.5750947,-32.860588
US-2006142657-A1,-3.807576,-23.247496
US-11857201-B2,-5.0780954,-18.59999
US-7091683-B1,47.65252,-27.037867
US-7104998-B2,20.88084,-5.9441094
US-7107883-B2,2.0017629,26.939068
US-7188626-B2,22.15146,64.55784
US-2007058406-A1,47.131943,-28.82935
US-7194120-B2,-35.593525,11.184534
US-2007093689-A1,-10.426766,54.157066
US-7235076-B2,-4.8282275,22.746347
US-2007156157-A1,5.0752625,-16.829859
US-2007250078-A1,32.89839,-21.794033
US-2008004634-A1,8.690842,16.748455
US-7331965-B2,-38.655624,33.342575
US-7338526-B2,-9.835368,54.014244
US-2008058837-A1,-10.428993,54.152103
US-2008071374-A1,-10.170083,53.858486
US-2008108994-A1,-9.94138,53.889656
US-2008114376-A1,-9.911395,53.90873
US-2008147188-A1,-10.040134,54.47357
US-7396357-B2,-39.887352,36.25516
US-2008281332-A1,4.786601,26.962364
US-7497868-B2,-10.4132595,53.652767
US-7542791-B2,-38.300995,3.0595949
US-2009182348-A1,2.6917133,-15.606345
WO-2009092164-A1,-81.031906,-14.466513
US-7570791-B2,-39.343643,-7.431557
US-7587235-B2,-15.593048,-5.7820497
US-7607238-B2,-7.1896467,34.519947
CN-101579269-A,-81.031906,-14.466513
US-7630753-B2,-17.311094,-7.543537
US-7637929-B2,7.838553,61.08194
US-7670343-B2,-6.913383,31.64348
CN-201422918-Y,-81.031906,-14.466513
US-7699877-B2,-8.389936,64.49658
CN-101700184-A,-81.031906,-14.466513
US-7725162-B2,-5.3458953,-15.009987
US-7722530-B2,-8.389987,64.49463
US-2010137871-A1,-42.87814,26.250605
US-7766930-B2,41.19035,24.953663
CN-201542641-U,-81.031906,-14.466513
US-2010204714-A1,9.408302,-4.61663
US-7799036-B2,-8.391616,64.54859
US-2010241129-A1,4.7228513,24.663893
CN-101853333-A,-81.031906,-14.466513
US-7822244-B2,-36.10703,-10.254974
US-7831292-B2,-9.473397,-48.657066
US-7835778-B2,-15.705436,3.9976227
US-7835784-B2,-24.197826,-2.1112282
US-7840253-B2,-16.753193,-2.1302779
US-7853305-B2,-45.27701,-9.103145
CN-101700184-B,-81.031906,-14.466513
US-2011015649-A1,5.040948,-9.769638
US-2023165649-A1,13.531805,-11.8999195
US-7887567-B2,-8.028,20.155472
US-7900524-B2,50.529118,-41.616802
US-2011066160-A1,1.5311841,-12.630192
US-2011092859-A1,-11.8475065,52.440163
CN-101579269-B,-81.031906,-14.466513
WO-2011063715-A1,-81.031906,-14.466513
US-8010181-B2,-2.1133456,-4.6553526
US-8010180-B2,-3.8065786,-23.247839
US-8010177-B2,-33.558403,-3.693834
US-8016835-B2,-13.850562,21.882156
US-8036441-B2,-39.343643,-7.431557
US-8046054-B2,-23.960896,0.8257292
US-8052688-B2,65.04231,15.507547
US-8057407-B2,-11.473591,15.033663
US-2011306873-A1,-13.905913,2.7301927
US-8100950-B2,-9.752434,60.362682
US-2012046665-A1,1.8580413,25.387403
US-8133234-B2,-43.594055,33.651134
US-8167823-B2,-15.205614,15.511183
US-8182491-B2,-13.836355,21.914515
US-8182469-B2,35.612225,-13.521418
US-8182470-B2,40.094757,-0.2994271
US-8206405-B2,-41.955444,32.72717
US-8219178-B2,0.50196034,-6.025395
US-8219177-B2,0.5028179,-6.025343
US-8241296-B2,-3.4105322,-13.59954
US-2012209117-A1,-3.8723502,3.750877
US-8271066-B2,-35.089348,30.758566
US-8277491-B2,-13.637731,56.109756
CN-101853333-B,-81.031906,-14.466513
US-2012283747-A1,29.027067,-13.471625
US-2022395340-A1,21.758291,-14.748123
US-8311611-B2,-15.357931,-4.539358
US-8328852-B2,-8.982111,59.333363
US-8335553-B2,-30.871931,-5.7890143
US-8337426-B2,-16.040956,16.142149
US-2013004918-A1,-18.655766,49.61221
US-8394144-B2,-5.044175,18.230135
US-8419717-B2,21.864395,-30.0258
US-8425522-B2,-14.2276125,29.29376
US-8442677-B2,24.401728,-36.990795
WO-2013075500-A1,-81.031906,-14.466513
US-8454583-B2,5.1433744,-14.847905
US-8454619-B1,-14.277168,22.791817
US-8469963-B2,-2.5374594,32.206646
US-8491603-B2,44.135056,-11.629272
US-8500738-B2,65.04076,15.507857
US-8509503-B2,8.981087,-15.191822
US-8518051-B2,-31.516998,35.05285
US-8571638-B2,-3.3390794,12.732822
US-8572860-B2,-7.1577954,34.453724
US-2013307955-A1,-21.811983,11.516904
US-8615288-B2,32.493732,4.5377917
US-2013345718-A1,24.814865,-32.630238
WO-2013192598-A1,-81.031906,-14.466513
US-8620473-B2,14.21251,-29.986404
US-8634897-B2,-45.276997,-9.103028
US-2014031722-A1,-36.829876,29.73339
US-2014052150-A1,28.445965,-9.559431
US-8657829-B2,-40.93915,34.36666
US-2014058406-A1,13.052575,-16.933796
US-8706185-B2,-15.705426,3.9975944
US-8705829-B2,-39.343643,-7.431557
US-8709016-B2,-40.84866,32.02999
US-2014135796-A1,-45.276897,-9.103122
US-2014135791-A1,-33.78214,7.912936
WO-2014077920-A1,-81.031906,-14.466513
US-8740885-B2,42.412403,0.89046735
US-8747476-B2,-10.2511015,54.477985
US-8758413-B2,8.583625,60.612347
US-2014180290-A1,-2.7085977,-25.053907
US-2023063760-A1,-38.999447,17.95086
US-2014222012-A1,4.1926613,26.952898
US-8814877-B2,-3.4108942,-13.599084
US-8814914-B2,2.7177215,21.303596
US-2014257296-A1,9.435872,22.50555
US-8838205-B2,-3.6061962,26.489738
WO-2014138916-A1,-81.031906,-14.466513
WO-2014139023-A1,-81.031906,-14.466513
US-2014275955-A1,17.160614,-5.015087
WO-2014139024-A1,-81.031906,-14.466513
US-8840629-B2,-11.667212,2.6725461
US-2014309560-A1,-22.78736,37.037544
US-8864752-B2,21.864395,-30.0258
US-2014316436-A1,27.767323,-18.684423
US-8876837-B2,-4.0903897,38.474155
US-8900244-B2,-42.97491,33.07181
US-2014360305-A1,30.248095,-10.501628
US-8911429-B2,21.143795,-33.009876
US-2014371577-A1,6.173721,-16.830393
US-2014378999-A1,14.797339,-7.0151424
US-2015031985-A1,-23.438864,-0.22976814
US-2015032164-A1,14.797449,-7.0150127
US-8951256-B2,-37.19687,29.996387
US-8961526-B2,-37.19687,29.996387
US-2015066043-A1,24.343245,21.335274
US-8974460-B2,0.0022918219,24.908056
US-8979859-B2,-41.60222,34.479183
US-8992580-B2,-1.4030759,20.505997
US-8998909-B2,-41.637768,28.7209
US-2015100066-A1,0.9716595,17.873762
US-9008757-B2,-11.397002,-0.531113
US-11844582-B2,14.655022,57.261406
US-9011456-B2,-43.594456,33.86335
US-2015112344-A1,-3.6061745,26.489407
US-9017313-B2,-9.863442,54.338055
WO-2015061638-A1,-81.031906,-14.466513
US-2015142372-A1,-35.452538,20.55337
US-9042960-B2,-11.867981,52.43698
US-9044190-B2,-30.91248,-5.7572002
US-9050108-B2,-21.547157,-4.927665
US-9056015-B2,-8.982673,59.332466
WO-2015087335-A1,-81.031906,-14.466513
US-9066755-B1,-14.666076,-2.188329
US-9066751-B2,-9.50021,23.002464
US-2015182285-A1,25.752981,-13.189913
US-9078685-B2,0.50196034,-6.025395
US-2015196365-A1,2.1781497,20.447584
US-2015196326-A1,-1.4028198,20.506388
US-2015202009-A1,38.536247,-15.466974
US-2015209119-A1,-21.191725,-0.46283236
US-2015209056-A1,9.029398,13.248478
WO-2015115809-A1,-81.031906,-14.466513
WO-2015115807-A1,-77.88901,45.145943
US-9101443-B2,-10.617581,1.5003004
US-2015223906-A1,-29.0707,-2.6816328
US-2015223897-A1,32.51804,-13.286953
US-9107721-B2,2.9960127,27.291203
US-2015238206-A1,40.007748,16.120161
US-9125556-B2,-24.444641,-7.252244
US-9125680-B2,4.7554054,18.277567
US-9131986-B2,17.124287,-23.81475
US-9138319-B2,-26.019451,21.223598
US-2015272696-A1,-16.3086,14.438301
US-9149281-B2,47.512558,64.15319
US-9155544-B2,47.548508,64.19211
US-12408996-B2,2.341872,4.2200003
US-2015289992-A1,-40.02465,32.92625
US-9161799-B2,40.007816,16.120102
US-9168154-B2,-19.322527,24.522043
US-2015305817-A1,33.23924,-12.44904
WO-2015166487-A1,-81.031906,-14.466513
US-2015313684-A1,-26.020605,21.222017
US-2015327948-A1,-12.497698,-1.0209007
JP-2015533304-A,-81.031906,-14.466513
US-9192395-B2,47.511993,64.15367
CN-105101891-A,-81.031906,-14.466513
US-2015335386-A1,0.50225013,-6.0251184
US-9198731-B2,-24.742748,-11.375696
US-2015351860-A1,-18.832071,-2.9514165
US-9211128-B2,-41.6368,28.711018
CN-105169570-A,-81.031906,-14.466513
WO-2015193479-A1,-81.031906,-14.466513
US-2015366624-A1,9.366645,22.125416
US-9220612-B2,-23.947464,20.964256
CN-105208962-A,-81.031906,-14.466513
US-2016000512-A1,42.170933,15.7430105
US-9232906-B2,65.04076,15.507857
US-2016008011-A1,-4.2154036,29.366568
US-9240046-B2,-38.640224,-7.6758046
US-9237861-B2,-38.80673,1.859309
WO-2016008880-A1,-81.031906,-14.466513
US-9243881-B2,-7.2088304,36.545612
US-9241771-B2,2.178666,20.447739
US-2016030117-A1,4.791334,-17.343176
US-2016038242-A1,-16.441505,16.366678
US-2016038238-A1,4.7554054,18.277567
US-9265551-B2,47.959732,-25.850126
US-9271741-B2,31.942726,-34.607002
US-9271779-B2,30.838337,23.072037
US-9283048-B2,0.9685366,17.876791
US-2016081754-A1,0.9743676,17.871733
US-2016081753-A1,14.262188,-22.339695
WO-2016042152-A1,-81.031906,-14.466513
US-2016081819-A1,-39.61449,33.977573
US-9295500-B2,1.7330277,25.51138
US-2016089121-A1,53.28278,-5.021693
US-2016095631-A1,0.3693844,25.974949
US-2016095720-A1,-19.494946,24.475613
US-9308050-B2,4.7554054,18.277567
US-2016120612-A1,24.80317,-13.707998
US-9333042-B2,14.21251,-29.986404
US-2016128789-A1,2.1784215,20.447668
US-9339278-B2,-43.82727,33.939724
US-9339345-B2,50.056602,-12.473732
US-9345387-B2,-18.859196,-6.799154
US-2016151120-A1,3.0881953,17.749527
US-9358130-B2,-40.06645,33.965145
US-2016157941-A1,42.44039,6.648111
WO-2016088130-A1,-81.031906,-14.466513
US-2016175110-A1,-19.322527,24.522043
WO-2016115423-A1,-81.031906,-14.466513
US-2016206347-A1,39.527275,29.253561
US-9398962-B2,-10.485785,54.44924
WO-2016118744-A1,-81.031906,-14.466513
US-2016220385-A1,-41.77518,33.996952
US-2016220315-A1,-36.77593,30.454548
US-2016220320-A1,17.715569,-13.33824
US-2016228133-A1,-43.82727,33.939724
US-2016235493-A1,-39.04531,-28.339079
US-2016235492-A1,-0.054099005,15.927465
US-2016235490-A1,37.89067,-12.977341
US-2016242860-A1,14.21251,-29.986404
US-2016242934-A1,-39.51655,27.175129
US-2016256225-A1,6.7132473,-19.442469
US-9439675-B2,-39.492622,34.916718
US-9452019-B2,37.28237,-10.762059
US-2016278941-A1,-40.065517,33.965275
US-2016278875-A1,17.657757,-13.34839
US-9456827-B2,-21.546932,-4.9274125
US-9462943-B2,-31.913746,-31.985073
US-2016296266-A1,41.733253,4.1748796
US-9468538-B2,-15.145638,15.501374
US-2016310221-A1,28.33849,-18.343676
US-2016310218-A1,-19.849295,-5.8786774
US-9480516-B2,7.420248,58.46402
US-9491415-B2,-21.81209,11.517036
US-9486227-B2,30.864458,23.046906
US-9492241-B2,-3.4319277,11.615666
US-2016331481-A1,-3.5288565,18.504725
US-2016331479-A1,17.21194,-5.324281
US-9519341-B2,34.509502,-20.12557
US-2016374769-A1,37.27656,-10.806447
US-9536309-B2,-27.417253,-9.781386
US-9532849-B2,35.606678,-13.605789
US-9532730-B2,-3.4105387,-13.599126
US-2017000572-A1,13.544187,-4.1077185
WO-2017001851-A1,-82.496376,58.549686
US-9539112-B2,-18.665129,4.2399244
US-2017007334-A1,-35.00708,-4.8639507
US-9545280-B2,7.420248,58.46402
US-9545233-B2,-35.117115,0.5411938
US-9549781-B2,24.459423,-0.5786598
US-2017020630-A1,-37.022976,-7.5273557
US-9554864-B2,29.74219,-10.355217
US-9554865-B2,21.143782,-33.00977
US-2017027652-A1,26.361557,-15.416088
US-9561082-B2,25.753164,-13.190107
WO-2017023825-A1,-81.031906,-14.466513
US-9566122-B2,38.26172,-23.41201
US-9566121-B2,50.488094,-11.548989
US-2017042620-A1,12.28278,56.858574
WO-2017027331-A1,-81.031906,-14.466513
US-9576353-B2,-43.010048,7.4104204
US-2017056086-A1,-2.086341,22.897657
US-2017055940-A1,-1.9614103,9.046109
US-2017056116-A1,12.348897,-7.373229
US-9585725-B2,13.066184,-9.217236
US-9585768-B2,-38.488705,31.2141
US-9585677-B2,4.586627,26.081043
WO-2017036340-A1,-81.031906,-14.466513
US-2017065432-A1,-35.45291,20.55348
WO-2017037127-A1,-81.031906,-14.466513
WO-2017037113-A1,-81.031906,-14.466513
US-2017065428-A1,-17.271833,24.680885
WO-2017035592-A1,-81.031906,-14.466513
US-9592096-B2,5.69712,-16.062508
US-2017071682-A1,-1.4030759,20.505997
US-2017071759-A1,-19.322527,24.522043
US-2017071691-A1,11.057388,-12.151163
US-2017071685-A1,19.70691,-23.835373
US-2017079727-A1,24.55176,-7.934711
WO-2017048736-A1,-81.031906,-14.466513
US-2017086932-A1,19.07097,-16.814308
US-2017086896-A1,7.420054,58.46365
US-2017086928-A1,19.0712,-16.814363
US-2017086927-A1,19.0712,-16.814363
US-9622757-B2,-7.2088304,36.545612
US-9622779-B2,-14.361858,56.10284
WO-2017064719-A1,-81.031906,-14.466513
US-2017105846-A1,-19.322319,24.522034
US-9629687-B2,12.429107,-9.084796
US-9636162-B2,-2.182423,23.000786
US-2017119339-A1,-35.179512,-5.2481594
US-2017119472-A1,-4.655766,21.085915
US-2017132789-A1,-21.811966,11.516868
US-9649160-B2,-38.56285,26.297314
US-9649202-B2,-23.91395,20.96422
US-9655649-B2,-8.519005,61.004436
US-2017143429-A1,-10.356543,-3.4713087
US-2017143426-A1,-0.9633882,22.64203
US-9662174-B2,28.385899,-9.522665
US-9662160-B2,52.259983,-2.8536246
US-2017151025-A1,30.372929,-30.5249
US-9668768-B2,19.397062,-13.712775
US-9668875-B2,-9.9483795,54.427437
US-2017156816-A1,-13.226926,57.096764
US-2017156805-A1,29.74211,-10.355351
US-9675272-B2,-0.57481706,-5.8025665
US-2017178349-A1,-38.166042,-7.5365453
US-2017172762-A1,-38.488735,31.21414
US-2017172669-A1,6.60945,-20.543774
US-9687306-B2,4.722811,24.663937
US-2017181774-A1,1.7852455,24.894676
US-2017186180-A1,-38.528217,-2.6796353
US-9693878-B2,-42.765057,33.219933
WO-2017115227-A1,-81.031906,-14.466513
US-2017196705-A1,-21.027653,21.085754
US-2017196710-A1,-21.074995,20.863705
US-2017196599-A1,2.4886067,18.700665
US-2017196506-A1,-19.811203,26.636448
US-2017196701-A1,-20.912094,21.113998
US-2017196708-A1,-19.811289,26.636364
US-2017196706-A1,-21.027784,21.08621
US-2017196711-A1,-36.08405,26.313097
US-2017196641-A1,-34.136356,-5.5975375
US-2017196597-A1,5.5613112,64.64981
US-2017202683-A1,-17.271833,24.680885
WO-2017122202-A1,-81.031906,-14.466513
US-2017202628-A1,-10.385518,-3.279124
WO-2017121874-A2,-81.031906,-14.466513
US-2017202629-A1,5.6975713,-16.061325
WO-2017123506-A1,-81.031906,-14.466513
US-9713499-B2,27.767437,-18.684721
US-2017215826-A1,-21.672482,-12.161355
US-2017215825-A1,-21.672031,-12.156352
US-2017215827-A1,-21.681158,-12.158372
US-9724167-B2,36.60535,-32.439114
WO-2017136550-A1,-82.496376,58.549686
US-2017224358-A1,-4.21543,29.366987
US-9734632-B2,-19.14307,-2.7663033
US-2017231702-A1,25.050322,-32.498127
US-2017239007-A1,24.96932,-33.113758
US-2017239452-A1,43.23879,32.285503
US-2017239003-A1,24.911442,-33.086246
US-2017239451-A1,43.23885,32.284588
US-2017239006-A1,25.181541,-33.108875
US-2017239002-A1,25.30747,-33.019924
US-9743971-B2,4.1926613,26.952898
US-9743995-B2,37.418083,-10.285628
US-2017245951-A1,24.813131,-32.633305
US-9750510-B2,2.1784554,20.44765
US-9750545-B2,-7.252595,60.96605
US-2017252112-A1,25.312685,-32.627346
US-2017252114-A1,6.712731,-19.441936
WO-2017151607-A1,-81.031906,-14.466513
US-9757087-B2,-17.309965,-7.5433755
US-2017261348-A1,1.2902415,0.28628668
US-2017258469-A1,58.20795,27.118544
US-2017258533-A1,25.200653,-32.520966
US-2017258535-A1,6.7125497,-19.441862
US-2017265774-A1,-18.39803,1.3729283
WO-2017123506-A9,-81.031906,-14.466513
WO-2017162981-A1,-81.031906,-14.466513
US-2017281145-A1,24.51104,-32.93311
US-9782229-B2,25.383778,-32.83219
WO-2017177046-A1,-81.031906,-14.466513
US-2017290666-A1,-21.26331,21.803406
US-9788966-B2,-2.9913316,17.900675
US-2017296276-A1,12.37032,-10.025743
US-2017296274-A1,-38.56285,26.297314
US-9795394-B2,-12.207748,4.315213
US-9795319-B2,-15.221507,1.8458841
US-2017312039-A1,24.55176,-7.934711
US-2017316561-A1,-19.775671,21.469648
US-9808318-B2,12.489971,-9.190153
US-9814535-B2,-1.4028388,20.507378
US-9815206-B2,28.135408,-30.746359
US-2017325892-A1,-18.614382,16.767237
US-2017333136-A1,39.06798,-16.17298
US-2017333137-A1,-12.285506,-1.5927962
US-12402954-B2,-34.704712,-23.030815
US-2017333057-A1,2.1786997,20.447723
US-2017340448-A1,3.9826932,60.34702
US-2017340456-A1,-19.913378,26.57733
US-9833292-B2,4.7554054,18.277567
US-2017348037-A1,47.947556,-25.818012
US-2017354368-A1,-19.811203,26.636448
US-2017354468-A1,17.612066,-16.142494
US-2017360493-A1,-1.8477488,22.695995
WO-2017218423-A1,-81.031906,-14.466513
US-2017360575-A1,-43.187782,31.82135
WO-2017219208-A1,-81.031906,-14.466513
WO-2017219207-A1,-81.031906,-14.466513
US-2017367847-A1,32.337032,-64.44679
US-2018000543-A1,46.712658,-1.8142722
US-2018008324-A1,-7.252705,60.965683
US-2018008353-A1,4.4984565,18.290129
US-2018008358-A1,0.9743475,17.871763
US-2018021096-A1,0.9744039,17.871511
US-9877793-B2,12.37015,-10.026273
US-2018042684-A1,4.4984565,18.290129
WO-2018031752-A1,-81.031906,-14.466513
US-2018042650-A1,57.338055,-8.432106
US-2018049823-A1,19.40209,-17.975168
US-2018049832-A1,22.29216,-13.538842
US-2018078201-A1,-19.811289,26.636364
US-2018078266-A1,-16.25007,14.263432
US-9931059-B2,-42.877926,26.250309
US-2018092757-A1,-36.08405,26.313097
US-2018092648-A1,11.353648,-10.4642515
CN-107898594-A,-81.031906,-14.466513
WO-2018072003-A1,-81.031906,-14.466513
US-2018110573-A1,20.000881,-13.439654
US-2018147018-A1,8.395477,21.577665
US-9987050-B2,-14.727802,54.59124
US-9987092-B2,-28.066343,22.034597
US-2018168539-A1,-5.6866117,5.8023176
US-10004562-B2,33.23924,-12.44904
US-2018185107-A1,25.99498,7.7379093
US-2018193171-A1,-39.51699,27.174957
US-RE46954-E,62.19357,-7.5501895
US-2018199951-A1,10.565935,-0.055934764
US-2018200002-A1,-13.572267,-2.604259
US-2018199999-A1,-19.559408,-9.514845
US-2018200016-A1,10.56619,-0.055680707
US-10028800-B2,-7.2088304,36.545612
US-10028722-B2,-49.350067,12.9104595
US-10034753-B2,-42.278294,29.283005
US-2018214223-A1,15.755397,-28.049345
US-2018221097-A1,-3.5288587,18.504436
US-2018250077-A1,-11.516357,17.894697
US-2018250144-A1,-41.852898,32.95827
US-2018256259-A1,-35.373444,10.150268
US-10076385-B2,9.029398,13.248478
US-2018263714-A1,-13.5724325,-2.6044562
US-2023346478-A1,-26.27529,1.3468795
US-10080509-B2,-3.4107451,-13.599246
US-10080615-B2,12.282894,56.858154
US-10085786-B2,41.733322,4.1748347
US-2018325608-A1,-1.4545466,18.242256
US-2021298795-A1,32.3128,-23.167814
US-2019090966-A1,0.61652195,22.395824
US-2019269469-A1,1.0060011,22.576244
US-11219487-B2,6.0910096,9.594274
US-2008107305-A1,-5.8791175,-44.65541
US-2011157373-A1,0.24724594,-40.54787
US-2012154618-A1,-42.94559,-18.918003
US-2016191887-A1,-26.841497,-17.961836
US-2016324580-A1,-30.907503,-11.756086
US-9513113-B2,-36.961567,-29.241976
WO-2018226850-A1,-81.031906,-14.466513
US-2019339369-A1,-36.5419,-27.268017
US-2019348169-A1,-41.534294,-0.9599211
US-2020372626-A1,-41.273964,-23.448929
WO-2021003401-A1,-76.93668,43.4583
US-2020237187-A1,-37.878998,-15.439734
US-10758209-B2,-34.81151,-2.149827
US-11000270-B2,-30.020992,-25.523827
US-11625825-B2,-37.878105,-15.441043
US-11786106-B2,14.730621,9.141899
US-3586176-A,0.071836695,-72.31001
JP-S6219963-A,-81.031906,-14.466513
US-4641271-A,-1.328214,-75.39907
US-4676050-A,57.464382,-23.491951
US-4692876-A,-0.16059989,-76.49596
JP-H03162320-A,-81.031906,-14.466513
US-5079699-A,-40.663395,-11.928626
JP-H04201926-A,-81.031906,-14.466513
EP-0507375-A2,-81.031906,-14.466513
US-5175692-A,-0.7471507,-72.781235
US-5501571-A,-0.9086842,-73.30778
JP-H08118274-A,-81.031906,-14.466513
DE-69221658-T2,-81.031906,-14.466513
US-5908283-A,-1.4622484,-73.33191
US-6055462-A,-1.1974993,-74.85791
JP-2000168958-A,-81.031906,-14.466513
CN-1277591-A,-81.031906,-14.466513
US-2002057838-A1,-43.057026,-18.9551
JP-2002154620-A,-81.031906,-14.466513
JP-2002154616-A,-81.031906,-14.466513
JP-2003104563-A,-81.031906,-14.466513
US-2003110102-A1,1.7195009,-76.94594
JP-2003335147-A,-81.031906,-14.466513
US-2004120600-A1,-40.205303,-33.64387
JP-2004307111-A,-81.031906,-14.466513
JP-3586639-B2,-81.031906,-14.466513
JP-2005089067-A,-82.496376,58.549686
DE-10352279-A1,-81.031906,-14.466513
DE-69730758-T2,-81.031906,-14.466513
CA-2472434-A1,-81.031906,-14.466513
US-2005246056-A1,1.9445684,-76.90907
US-7266422-B1,-2.9287858,-73.77025
JP-2007291451-A,-81.031906,-14.466513
US-2008030497-A1,-40.36099,-11.292409
CN-101145051-A,-81.031906,-14.466513
US-2008131255-A1,0.58446735,-72.490654
US-2008273801-A1,-43.941444,-16.302208
US-2009069939-A1,0.17301382,-71.63509
US-2009138121-A1,-5.611474,-38.53686
US-2010178149-A1,2.7423472,-75.13955
DE-102009011294-A1,-81.031906,-14.466513
DE-102009011300-A1,-81.031906,-14.466513
US-2010249989-A1,0.7865436,-75.36212
US-2011013809-A1,-41.03623,-31.367496
CN-201804260-U,-81.031906,-14.466513
EP-2314425-A2,-81.031906,-14.466513
US-2011122231-A1,-20.692804,-41.069775
CN-102556523-A,-81.031906,-14.466513
CN-102725703-A,-81.031906,-14.466513
US-8290617-B2,4.028901,-69.31309
US-2013163879-A1,-41.159267,-23.55254
CN-103350908-A,-81.031906,-14.466513
US-2013345870-A1,9.57296,-51.175365
CN-103640729-A,-81.031906,-14.466513
US-2014180479-A1,2.7801714,-66.04508
CN-103988214-A,-81.031906,-14.466513
US-2014374216-A1,4.6615214,-66.56416
US-2015073588-A1,-0.8644119,-73.84129
CN-102725703-B,-81.031906,-14.466513
US-2015166272-A1,-0.19179493,-73.71912
DE-102014005758-B4,-81.031906,-14.466513
DE-102007001263-B4,-81.031906,-14.466513
US-9205562-B1,-40.710583,-25.346582
US-2016016311-A1,3.7615066,-53.52799
US-2016063309-A1,-39.927113,-25.529402
US-9315344-B1,2.8500705,-76.127625
EP-2769341-B1,-81.031906,-14.466513
CN-105691717-A,-81.031906,-14.466513
US-9424470-B1,-41.148438,-25.325144
US-9457477-B1,10.767108,-63.860725
US-9457970-B1,-7.786928,-44.845516
US-2016288330-A1,-39.354923,-25.891785
EP-3104313-A1,-81.031906,-14.466513
US-2016371850-A1,-42.619923,-28.368364
WO-2017018113-A1,-81.031906,-14.466513
US-2017080566-A1,6.4874177,-51.844963
US-2017134680-A1,-36.037544,-27.949463
DE-102016013497-A1,-81.031906,-14.466513
JP-2017094428-A,-81.031906,-14.466513
US-9688489-B1,5.596569,-69.83752
US-9714145-B1,2.8500705,-76.127625
US-2017246744-A1,0.41576484,-63.651188
CN-103988214-B,-81.031906,-14.466513
DE-102017105082-A1,-81.031906,-14.466513
US-2017267467-A1,2.9178395,-74.54706
US-9866815-B2,-41.343925,-24.086905
JP-2018008824-A,-81.031906,-14.466513
US-2018060765-A1,-5.7782145,-72.725334
US-2018065818-A1,8.377597,-71.466896
DE-102017122361-A1,-81.031906,-14.466513
JP-2018052691-A,-81.031906,-14.466513
CN-107885901-A,-81.031906,-14.466513
CN-207374734-U,-81.031906,-14.466513
CN-108064197-A,-81.031906,-14.466513
JP-2018136896-A,-81.031906,-14.466513
DE-112011105151-B4,-81.031906,-14.466513
WO-2018194765-A1,-81.031906,-14.466513
US-2018304468-A1,-2.90857,-73.12464
JP-2018167950-A,-81.031906,-14.466513
US-2018312346-A1,49.97952,-42.80055
CN-108748136-A,-81.031906,-14.466513
CN-108776879-A,-81.031906,-14.466513
CN-109132313-A,-81.031906,-14.466513
EP-3437807-A2,-81.031906,-14.466513
US-2019039237-A1,6.896724,-66.3803
CN-109359739-A,-81.031906,-14.466513
CN-109353833-A,-81.031906,-14.466513
JP-2019025618-A,-81.031906,-14.466513
CN-109382822-A,-76.93668,43.4583
DE-102018006465-A1,-81.031906,-14.466513
US-2019061151-A1,9.983873,-70.87715
US-10252870-B2,2.317415,-73.945366
US-2019114250-A1,-24.421745,-36.471577
US-2019143504-A1,2.3993971,-73.86678
DE-102018008744-A1,-81.031906,-14.466513
JP-2019085213-A,-81.031906,-14.466513
US-2019197695-A1,-40.3451,-32.65406
US-10335947-B1,3.6354296,-56.701595
US-10549928-B1,-0.3783438,-70.41935
CN-107885901-B,-81.031906,-14.466513
US-10618172-B1,-2.6897337,-58.466526
US-10647528-B1,-2.8504307,-70.54701
US-10679379-B1,-1.9691185,-57.22601
US-10696494-B1,-4.191752,-69.257324
US-10696493-B1,-3.0072367,-62.037254
CN-112009810-A,-81.031906,-14.466513
US-2020377312-A1,-4.191752,-69.257324
US-2020376670-A1,-2.6907082,-58.465206
US-2020377311-A1,-3.0072367,-62.037254
US-10953549-B2,-2.6907082,-58.465206
US-11077554-B2,1.3444077,-69.32524
US-2021260762-A1,1.3450452,-69.32567
EP-1712205-A2,-81.031906,-14.466513
US-2022202497-A1,-46.99972,11.278125
WO-2007092841-A2,-81.031906,-14.466513
US-2012291284-A1,-44.209515,22.467558
US-8882847-B2,-50.25886,24.954058
US-8906107-B2,-47.681786,22.492512
US-10085839-B2,-49.33347,25.41126
US-2019175277-A1,-34.67317,10.476707
US-2004152972-A1,-31.544897,13.376503
US-11786232-B1,-16.813198,41.34434
US-2023149114-A1,-33.63771,30.377113
US-2018271601-A1,-41.54002,28.026333
US-12343218-B2,-36.83979,0.39070037
WO-2020086403-A1,-81.031906,-14.466513
US-11259876-B2,32.345417,2.6237967
US-2022175453-A1,-27.646585,30.27824
US-2022175452-A1,-27.608667,30.362906
US-2022375114-A1,-31.916151,-10.226783
US-2024000513-A1,-17.996033,-22.388504
US-2022406061-A1,-17.261627,-20.85921
US-2004120469-A1,-40.148037,-10.102189
US-2010256479-A1,-46.734947,18.947958
WO-2016116946-A2,-81.031906,-14.466513
US-2016239632-A1,-30.49829,-9.554752
US-2017018082-A1,-40.26018,-11.216824
US-2017323443-A1,-40.17474,-9.782512
WO-2019180745-A1,-81.031906,-14.466513
WO-2019180746-A1,-82.496376,58.549686
US-5299288-A,8.167294,-17.422943
US-2005177169-A1,-26.019419,40.790646
US-2011190774-A1,-36.921566,0.471442
US-2011245833-A1,-2.0263438,29.841705
US-2012179070-A1,-5.1938276,20.53269
US-8615286-B2,-4.935745,13.559763
US-2014039454-A1,-53.786472,27.060091
US-2014039517-A1,-13.907928,-0.6618457
US-2014222023-A1,21.003048,-14.089091
US-2014276949-A1,50.488094,-11.548989
US-8894654-B2,50.140984,-41.915775
US-2022031410-A1,17.025894,-10.371662
CN-104287836-A,-81.031906,-14.466513
US-2015150616-A1,-52.869278,27.728283
US-9119655-B2,38.812763,-22.69001
US-9131597-B2,11.680272,35.352673
US-9179875-B2,9.053809,34.341938
US-9314239-B2,33.9597,59.862316
US-2016331467-A1,-49.76194,23.625824
US-2016354162-A1,-2.1424632,-16.021828
US-9554838-B2,-53.78472,27.05503
US-2017065347-A1,-51.679283,24.914251
US-9603665-B2,-11.450728,-13.362185
US-9649164-B2,15.081679,-17.836927
CN-106725711-A,-81.031906,-14.466513
WO-2017137087-A1,-81.031906,-14.466513
US-2017325845-A1,-12.9122925,61.48743
US-9848834-B2,-24.183907,0.048451934
US-2018014891-A1,-28.122753,12.507702
US-2018014890-A1,39.59996,25.331093
US-2018035893-A1,-14.29152,62.478466
US-2018092669-A1,-13.632452,61.952076
US-2018271602-A1,-27.582918,3.3818083
US-2018289432-A1,-4.364392,29.586592
US-2018318019-A1,31.258018,-21.436539
US-10130477-B2,-14.125629,62.271614
US-2019069882-A1,-36.848587,-1.648842
US-10245087-B2,-12.912226,61.486668
US-2019133663-A1,-52.895214,27.762789
US-2019209011-A1,-14.772575,62.553333
US-2019247057-A1,-2.0295975,29.845299
US-2019262078-A1,-24.728678,-30.890795
US-10433880-B2,-12.912389,61.487423
US-2019314158-A1,-53.776745,27.087444
US-2019314040-A1,52.07643,15.820146
US-2019336220-A1,-35.83243,7.0964875
US-2019343640-A1,-14.349911,62.346603
US-10492802-B2,-16.35196,62.973473
US-2020015909-A1,-12.477247,-1.3912325
US-2020029979-A1,-16.35196,62.973473
US-10548619-B2,-6.8604927,46.466103
US-2020054215-A1,-32.7756,21.094212
US-10588645-B1,12.399651,-7.1545258
US-2020093611-A1,-35.82265,9.454821
US-2020121404-A1,-0.0769471,15.792033
US-2020324408-A1,24.07289,-31.24231
US-5558091-A,-2.7133083,-2.107848
US-2023109848-A1,-15.257576,-33.750534
US-2023095002-A1,-15.257683,-33.75079
US-2009216116-A1,-14.694781,27.010511
US-2010056900-A1,-23.254202,-5.556488
US-2013317353-A1,-14.367278,-5.1457963
US-2014266591-A1,-14.95203,-34.69002
US-2019205820-A1,-6.311567,-15.314627
US-2021393344-A1,-4.330131,-7.4827857
US-2021401507-A1,10.798906,32.39898
US-2022047745-A1,0.79760164,-9.726798
US-2007270685-A1,-13.974856,11.367683
US-8753346-B2,57.12146,-1.62812
US-2016228204-A1,13.503351,-27.64136
US-2016338782-A1,-1.4867406,-23.358137
US-9610689-B2,19.282463,-39.079063
US-2018110572-A1,61.20753,-7.594845
US-2018168750-A1,14.12238,-13.881871
US-2018353248-A1,51.126305,-8.640814
US-2019231446-A1,50.58363,-1.6381748
US-2020323540-A1,14.651558,-9.815875
US-2011257653-A1,-34.85378,7.193516
US-2019125459-A1,3.5517042,2.2546499
US-2008108873-A1,-23.10425,-17.419573
US-2009248038-A1,23.860235,-5.204632
US-2020330172-A1,24.119358,-6.143128
US-2011319932-A1,45.219753,64.45199
WO-2013132501-A1,-82.496376,58.549686
WO-2017098503-A1,-81.031906,-14.466513
WO-2017098507-A1,-81.031906,-14.466513
US-9901401-B2,-4.131327,-16.398235
US-10285765-B2,-25.524845,-24.780342
US-2019192259-A1,-26.591894,6.084656
US-2019275323-A1,11.759067,32.486347
US-2023015516-A1,2.191753,4.136632
JP-2003335417-A,-81.031906,-14.466513
US-2018357552-A1,-10.299291,-38.16403
US-2020380722-A1,-1.9674305,-57.223938
US-2021138651-A1,0.6490625,-49.444363
US-2021312706-A1,-5.8757014,-35.07372
US-2006036162-A1,-34.75196,-1.8974342
EP-2433569-A1,-81.031906,-14.466513
JP-2013081110-A,-81.031906,-14.466513
US-2014046186-A1,-5.241293,6.014279
US-2015087987-A1,-3.5453484,5.2725706
US-2018296184-A1,-4.396528,5.663269
US-2019216439-A1,-7.698359,4.7897263
US-10832486-B1,-33.686752,-13.676339
US-2013060146-A1,-35.59988,-5.246877
US-2013274596-A1,-32.403465,-28.351046
US-2015145966-A1,-39.256477,-25.257746
WO-2016044934-A1,-82.496376,58.549686
US-2017014203-A1,-20.383345,-14.58366
US-2017017069-A1,-36.524662,-29.707827
WO-2020012479-A1,-81.031906,-14.466513
US-2022008139-A1,-34.70485,-23.032698
US-2022087749-A1,-34.61885,-22.969645
US-2006094958-A1,-4.73727,-6.77138
US-12161568-B2,-26.618555,-29.44504
US-2016278868-A1,-31.51313,17.076372
US-4887222-A,17.953323,-37.999912
US-5704791-A,-8.993235,-25.898457
US-5769640-A,-8.517277,-25.991417
US-6074213-A,-7.318956,-26.400085
JP-2000287986-A,-81.031906,-14.466513
US-2003029463-A1,-0.18715325,-25.28117
JP-2003150569-A,-81.031906,-14.466513
US-6573889-B1,-38.10719,-11.071562
EP-1356781-A2,-81.031906,-14.466513
US-2003216715-A1,17.80931,-27.610876
US-2004106916-A1,-9.473161,-48.655838
EP-1443416-A1,-81.031906,-14.466513
WO-2006091494-A1,-81.031906,-14.466513
US-7236618-B1,23.775486,-58.27501
JP-2007534351-A,-81.031906,-14.466513
CN-101160104-A,-81.031906,-14.466513
US-2009017430-A1,-27.817226,-13.822563
US-2009036775-A1,-7.161206,2.9037645
US-2009036902-A1,-17.264208,-26.386059
US-2009088634-A1,1.3900218,-22.506771
WO-2010039394-A1,-81.031906,-14.466513
US-2010191071-A1,-27.29034,9.089667
US-2010248200-A1,-8.818903,-27.176437
US-2011046476-A1,-15.1581135,-14.223638
US-2011267450-A1,-42.183445,-28.638031
US-2011295247-A1,33.139893,2.8685067
US-2011305379-A1,-39.650093,10.479551
CN-102362302-A,-81.031906,-14.466513
JP-2012065698-A,-82.496376,58.549686
WO-2012065175-A2,-81.031906,-14.466513
CN-101160104-B,-81.031906,-14.466513
US-2012178069-A1,-7.1515083,10.556244
WO-2012158324-A2,-81.031906,-14.466513
US-8317744-B2,33.243233,6.533975
US-2013041368-A1,13.600737,-25.339403
CN-103249368-A,-81.031906,-14.466513
JP-2013543764-A,-81.031906,-14.466513
US-2013331859-A1,13.580943,-27.728642
US-2014005684-A1,7.5957317,-9.029154
WO-2014005139-A2,-81.031906,-14.466513
US-2014046128-A1,15.072807,-25.765959
US-8663122-B2,-4.641851,-27.567799
US-2014081659-A1,-23.037146,6.681058
US-12144558-B2,-35.733566,8.849116
CN-103705306-A,-81.031906,-14.466513
US-2014107471-A1,-49.95821,-12.707811
US-2014200440-A1,-0.59630233,-3.419093
US-2014199673-A1,-28.316753,-13.38092
CN-103961178-A,-81.031906,-14.466513
US-2014228860-A1,-46.231068,24.026867
US-2014276943-A1,-11.450935,-13.361416
WO-2014139021-A1,-81.031906,-14.466513
US-2014272867-A1,-10.094923,-24.64713
US-2014287393-A1,-0.007917733,-27.726488
US-2014343913-A1,-29.742542,-10.227056
CN-104203078-A,-81.031906,-14.466513
US-2014379132-A1,29.11885,-35.7723
CN-104271046-A,-81.031906,-14.466513
US-8992230-B2,-0.37940562,-37.68016
CN-104582624-A,-82.496376,58.549686
KR-20150047478-A,-81.031906,-14.466513
CA-2929282-A1,-81.031906,-14.466513
WO-2015066565-A1,-81.031906,-14.466513
CN-104661612-A,-81.031906,-14.466513
WO-2015095715-A1,-81.031906,-14.466513
US-9161817-B2,33.68931,3.935579
US-2015298318-A1,18.422956,-34.207382
US-9196176-B2,-9.023213,-21.171816
US-2015356252-A1,-16.08557,-29.709028
US-9268915-B2,-18.289165,-33.0693
US-2016098933-A1,-8.969541,-21.0085
US-2016106616-A1,-19.323647,-43.254692
US-9341704-B2,-17.523941,-14.469389
US-2016157832-A1,-3.4099545,5.33462
WO-2016201123-A1,-81.031906,-14.466513
US-9652591-B2,-22.022642,-8.628014
WO-2017083768-A1,-81.031906,-14.466513
US-2018153505-A1,-7.3169794,2.618163
US-2018153632-A1,-3.435591,-19.834513
US-2018345557-A1,18.885166,-34.883152
US-2019029766-A1,10.833993,-26.426126
US-10912619-B2,-7.855371,-18.971577
US-2021186634-A1,-7.8550014,-18.971735
US-11058501-B2,-3.4347894,-19.835161
US-2021282804-A1,18.3452,-14.722207
US-2021315650-A1,-3.4346795,-19.834835
US-2016015471-A1,-7.7791653,-15.449076
WO-2019030235-A1,-81.031906,-14.466513
WO-2021019369-A1,-81.031906,-14.466513
US-2021152802-A1,-38.801197,-25.775232
WO-2021216516-A1,-81.031906,-14.466513
CN-113767176-A,-81.031906,-14.466513
US-11432828-B1,50.878998,4.0388613
US-11547486-B1,-30.21297,10.662018
US-2023100989-A1,-15.257576,-33.750534
US-2004087852-A1,-29.109808,-4.0557823
US-2007198022-A1,-51.12426,23.81636
US-2008255584-A1,-41.955444,32.72717
US-2008269596-A1,-20.862333,-8.644024
US-7796791-B2,-49.480373,13.343843
US-2011130761-A1,-23.572433,16.85752
US-2012041446-A1,-51.12243,23.815765
US-2014134586-A1,-38.373512,28.537207
US-2014343403-A1,-17.560139,19.914429
US-2015057756-A1,-47.20818,24.34702
US-2015182292-A1,-28.06586,22.034466
US-9603711-B2,-47.683228,22.49475
US-2017119281-A1,-4.560918,21.14338
US-2019298452-A1,-37.10637,33.40461
US-2020138518-A1,-25.30094,-30.453901
US-2007293792-A1,16.922138,17.154955
US-2023023117-A1,-16.903553,41.38318
US-2013023795-A1,-15.559479,36.262573
US-2018000348-A1,-20.456491,-33.43999
US-2019167447-A1,-15.597519,36.979294
WO-2019245848-A1,-81.031906,-14.466513
US-2024156538-A1,-30.214506,10.661979
US-2021093414-A1,-40.44808,7.0801616
US-11571266-B1,5.5741153,21.840902
US-11645531-B2,-40.44804,7.0801225
US-2023181258-A1,-33.61477,-16.894926
US-2023270562-A1,5.8546824,21.685347
US-2010217400-A1,-28.172844,15.996104
US-2022409396-A1,-35.779007,17.806498
US-2019105108-A1,-39.15043,16.893024
WO-2020186194-A9,-81.031906,-14.466513
WO-2021003275-A1,-81.031906,-14.466513
US-2022273281-A1,-31.000109,18.000854
US-2020205898-A1,12.348932,-11.430224
US-11998278-B1,-29.975351,6.538183
US-5594786-A,-9.120219,-42.809685
US-2023149116-A1,-8.2914915,14.842845
US-5782765-A,-2.5214136,-4.572137
US-5873822-A,-4.522148,-4.4944773
US-5967980-A,-4.5221324,-4.494592
US-6006126-A,-27.583323,-2.7847662
US-6122541-A,-27.640337,-1.1796448
US-6127672-A,0.25739267,-33.77602
US-6272370-B1,22.957594,39.588715
US-6275725-B1,-27.5354,-2.7503264
US-6273896-B1,-27.382864,-0.4556587
US-2001016684-A1,-17.709875,-6.8375783
US-6282437-B1,-27.418962,-0.49744534
US-6298262-B1,-10.80789,20.389357
US-6348058-B1,-12.673643,54.897614
US-6402762-B2,-15.313047,-2.124914
US-2002077543-A1,-21.844254,-5.7071466
US-2002087101-A1,-23.360283,-3.9819636
US-2002147455-A1,-48.18011,1.9955468
US-6491699-B1,-11.528132,21.140953
US-2002188194-A1,-28.381615,-2.7081165
US-6529765-B1,-10.613017,20.2868
US-6546277-B1,-9.261835,20.468092
US-2003069591-A1,-48.23557,1.3153754
US-2003095186-A1,-20.825363,-16.514933
US-2003120283-A1,5.866512,-13.056292
US-2003130610-A1,38.072388,33.565678
US-2003159141-A1,-17.125124,-24.35411
US-6675040-B1,-18.253006,-13.29039
US-6697664-B2,-24.794687,-6.0296373
US-6837864-B1,38.371387,33.066944
US-2006064030-A1,-13.553939,-25.827503
US-2006089626-A1,-11.124347,20.224337
US-2007081695-A1,-41.57443,-19.457382
US-2009046152-A1,-20.703247,-16.708061
US-2009105584-A1,-8.278534,14.916121
US-2013033700-A1,-21.632202,-14.352912
US-2015045665-A1,-34.398254,-6.2202067
US-9044162-B2,43.517338,22.58737
US-2016073962-A1,-20.662893,-14.612887
US-2017319143-A1,-20.663134,-14.612949
US-10499996-B2,-24.166468,0.36436224
US-2019380792-A1,-40.50044,7.097356
US-12272017-B2,-44.963844,7.333496
US-2020231356-A1,23.162327,49.71366
US-2021145608-A1,-32.04913,-7.9886055
US-4428670-A,24.222555,-47.579746
US-2025031968-A1,24.299131,-48.09583
US-5471988-A,-5.3386564,6.2881227
US-5662587-A,19.613888,7.887371
US-2002087048-A1,37.169594,6.2375107
US-6648814-B2,19.473804,6.489704
US-2006293562-A1,15.00521,12.193656
US-2007276291-A1,-6.1344414,-20.789524
US-2009315989-A1,24.217468,-47.814037
US-2010149183-A1,-32.72915,-35.58099
US-8069735-B1,25.063665,-47.2739
US-2012041345-A1,-20.39795,-33.574654
US-2013144191-A1,31.977264,-66.26543
US-2015011830-A1,33.10541,13.992411
US-2017164869-A1,13.993487,8.416665
US-2019053848-A1,24.91788,2.9038322
US-2021381823-A1,23.514708,-47.67454
US-2022354380-A1,-14.142495,-10.80961
US-2022409305-A1,18.888727,6.1995397
US-2010161129-A1,16.511753,-33.402508
US-2023200929-A1,13.299549,-20.449018
US-2010228265-A1,19.225483,-18.957777
US-2011015569-A1,36.046055,-6.47682
US-2011202068-A1,17.719925,-21.527681
US-2017071681-A1,13.728761,-20.277151
US-2018317740-A1,-31.591633,-9.173266
US-6162189-A,34.969395,-29.089827
US-2009011907-A1,26.729698,-52.23805
US-2018290017-A1,-13.228673,-49.336353
US-10646768-B2,-15.447386,-51.83139
US-2020197123-A1,-34.067776,-26.75434
US-11918310-B1,-33.61477,-16.894926
US-11998281-B1,-8.33976,-29.529634
US-12201369-B2,-8.341376,-29.512852
US-2021059822-A1,-36.682495,11.326763
US-10973590-B2,-13.635915,-18.034044
US-2021196404-A1,-23.763594,-30.284378
US-11497436-B1,-24.294455,11.031839
US-2021383550-A1,-42.190063,-28.556742
JP-7175487-B1,-81.031906,-14.466513
US-2022160430-A1,-44.96705,7.189218
US-2024138922-A1,6.921111,-6.6776237
US-11350995-B2,-19.809553,-0.74917525
US-11464573-B1,-19.560633,-22.661432
US-2022387110-A1,-32.44648,16.37187
US-2006293558-A1,-16.29514,-16.520967
US-2007282344-A1,-3.335573,32.081062
US-2008161680-A1,-16.45011,-3.2695708
US-2010208064-A1,-18.626028,-19.46707
US-2011141140-A1,-29.871405,-3.017213
US-2011301447-A1,-16.64366,-17.05831
US-8444652-B2,-26.588566,51.956028
WO-2013126780-A1,-81.031906,-14.466513
US-2014005542-A1,-7.8588567,1.3055423
US-2014012138-A1,-22.004858,-22.831049
US-2015046818-A1,-14.785546,-23.75201
US-2015351967-A1,35.981503,35.69118
US-2016135816-A1,7.056399,-3.8927677
US-2016337182-A1,15.235664,-36.373863
US-2017046833-A1,-32.263714,-10.807638
US-2018110398-A1,-20.765326,-19.783342
US-10307296-B2,26.007225,8.292309
EP-3510963-A1,-81.031906,-14.466513
US-2019310819-A1,-32.103737,-20.627197
US-2019343588-A1,-13.322177,-18.044525
US-2019362834-A1,-16.56333,-18.717007
US-2019385302-A1,-18.506392,-17.704582
WO-2020023740-A1,-81.031906,-14.466513
WO-2020037308-A1,-81.031906,-14.466513
US-2020138534-A1,14.08868,-19.604832
US-10729502-B1,-15.170431,-20.305168
US-2020253667-A1,-24.621069,3.2539916
US-10758309-B1,-15.684759,-18.231325
WO-2020242949-A1,-81.031906,-14.466513
US-2021038234-A1,-26.589188,51.95302
US-2021059758-A1,-18.171064,-16.803532
WO-2021071988-A1,-81.031906,-14.466513
WO-2021071991-A1,-81.031906,-14.466513
US-2021128244-A1,-13.614152,-22.46971
US-2021161718-A1,40.8364,16.316982
WO-2021127426-A1,-81.031906,-14.466513
WO-2021168408-A1,-82.496376,58.549686
WO-2021203077-A1,-81.031906,-14.466513
US-2021307841-A1,-14.64203,-17.907999
US-2021315645-A1,-16.252842,-23.13699
WO-2021257672-A1,-81.031906,-14.466513
WO-2022006041-A1,-81.031906,-14.466513
WO-2022006248-A1,-81.031906,-14.466513
US-2022031394-A1,-28.033438,-8.685866
US-2022092805-A1,13.688719,12.095361
US-2022095903-A1,-32.914238,-28.683443
US-11348257-B2,-25.683239,-29.478703
WO-2022159726-A1,-81.031906,-14.466513
US-2022296081-A1,-17.953232,-16.68051
US-2022383588-A1,-28.55955,-31.47407
US-2022392110-A1,13.330274,6.837328
US-2022415047-A1,-17.728504,-19.254051
US-2023005266-A1,-17.237877,-20.486414
US-2023007982-A1,-18.419216,-17.575218
US-2023014135-A1,-26.589054,51.94959
US-2006189864-A1,-35.19889,28.382364
US-2008056433-A1,-33.738804,30.411173
US-2013304429-A1,-33.979263,20.635826
US-9514533-B2,-46.255074,8.863504
US-10813715-B1,-32.409588,-9.146911
US-2021093393-A1,-35.633053,34.423332
US-2021220054-A1,-31.967066,8.066511
US-2022087746-A1,-24.729286,-30.888449
US-2022370152-A1,-31.176554,0.18354914
US-11553969-B1,-25.537912,-28.714273
US-11786313-B1,6.92112,-6.6776204
US-2015297311-A1,-27.460981,-32.121235
US-2017020376-A1,-6.948142,-5.0754414
US-2019142524-A1,-31.693806,-13.643183
US-2019380781-A1,-28.278915,-11.739493
US-2020400821-A1,-4.482171,-41.674538
US-2015366157-A1,6.887824,-9.161722
US-2018049822-A1,20.997196,-13.425798
US-2023103005-A1,7.973346,1.5846199
US-2019008599-A1,6.900038,-25.697277
US-11457984-B1,-27.295935,34.808292
US-2003135203-A1,27.456175,-38.919704
US-2011071347-A1,30.732216,9.61989
WO-2011135503-A1,-81.031906,-14.466513
US-2013325181-A1,14.679556,-43.587036
US-2014195052-A1,29.128475,-35.708603
US-2018153634-A1,25.854794,-0.7353104
US-2017080565-A1,11.403935,-42.159954
JP-2002185185-A,-81.031906,-14.466513
WO-2007086134-A1,-81.031906,-14.466513
US-8655488-B2,7.1742873,-27.51294
US-9002507-B2,7.697915,-66.31187
CN-105035772-A,-81.031906,-14.466513
US-9193070-B2,2.909148,-44.28556
US-9272417-B2,3.760396,-53.51402
CN-105857784-A,-81.031906,-14.466513
US-9486921-B1,4.3891163,-50.570778
US-9492926-B2,8.060095,-66.56629
US-9682481-B2,6.67679,-44.8137
US-9776326-B2,17.799324,-51.90186
US-9965730-B2,-5.7782145,-72.725334
US-9984339-B2,-4.7474337,-72.64365
US-10022867-B2,3.5201194,-48.29091
JP-2018158391-A,-81.031906,-14.466513
US-10134623-B2,54.384457,-20.984097
US-2019071267-A1,5.1226506,-70.15376
US-10227176-B2,8.442971,-68.5334
JP-2019043772-A,-81.031906,-14.466513
US-10265856-B2,-2.787335,-56.29881
CN-109693903-A,-81.031906,-14.466513
US-10289111-B1,0.73872745,-67.045364
CN-208882863-U,-81.031906,-14.466513
US-10296995-B2,3.5201812,-48.291103
US-10399227-B1,1.1149181,-40.748177
US-10453002-B2,-5.7783613,-72.724846
US-10456915-B1,0.89636713,-57.1708
US-10933527-B2,1.0340416,-56.56925
US-10472172-B2,-0.2951115,-66.84496
US-10576636-B1,1.0950656,-40.760036
US-10671088-B2,6.67679,-44.8137
US-10723555-B2,-4.243091,-66.561195
US-10787315-B2,-4.3911514,-66.77301
US-10846625-B2,-5.777548,-72.72498
US-11040453-B2,4.804813,-63.954063
US-11086336-B1,4.3360834,-63.87031
US-11157841-B2,-4.7474337,-72.64365
US-5743918-A,-20.36322,47.726433
US-6377839-B1,-17.969156,-10.008372
US-2004128026-A1,27.420458,-25.797037
JP-2005312991-A,-81.031906,-14.466513
JP-2005334650-A,-81.031906,-14.466513
WO-2007030173-A1,-81.031906,-14.466513
WO-2007136771-A2,-81.031906,-14.466513
WO-2007136769-A2,-81.031906,-14.466513
US-2008010706-A1,-1.4332144,-21.471779
CN-101277657-A,-81.031906,-14.466513
JP-2008538184-A,-81.031906,-14.466513
JP-2008541990-A,-81.031906,-14.466513
CN-101426446-A,-81.031906,-14.466513
JP-2009537229-A,-81.031906,-14.466513
US-2009306499-A1,2.902372,7.155372
US-2010094429-A1,-31.176538,49.737694
US-2010153076-A1,-42.447124,12.297343
US-12042230-B2,-44.895622,13.42542
JP-2010524547-A,-81.031906,-14.466513
US-7842092-B2,-38.36712,23.54249
US-2011066079-A1,-38.36712,23.54249
US-2011082587-A1,36.60539,-32.439075
US-2011082462-A1,57.121044,-1.6276023
JP-2011206180-A,-81.031906,-14.466513
CN-102438551-A,-81.031906,-14.466513
WO-2012101286-A1,-81.031906,-14.466513
US-8475535-B2,-29.29262,46.013664
WO-2013101671-A1,-81.031906,-14.466513
US-2013173010-A1,-30.839867,48.0998
US-2013211419-A1,11.204115,-16.936035
US-2013317344-A1,-4.0109434,-22.350548
US-8681095-B2,-12.052349,-43.780155
US-2018350010-A1,-10.735176,-37.867924
US-2020321123-A1,-11.06189,-38.041965
US-11005661-B1,-14.446493,-37.33631
US-11037679-B1,-14.846135,-37.535347
US-2021192759-A1,-25.68331,-29.478718
US-2021287783-A1,-22.775122,6.4119644
US-2021290284-A1,49.011444,21.86035
US-2021369394-A1,-12.292945,-36.47719
US-11207133-B1,-10.660124,-55.139217
US-11217033-B1,-32.861973,-17.22652
US-2022029986-A1,-14.842138,-37.462704
US-11270789-B1,-11.726191,-38.58389
US-2022167929-A1,-12.015606,-38.6303
US-2023057317-A1,-2.49801,7.379091
US-2023143522-A1,-29.447186,-8.274623
US-2012323364-A1,-11.990492,-4.0536
US-2022183770-A1,2.0603101,-28.688885
US-2013226168-A1,28.355415,-43.006336
US-2016246369-A1,29.749025,-44.78867
US-9827060-B2,29.576271,-43.341335
CN-108268129-A,-81.031906,-14.466513
US-2020113641-A1,2.2904649,-28.841208
US-2021081042-A1,28.346682,-44.030586
US-2021315590-A1,-30.133278,39.239895
US-2022125520-A1,-13.0903015,0.48206168
US-2022160440-A1,8.945715,-22.522202
US-2022253140-A1,29.165497,-45.28207
US-11537206-B2,33.35065,-58.86025
US-11847426-B2,2.9408867,-58.441288
US-2006281550-A1,33.93107,-56.26616
US-2015253854-A1,26.542912,-56.495296
US-2016144404-A1,39.390137,-63.975914
US-2016258758-A1,41.222977,-61.795486
US-2017021762-A1,32.319782,-60.45266
US-2017291319-A1,22.163244,14.265081
US-2018004291-A1,28.313416,-61.405136
US-2007151390-A1,23.488514,-3.5057135
US-2021353373-A1,22.85016,3.6756668
US-2007282358-A1,45.06201,2.0605447
US-2012123441-A1,29.31073,-3.8384576
US-2012199632-A1,22.245838,-12.381305
US-2013046317-A1,47.905666,0.17459536
US-2013291654-A1,23.581388,-0.8622686
US-2015135832-A1,22.011263,-1.1188569
US-2016346513-A1,29.757036,11.334898
US-2017071688-A1,44.40092,12.894683
US-2017095234-A1,44.428505,20.533434
US-2018078249-A1,45.81777,10.296617
US-2019125354-A1,60.384422,5.223389
US-2021387337-A1,13.765253,0.07843189
US-2004068187-A1,-44.93764,7.082648
US-2007014452-A1,-10.743361,-24.391945
WO-2007009263-A1,-81.031906,-14.466513
US-2014303938-A1,-33.73638,4.6126738
US-2015238271-A1,-42.024563,2.0993383
US-2016210412-A1,-33.316017,4.848776
US-2016302870-A1,-43.643032,-0.62124956
US-2017333138-A1,-12.320138,7.5429935
US-9901404-B2,-36.55897,38.07897
US-2018153624-A1,-34.85438,7.1936474
US-2005206583-A1,-25.021591,-42.90223
US-2006082542-A1,-30.507689,-40.267708
US-7331929-B2,-30.507603,-40.267773
US-2014278033-A1,-24.392878,-43.159073
US-2015363979-A1,-26.756535,-42.777824
US-4979949-A,-11.988319,24.381294
US-2023404684-A1,24.83323,-16.628311
US-11529198-B2,-11.480978,0.37860018
US-2001052708-A1,10.987479,-64.17421
KR-20080001013-U,-81.031906,-14.466513
US-2010239408-A1,9.396705,-65.0949
US-9120230-B2,10.191754,-64.02469
CN-105143075-A,-81.031906,-14.466513
US-9498887-B1,11.321182,-64.207115
US-2017113885-A1,4.890037,-69.58948
US-2018290845-A1,4.7967124,-69.52749
US-2018297200-A1,11.399296,-64.870056
WO-2019049772-A1,-81.031906,-14.466513
JP-2019188600-A,-81.031906,-14.466513
US-12390923-B2,6.7502007,-62.90747
US-2019344447-A1,3.8729417,-65.86991
JP-2019218166-A,-81.031906,-14.466513
US-2020047331-A1,0.029602893,-61.665188
EP-3623324-A1,-81.031906,-14.466513
US-10625430-B2,11.858894,-65.33128
WO-2021035062-A1,-82.496376,58.549686
US-2021053230-A1,6.2675447,-61.873783
WO-2021070076-A1,-81.031906,-14.466513
US-11318620-B2,3.8729458,-65.87363
US-2022274262-A1,8.644154,-57.81345
US-11584026-B2,14.187559,-45.369106
US-2008077158-A1,-49.777428,-13.992378
US-2010073150-A1,22.327196,-44.0644
US-11281296-B2,29.07559,-57.164864
US-2011208256-A1,-40.589706,14.639625
US-2012123418-A1,6.981636,-1.6366109
US-2012323244-A1,-25.176083,14.586234
US-2013211421-A1,-22.714373,-8.365728
US-2014031664-A1,-22.865217,-13.753374
US-2015182288-A1,-11.776763,53.765186
US-2016022374-A1,-49.958332,-12.707834
US-2016214255-A1,2.1209226,-38.39353
WO-2016205915-A1,-81.031906,-14.466513
US-9588583-B2,21.378668,-58.660114
WO-2017204832-A1,-81.031906,-14.466513
US-2017340389-A1,-44.895554,13.425449
US-2017360512-A1,18.725965,-11.425554
WO-2018103945-A1,-81.031906,-14.466513
US-10335236-B1,-34.77274,6.327337
US-11068882-B1,18.717896,-50.96315
JP-H08117238-A,-81.031906,-14.466513
US-2008088620-A1,-10.657309,-56.116978
US-2009000627-A1,-36.240314,18.132519
US-2009012531-A1,-4.0072513,-22.938614
US-2013172905-A1,-2.5843604,-31.163103
US-8498744-B2,11.08261,-8.419264
US-2015324114-A1,-30.931166,3.3516695
US-2015320500-A1,9.410924,-13.694607
US-9289264-B2,-2.5842366,-31.162554
US-2016199136-A1,-2.5842495,-31.16238
US-2017020613-A1,-13.974894,11.367743
US-9636185-B2,4.9117403,14.450796
US-9655683-B2,-2.5842366,-31.162554
US-2017151021-A1,-6.1482844,-23.550205
US-2018014894-A1,16.496462,-14.580087
US-2018116739-A1,15.033256,-12.91381
US-10004565-B2,-10.464413,-51.420578
US-2018303568-A1,16.033903,-12.072765
US-2019083191-A1,14.787846,-9.269473
US-2019133791-A1,-26.28631,18.167656
US-10575913-B2,16.033743,-12.072318
US-10610301-B2,-6.148433,-23.54983
US-4559936-A,-23.253017,45.862244
US-5078140-A,-3.0378654,16.800922
US-5413573-A,0.57833004,7.01607
WO-9531148-A1,-81.031906,-14.466513
US-5540696-A,-28.815996,40.69683
US-5630431-A,1.4088376,-14.860648
US-5682886-A,-38.424587,6.361845
US-5824085-A,-38.089394,15.331953
US-6328752-B1,55.88509,10.000986
US-2002055918-A1,-10.608348,-17.801334
US-2002082612-A1,21.439392,-18.886543
US-6595997-B2,-15.243455,27.125954
US-6685711-B2,-35.41499,38.634674
US-6758850-B2,-25.8717,43.228897
WO-2004070580-A2,-81.031906,-14.466513
US-6827723-B2,-49.019787,2.424992
US-2004260301-A1,-32.437916,41.258587
US-2022265354-A1,-40.771248,41.836132
US-2005020941-A1,-21.616095,34.828094
US-6859661-B2,-29.023058,32.416443
EP-1518501-A2,-82.496376,58.549686
US-2005113846-A1,-49.019787,2.424992
US-2005119661-A1,-25.639977,31.952885
US-2005149040-A1,-14.851205,2.2882087
US-2005171545-A1,-33.916443,40.529655
US-2005234466-A1,-31.351768,40.310795
US-2005251148-A1,-28.612804,37.402332
US-2006015120-A1,-36.65254,42.724773
US-7008362-B2,3.7295878,-1.5971756
US-2006064043-A1,-31.321407,24.39214
WO-2006078236-A1,-81.031906,-14.466513
US-2023087709-A1,-27.665863,26.790405
EP-1690503-A1,-81.031906,-14.466513
US-2006200026-A1,29.877436,3.725028
EP-1226788-B1,-81.031906,-14.466513
US-2006241405-A1,-28.009762,23.483109
US-2007073136-A1,-23.004427,16.078775
US-2007123896-A1,-15.17313,27.089119
US-2007179626-A1,-40.546825,21.515675
EP-1755466-B1,-81.031906,-14.466513
US-2008004633-A1,-13.639917,7.98297
US-7412897-B2,-21.900616,36.70294
US-2008208081-A1,-31.949741,32.680252
US-2008249394-A1,-30.999926,35.194817
US-2008281328-A1,-51.12426,23.81636
US-2008281301-A1,-9.760086,-15.434559
US-2008281426-A1,-39.071873,47.297775
EP-2007291-A2,-81.031906,-14.466513
US-7510557-B1,-14.22429,30.02022
US-7547307-B2,-48.238026,1.3187116
US-7591821-B2,-39.077564,36.949905
US-7607440-B2,11.3704405,3.2939153
US-7618421-B2,-35.696686,38.604088
US-7634306-B2,-28.277546,23.103506
EP-2156794-A1,-81.031906,-14.466513
US-7670345-B2,-11.16485,27.288425
US-2010063508-A1,-24.71902,23.719948
US-2010064216-A1,-24.721117,23.71971
US-7696899-B2,-9.050286,-0.70138335
US-2010145344-A1,-38.29338,41.64871
US-7794467-B2,-31.35483,40.32241
US-7809421-B1,-1.9015454,-2.0900793
US-7831295-B2,-13.846717,8.299442
US-2011029091-A1,-47.682194,22.493404
US-2011071530-A1,-48.181435,1.9945222
US-2011071528-A1,-48.180412,1.9955796
US-7927336-B2,-28.140894,41.79735
US-7931655-B2,-35.69303,38.613007
US-7945310-B2,-13.910908,-9.767929
US-7963913-B2,34.281857,-16.205187
US-8007448-B2,-39.923527,21.375103
US-8038683-B2,-40.444492,41.22024
EP-2384714-A1,-81.031906,-14.466513
US-8075317-B2,-13.148366,-22.96003
US-2011306986-A1,13.969299,-23.858387
US-2011304332-A1,-32.304817,40.633236
US-8096997-B2,-10.527911,29.717018
US-8109942-B2,-25.968914,18.722485
US-8116847-B2,-18.55382,-5.2621174
US-8126533-B2,-28.855824,25.924013
US-8160345-B2,-47.969784,16.870369
US-8170888-B2,-14.315045,-20.460833
US-8172775-B2,-34.34997,18.847404
US-2012143084-A1,8.286767,-41.677814
US-8197549-B2,-20.145443,35.762386
WO-2012082164-A1,-81.031906,-14.466513
US-8257360-B2,-36.653316,42.72433
US-2012226481-A1,-48.181587,1.9944308
US-2012226198-A1,-48.180412,1.9955796
US-8265949-B2,-33.05949,4.954148
US-8265790-B2,-19.425789,17.728115
US-8277455-B2,-10.919971,27.301224
EP-1919390-B1,-81.031906,-14.466513
US-8337508-B2,-30.156296,20.826433
US-8357111-B2,-28.360788,28.44174
US-8377129-B2,-51.125214,23.809587
US-8386077-B2,4.973456,-36.758648
US-8382765-B2,-36.99891,14.511783
US-2013072821-A1,-32.465202,26.541658
US-2013085510-A1,12.924565,-14.213327
US-2013123983-A1,3.4350975,-41.140575
US-8480679-B2,-45.71803,16.345161
US-8483469-B2,-45.79673,14.917307
US-2013209953-A1,-25.394484,5.3301654
US-8521252-B2,-28.445227,-7.975974
US-8545509-B2,-45.870506,16.595226
US-8548559-B2,-34.963737,34.481075
US-8551023-B2,-24.575615,36.419178
US-8551099-B2,-51.12426,23.81636
US-8626267-B2,-29.342772,24.936104
US-8641726-B2,-11.509726,2.6288412
US-2014039520-A1,-49.777428,-13.992378
US-2014073907-A1,-39.0389,-2.2675226
US-8682052-B2,-50.13911,26.522297
US-2014108983-A1,-13.783157,-24.462425
US-8707963-B2,-32.813473,14.218031
US-8715291-B2,-45.9568,17.353146
US-2014128727-A1,-9.785064,-16.229301
US-8721568-B2,-26.522606,36.0959
US-2014188240-A1,-46.112015,24.277252
US-2014189508-A1,-11.225539,-20.954582
US-8777875-B2,-47.72481,16.350914
US-8801720-B2,-43.406055,16.05294
US-8801719-B2,-43.405952,16.052948
US-8832019-B2,-34.312546,9.412238
US-8834490-B2,-11.509726,2.6288412
US-8845645-B2,-31.554436,45.79977
US-2014296871-A1,-4.217921,-13.85378
US-8861818-B2,-40.842327,27.440987
US-8880152-B2,-29.359354,24.936388
US-8885904-B2,-30.165112,-1.774866
US-8938282-B2,-9.784581,-16.25453
US-8951260-B2,-13.033268,30.006498
US-8956355-B2,50.590355,12.566265
US-8965483-B2,-40.54047,41.335167
US-8974468-B2,-42.87858,26.250856
US-2015094736-A1,24.635452,-9.857724
US-9002426-B2,-4.0072355,-22.938437
US-2015106024-A1,-35.44097,12.603502
US-2015105782-A1,-19.79075,35.98622
WO-2015057814-A1,-81.031906,-14.466513
US-9101394-B2,-32.54831,17.28111
US-9119722-B1,-39.56286,32.619167
US-9125669-B2,-43.55656,30.407522
US-9168153-B2,-16.264977,21.443535
US-9167989-B2,-32.465202,26.541658
US-9173716-B2,-38.33019,41.00485
US-9186292-B2,35.32329,-29.106998
US-9220510-B2,-25.176126,14.586583
US-2016007836-A1,14.66164,10.03831
US-9237951-B1,-30.454174,35.119656
US-9241801-B1,-43.070396,18.367683
US-9247998-B2,-35.980705,31.94582
US-9248001-B2,-30.604029,19.542858
US-9262802-B2,-37.06016,3.7965212
US-9259290-B2,-13.255099,-13.46919
US-9265447-B2,-30.763134,5.469235
US-9271756-B2,-24.543304,23.639248
US-9277968-B2,12.265966,-19.94387
US-9286355-B2,-30.019775,31.008108
US-9301812-B2,-34.729088,21.154257
US-9332987-B2,43.639095,-8.482292
US-9406134-B2,-19.930466,-3.7439895
US-2016220175-A1,-2.1219707,-13.901024
US-9433425-B2,-31.545658,45.900112
US-9439656-B2,-30.335857,39.826824
WO-2016146768-A1,-81.031906,-14.466513
US-2016338777-A1,-25.383099,-9.0812025
US-9517000-B2,-1.620218,-8.166943
WO-2016198844-A1,-81.031906,-14.466513
US-9532788-B2,-42.250626,9.595299
US-9532838-B2,11.3704405,3.2939153
US-2017014169-A1,-37.189644,9.487403
US-9549742-B2,-33.130177,38.951275
US-9549782-B2,-45.95687,17.35331
US-9554953-B2,40.219105,-30.753073
US-2017042557-A1,-23.572433,16.85752
US-2022125535-A1,8.9439945,-22.519659
US-9572682-B2,-37.468815,31.932789
US-2017061375-A1,-33.448975,11.503868
US-9592133-B2,-28.494104,42.76381
US-9597096-B2,-28.826498,28.70288
US-9610134-B2,-35.538906,13.915094
US-9610086-B2,-43.406982,16.054047
US-9639156-B2,-10.574141,-53.28252
WO-2017076886-A1,-81.031906,-14.466513
US-9684768-B2,-31.954285,6.4863615
WO-2017108776-A1,-81.031906,-14.466513
WO-2017115235-A1,-81.031906,-14.466513
US-9700292-B2,-23.037325,6.6810884
US-2017196571-A1,-33.130135,38.952774
WO-2017124043-A1,-82.496376,58.549686
US-9724165-B2,-13.638844,7.982226
US-9737369-B2,-30.534786,25.115517
US-9737311-B2,-10.966744,29.076057
WO-2017147596-A1,-81.031906,-14.466513
EP-1841372-B1,-81.031906,-14.466513
US-2017258532-A1,8.448399,-1.6982383
US-9763683-B2,-11.474933,1.055743
US-9763746-B2,2.0211463,-36.30566
US-9782226-B2,-46.7353,18.948227
WO-2017179075-A1,-81.031906,-14.466513
US-2017312099-A1,-21.195665,37.50845
US-9808356-B2,-23.35701,38.832607
US-2017325973-A1,-30.04365,35.02779
US-2017348008-A1,-10.966744,29.076057
US-2017347922-A1,-28.648336,26.737986
US-9848896-B2,-29.964025,40.894955
US-9861446-B2,-24.728127,-30.886377
US-9888931-B2,-6.656051,41.1666
US-9901463-B2,-29.68629,42.861958
US-9911187-B2,-24.451773,0.1127703
US-2018064496-A1,-18.409391,-13.103522
US-9916421-B2,-32.89544,17.777958
US-9913692-B2,-32.55944,17.296583
US-9913691-B2,-34.084923,6.693934
US-2018071049-A1,29.264406,-14.761073
US-2018085135-A1,-18.705315,16.435184
US-2018085172-A1,-2.358453,-35.653618
US-2018116805-A1,-39.43196,29.866339
US-2018116823-A1,-39.431774,29.86528
WO-2018085694-A1,-81.031906,-14.466513
US-2018132949-A1,-29.414253,5.202807
WO-2018085900-A1,-82.496376,58.549686
WO-2018095499-A1,-81.031906,-14.466513
WO-2018104704-A1,-81.031906,-14.466513
US-2018168762-A1,36.611385,-15.23656
US-2018177512-A1,-14.227352,5.9227676
US-10010377-B2,-10.622559,-53.34322
US-2018199995-A1,-35.379555,32.48339
US-2018214180-A1,-23.642298,29.869667
US-10052164-B2,23.731844,-39.990124
US-2018250078-A1,2.4631615,-7.5743904
US-10070973-B2,-25.004696,36.47392
US-10071488-B2,32.597878,-16.693197
US-10070931-B2,5.1108503,-25.899946
US-2018256256-A1,-31.811392,-19.464611
WO-2018161120-A1,-81.031906,-14.466513
US-10076344-B2,-28.591618,42.606354
US-10080616-B2,-43.642796,-0.62131643
US-10092361-B2,-28.330044,19.689915
US-10102309-B2,-39.53721,12.264772
US-10117658-B2,-17.269585,29.43974
US-2018317898-A1,-12.189284,44.68606
US-10130375-B2,-27.508799,42.421684
US-10136952-B2,18.726372,-11.425646
US-10136950-B2,-15.041634,-2.1606793
US-2018338796-A1,3.726879,-11.694253
US-2018344409-A1,-8.840308,29.913464
US-2018368930-A1,-26.586294,-13.229138
US-2019000631-A1,-19.869566,48.946827
WO-2019006370-A1,-81.031906,-14.466513
US-10172687-B2,8.8274145,16.322886
US-10201320-B2,-35.341267,14.015001
WO-2019032828-A2,-81.031906,-14.466513
US-10206714-B2,-24.721033,23.719646
US-10206792-B2,-25.302988,35.877174
US-2019066832-A1,-23.435917,8.071926
US-2019069963-A1,10.939351,-15.674676
US-10226261-B2,-43.58572,15.992847
US-10226306-B2,5.929811,-24.261305
US-10231786-B2,-28.329792,19.689028
US-10231739-B1,-12.206824,2.5781157
US-10238454-B2,-41.379425,31.757002
US-2019090962-A1,-40.924637,31.827785
US-2019090952-A1,-29.223343,29.005154
US-2019099228-A1,35.524925,-21.306715
WO-2019068194-A1,-81.031906,-14.466513
US-2019122330-A1,-13.802773,-18.055079
US-2019117156-A1,-24.165594,8.650968
US-2019117407-A1,-29.528185,46.55742
WO-2019079634-A1,-81.031906,-14.466513
US-10271954-B2,-31.835815,45.531807
US-10272569-B2,6.5972924,-25.516443
WO-2019081915-A1,-81.031906,-14.466513
US-10278777-B1,-24.72869,-30.886557
US-2019133695-A1,-42.657803,-7.3224783
US-10285683-B2,-12.189284,44.68606
US-2019147128-A1,-28.720873,31.411808
US-10307269-B2,-29.085897,43.64001
US-2019175283-A1,-27.95989,25.637209
US-2019201214-A1,-25.592623,12.648363
US-2019201101-A1,-36.10478,4.28287
US-2019200900-A1,-22.650763,30.248308
WO-2019135805-A1,-81.031906,-14.466513
US-2019209079-A1,-19.917303,38.49978
EP-3510927-A1,-81.031906,-14.466513
US-2019216520-A1,-7.4670534,31.31695
US-2019224016-A1,-23.155275,38.879547
US-2019223962-A1,4.8880324,-30.321787
WO-2019148154-A1,-81.031906,-14.466513
US-10368947-B2,-24.72751,-30.886488
US-2019240045-A1,-21.721485,33.761784
US-2019240046-A1,-21.763365,33.683598
US-2019254756-A1,-12.661315,6.983163
US-2019269476-A1,39.71734,-23.828848
US-2019272917-A1,-12.260078,-20.042831
US-2019274662-A1,43.59559,-27.510962
US-2019274762-A1,-11.951003,-4.7148185
US-10416624-B2,8.767396,3.5055935
US-10420611-B2,-30.47154,22.076284
US-2019290198-A1,-23.861244,8.654829
US-10426556-B2,-36.176357,-4.9052186
WO-2019191722-A1,-81.031906,-14.466513
US-2019311542-A1,-27.533653,-13.931214
US-10441438-B1,-38.3786,41.830303
US-10441366-B2,-17.682436,-13.882997
US-10452238-B2,-34.823715,15.78581
US-2019325386-A1,-33.44902,11.504077
US-10456166-B2,41.354347,20.582415
US-10456075-B2,-15.448579,13.159382
US-10463242-B2,-27.228241,-11.096124
US-10470838-B2,-38.837658,-5.1083355
WO-2019224745-A1,-81.031906,-14.466513
US-10492798-B2,-33.797253,12.963373
US-10492693-B2,-23.44698,-15.452445
US-2019365481-A1,14.343603,-11.46152
US-2019374130-A1,-13.295299,-4.8701153
WO-2019241516-A1,-82.496376,58.549686
WO-2019245849-A1,-81.031906,-14.466513
US-2019388157-A1,-12.676674,-13.316364
US-2019388153-A1,-25.129028,-11.726605
WO-2019245851-A1,-81.031906,-14.466513
US-2020000400-A1,-24.540014,29.532845
US-2020015598-A1,13.972462,-20.93243
US-2020030036-A1,-36.115105,8.913195
US-10548667-B2,-35.564243,8.083662
US-10555777-B2,5.9440885,-24.366365
WO-2020033568-A2,-81.031906,-14.466513
US-10572733-B2,-30.912712,-20.408659
US-2020060773-A1,8.753329,-46.21003
US-2020060772-A1,-1.0058262,-8.643037
US-10575910-B2,5.0469046,-25.938057
US-10595952-B2,-32.774567,10.481614
US-10595887-B2,3.7847722,-9.304416
US-10595880-B2,-2.7393975,-25.075298
WO-2020056443-A1,-81.031906,-14.466513
WO-2020065209-A1,-81.031906,-14.466513
US-2020100848-A1,-17.60858,-14.122855
US-10610315-B2,10.265076,-26.1079
US-10610316-B2,4.9879985,-26.439177
US-10610310-B2,-17.297983,-24.599405
EP-3334383-B1,-76.93668,43.4583
US-10617479-B2,6.1254916,-24.648003
US-2020113583-A1,-13.011913,-3.2449884
US-10624807-B2,-8.291216,-22.94334
US-2020129311-A1,-26.602009,17.998549
US-10638970-B2,-30.095984,23.440632
US-10739963-B2,-34.823715,15.78581
US-10765384-B2,-42.083435,2.1936648
US-2020305978-A1,-36.471336,6.008446
US-2020305979-A1,-24.23303,-7.272274
US-2020352529-A1,-42.08313,2.1936824
WO-2020227832-A1,-81.031906,-14.466513
US-2022071720-A1,17.331196,-11.543206
US-2023146679-A1,-31.37475,-0.2829839
US-2021386480-A1,-32.228622,-0.6778361
US-2013116706-A1,24.761572,-10.170179
US-2023172677-A1,29.821924,7.9379773
US-2014277736-A1,5.460309,-39.96333
US-2017020615-A1,26.320433,-16.021051
US-11596486-B2,14.009514,-16.638145
US-4747393-A,31.7735,24.695465
US-4903536-A,58.524864,-13.489492
US-5046375-A,58.62028,-13.399641
US-5086401-A,8.167673,-17.42545
US-5142930-A,3.5968199,-22.896696
US-5154717-A,-11.988319,24.381294
US-5207114-A,58.524418,-13.489663
US-5230338-A,3.5960968,-22.895721
US-5236432-A,-11.98923,24.378542
US-5343385-A,-29.218884,8.246366
WO-9501757-A1,-81.031906,-14.466513
US-5383901-A,42.840263,18.522812
US-5388480-A,59.028896,-12.442843
US-5399951-A,8.302937,-41.17787
US-5408409-A,8.16132,-17.4253
US-5445166-A,-3.853089,-14.640212
US-5445144-A,15.125941,15.576652
US-5452941-A,31.312986,24.945738
WO-9617552-A1,-81.031906,-14.466513
JP-H08215211-A,-81.031906,-14.466513
US-5551429-A,-8.370786,15.919026
US-5572999-A,-15.233509,-14.317429
US-5576727-A,31.782785,-49.4243
US-5587937-A,44.618496,-53.190273
US-5611353-A,-32.428425,34.63132
US-5625576-A,44.616405,-53.193203
US-5638819-A,-17.350346,-10.302682
US-5676673-A,-4.5176067,-4.51083
US-5688280-A,-28.881569,40.743298
US-5694013-A,-8.833395,-56.84943
US-5695500-A,1.4067738,-14.863091
JP-H09330016-A,-81.031906,-14.466513
US-5701140-A,31.829153,-49.336655
US-5727554-A,-32.714268,-5.967013
US-5792147-A,-24.820656,-17.942673
US-5806518-A,-42.983776,-3.8100502
US-5831408-A,25.648409,-53.630882
US-5855553-A,13.886708,-26.404657
US-5871018-A,-38.424755,6.361722
US-5887121-A,25.157976,-27.70733
US-5888220-A,-52.092873,22.491932
US-5898599-A,43.44876,-54.18535
US-5928137-A,33.20866,16.016214
US-5950629-A,1.413415,-14.865908
US-5971997-A,-14.98293,7.9870963
US-5978696-A,-22.861761,-3.1673388
US-5976156-A,1.4083126,-14.863222
US-5980535-A,-20.752625,-10.168848
US-5984930-A,-1.9006953,9.755729
US-5987960-A,-15.47262,10.079949
US-6006127-A,-20.134977,-9.659261
US-6017305-A,32.534145,24.193066
US-6033415-A,-43.039692,-3.7696548
WO-0035336-A2,-81.031906,-14.466513
US-6084587-A,22.745588,-57.246487
US-6104158-A,25.648434,-53.631065
US-6109270-A,-4.131597,10.969668
US-6111577-A,22.452888,-56.560734
JP-2000279425-A,-81.031906,-14.466513
US-6147674-A,30.069572,-52.740696
US-6161032-A,-2.7749066,-2.3305268
EP-1059067-A1,-81.031906,-14.466513
US-6188728-B1,-46.440197,-20.079165
US-6191796-B1,-8.965751,-56.906338
US-6205411-B1,-35.582985,23.865015
US-6219032-B1,30.126999,-51.15587
US-6223100-B1,12.696907,-33.62284
US-6226566-B1,25.157871,-27.707315
US-6231526-B1,1.4060328,-14.861564
US-6233504-B1,28.001781,-39.319714
US-6259806-B1,11.691187,-32.250717
US-6285902-B1,-24.814524,-6.0817633
US-2022211451-A1,25.99498,7.7379093
US-6288705-B1,29.711552,-49.390987
US-6292174-B1,29.207317,-49.11176
US-6300936-B1,30.9964,-51.798786
US-2001034530-A1,-5.297693,-15.0397
US-2001037064-A1,-0.10993549,6.91383
US-2001039422-A1,-21.289202,-2.7238843
US-2001041838-A1,-30.797308,-8.11064
US-6322567-B1,6.708439,-15.570735
US-6322467-B1,56.561146,-9.702472
US-6325808-B1,23.752428,-15.265852
US-6337994-B1,15.133537,20.986483
EP-1184684-A2,-81.031906,-14.466513
US-2002035321-A1,-24.850622,-2.6047032
WO-0224051-A2,-81.031906,-14.466513
US-6366273-B1,31.592363,-50.19745
US-6369834-B1,22.452444,-56.561417
JP-2002102251-A,-81.031906,-14.466513
US-6377011-B1,53.250294,-9.542289
US-6385509-B2,28.001534,-39.318813
US-6385475-B1,-30.94945,24.624157
US-6393340-B2,25.10112,-27.753355
US-2002062177-A1,34.98233,-59.46627
US-6405158-B1,44.07517,-54.157104
US-6405072-B1,-28.381615,-2.7081165
US-6417638-B1,40.582447,-53.296886
US-6421048-B1,-10.025909,-56.322186
US-6424885-B1,14.16061,-32.482452
US-6430434-B1,-42.994167,-3.836629
US-2002108054-A1,-17.361113,-47.587284
WO-02061371-A1,-81.031906,-14.466513
WO-02060653-A2,-81.031906,-14.466513
US-2002107521-A1,-0.9975302,31.079908
US-6434416-B1,-12.90742,12.2889385
US-2002120188-A1,-1.0554639,-18.69813
US-6443894-B1,-40.49577,-12.231209
US-6466815-B1,-15.056803,-7.2214475
US-6468265-B1,19.295345,-8.354145
JP-3342969-B2,-81.031906,-14.466513
US-6484118-B1,-2.1061015,-2.8417923
US-6493608-B1,-0.18693626,-25.280972
US-6494039-B2,32.495975,-35.613117
US-6522906-B1,-15.693386,-23.16429
JP-2003053684-A,-81.031906,-14.466513
US-6533737-B1,-26.268631,-10.572755
US-6547782-B1,1.4049311,-14.85972
US-6552722-B1,-10.657309,-56.116978
US-6551325-B2,-14.58123,18.522827
US-2003093103-A1,5.7502675,-2.0116751
US-2003112281-A1,-8.640357,-57.660156
US-6583161-B1,10.018606,41.927334
WO-03077101-A2,-81.031906,-14.466513
US-2003187351-A1,-9.334389,20.476664
US-2003195664-A1,17.015814,-29.832426
US-6642686-B1,34.39119,-25.716082
US-2003209096-A1,-15.604417,10.0457
US-6671651-B2,-14.302764,-56.24379
US-6674916-B1,-41.626575,-5.1125507
EP-1380266-A1,-81.031906,-14.466513
US-2004009459-A1,-19.688675,-11.464424
US-2004012806-A1,-24.533728,-35.07232
US-2004024311-A1,-7.059184,-53.004555
US-6690964-B2,-26.899563,-20.33095
US-6692485-B1,54.59344,-11.822695
US-2004034302-A1,-7.9150767,-51.084167
US-2004034283-A1,-6.2309384,-50.91937
US-2004034282-A1,-5.0845003,-25.625504
US-6701174-B1,-31.979305,5.5704618
US-6704694-B1,-11.113963,-58.77066
US-6711431-B2,-35.064606,30.77136
JP-2004513684-A,-81.031906,-14.466513
US-2004102866-A1,-37.51751,14.380475
WO-03007101-A3,-81.031906,-14.466513
US-6750877-B2,32.119106,-55.502514
US-6748819-B2,54.06628,-13.846289
US-2004115606-A1,2.1012008,-24.745068
US-6757582-B2,-6.5866485,-34.51902
US-2004127788-A1,-33.20248,-3.6018114
US-2004143243-A1,4.0075984,-14.651162
US-2004157188-A1,12.337229,-2.8616288
US-6778850-B1,-28.403084,-6.9314833
WO-2004070573-A2,-81.031906,-14.466513
WO-2004069041-A2,-81.031906,-14.466513
WO-2004070581-A2,-81.031906,-14.466513
WO-2004069036-A2,-81.031906,-14.466513
WO-2004069040-A2,-82.496376,58.549686
US-2004167654-A1,-38.731945,27.537603
US-2004171924-A1,-38.30101,3.0595727
US-2004172044-A1,-15.403096,0.47550866
US-6786896-B1,19.309948,-28.946533
WO-2004075987-A1,-81.031906,-14.466513
US-6801801-B1,-23.802769,11.251671
US-6810281-B2,-1.0554317,-18.69805
US-6816148-B2,29.207317,-49.11176
US-2004242993-A1,0.16251323,-17.897346
US-6831640-B2,-10.657309,-56.116978
US-2005001831-A1,-10.657309,-56.116978
US-6845691-B2,57.15989,0.08424625
US-6850794-B2,-27.910051,-8.094887
WO-2005009215-A2,-81.031906,-14.466513
US-6853965-B2,44.074455,-54.157375
WO-2005013841-A1,-81.031906,-14.466513
US-2005053200-A1,-20.269484,-7.285119
US-2005062738-A1,-11.51276,-56.748653
US-2005093821-A1,40.447308,-53.036304
US-6894678-B2,29.79199,-49.51081
US-2005107801-A1,39.276386,17.039099
US-2005113677-A1,-4.0313463,13.249821
US-2005154471-A1,-29.272621,45.26176
US-2005165489-A1,-7.884562,56.162
WO-2005072629-A1,-81.031906,-14.466513
US-2005193451-A1,4.243764,-15.975218
US-2005197800-A1,-14.302673,-56.243847
US-2005203384-A1,-23.120005,-9.913023
US-2005215888-A1,-21.009203,0.87657565
US-2005215879-A1,-33.79482,-18.902008
US-2005222830-A1,44.075043,-54.15738
US-2005217394-A1,10.554117,-59.105255
CN-1684729-A,-81.031906,-14.466513
WO-2005120380-A1,-81.031906,-14.466513
WO-2005122916-A1,-81.031906,-14.466513
US-6985133-B1,40.582672,-53.29762
WO-2006004894-A2,-81.031906,-14.466513
US-6987504-B2,31.926258,-50.13602
US-2006033707-A1,40.582172,-53.297016
US-7001346-B2,-19.840496,16.495245
US-2006058616-A1,-13.751073,-23.102856
US-2006084867-A1,-16.748045,-2.1412911
US-7035716-B2,27.42178,-25.795963
US-7039866-B1,30.505037,-52.287365
US-2006109266-A1,24.243439,-58.715252
US-2006133827-A1,-42.9041,-41.620632
US-2006207419-A1,32.54321,-35.69397
US-7131073-B2,30.045835,-50.482037
US-2006265179-A1,-14.828377,11.09673
US-2006293598-A1,-3.7645879,8.7878895
US-7168042-B2,30.039946,-52.089397
US-7199790-B2,30.118124,-51.16114
US-7206626-B2,-7.0591288,-53.004208
US-7206627-B2,-7.9150767,-51.084167
US-2007142751-A1,20.695923,-60.893272
WO-2007117297-A2,-81.031906,-14.466513
US-2007260140-A1,-8.351881,15.801628
US-2008010705-A1,-10.212318,11.440634
US-7331436-B1,59.644062,-13.459578
US-2008058945-A1,-37.032543,22.032366
US-2008125637-A1,8.016847,29.049314
EP-1574186-B1,-81.031906,-14.466513
US-2009000626-A1,-37.25701,18.690428
US-2009012532-A1,-42.43474,12.599171
US-7491198-B2,-17.416637,-6.436303
US-7660623-B2,-10.095863,-5.565605
US-7717932-B2,51.722435,11.94942
US-2010137882-A1,-6.2307277,-50.919113
US-7742804-B2,-21.362722,-6.4587336
US-7747311-B2,-6.23084,-50.919872
US-2010170362-A1,48.33782,-33.419582
US-2010198219-A1,51.726044,11.962391
US-7774044-B2,-29.842304,-19.044716
US-2010225209-A1,39.744846,-30.58489
US-2011270120-A1,12.753209,31.022562
US-8095200-B2,-5.0845037,-25.625252
US-2012176306-A1,21.378668,-58.660114
US-8391954-B2,-6.230813,-50.91925
US-2013096573-A1,14.200829,-14.113924
US-2013096574-A1,15.286634,-9.536493
US-12310671-B2,17.174889,-9.978158
US-8571628-B2,20.695923,-60.893272
US-2014350571-A1,5.69759,-16.061789
US-8911499-B2,-36.240524,18.132332
US-2016097676-A1,-2.0088727,-39.34221
US-2016124022-A1,-9.796256,-44.028385
US-2016153777-A1,-3.6849048,-44.14293
US-2016155097-A1,-16.181078,-30.188702
US-9492237-B2,-13.974894,11.367743
US-10028789-B2,-10.212318,11.440634
EP-1871267-B1,-81.031906,-14.466513
US-10231790-B2,-37.25701,18.690428
US-10350012-B2,-13.974856,11.367683
US-2019290367-A1,-15.814701,0.037922084
US-10952796-B2,-12.320138,7.5429935
US-2021128253-A1,24.82462,-9.643456
US-11123143-B2,-13.974856,11.367683
US-2021361362-A1,3.5983284,-11.810453
US-2016183913-A1,-5.550818,5.8570294
US-2018168732-A1,-30.53998,-6.250905
US-9718188-B2,6.4874268,-51.84556
US-9802317-B1,4.27403,-50.614838
US-9880561-B2,-3.9447703,-44.832443
US-2021302971-A1,13.292494,-53.35068
US-2021339399-A1,13.271262,-53.929405
US-2023381959-A1,8.401866,-48.92383
US-11833684-B2,8.727215,-49.323593
US-2024157552-A1,8.401866,-48.92383
US-2005065617-A1,-39.780487,21.353758
US-2006258938-A1,0.9683205,-21.870003
US-2009192524-A1,4.4462233,-33.073486
US-8248413-B2,-14.088972,-9.835811
US-2018071050-A1,30.319765,-14.459753
US-10064686-B2,-37.413754,12.895091
EP-3453355-A1,-81.031906,-14.466513
WO-2020223312-A1,-81.031906,-14.466513
US-2004147318-A1,35.791855,-58.842136
US-2011109198-A1,46.553696,-61.91763
US-2012326999-A1,32.165676,-46.4789
US-2013264973-A1,40.853306,-60.34275
US-2015227204-A1,30.529058,-60.381557
US-9358689-B2,29.562176,-61.10918
US-2016276972-A1,43.633778,-61.392475
US-2016284173-A1,29.569807,-61.090664
US-2016334872-A1,36.662632,-64.431564
KR-20170015405-A,-81.031906,-14.466513
US-2017133966-A1,40.795948,-60.34118
US-2017256145-A1,40.00354,-60.72571
US-9792501-B1,-5.983472,-49.626545
WO-2017189928-A1,-76.93668,43.4583
US-10097126-B2,43.633778,-61.392475
US-2019385420-A1,33.907036,-60.364464
US-2020306795-A1,47.432346,-28.281767
US-10868486-B2,40.76613,-60.93323
US-2021160364-A1,43.994293,-61.82553
US-11132062-B2,39.657776,-61.61859
US-2021365123-A1,39.658672,-61.617744
US-2024004472-A1,39.206165,-60.6223
US-5607158-A,42.568916,-45.17077
US-12433698-B2,21.233759,-25.41056
US-6594552-B1,17.015814,-29.832426
US-9326767-B2,45.95897,-44.80157
US-9681921-B2,12.22994,2.4893315
US-9696700-B2,18.58292,-33.22278
US-10198086-B2,42.605377,-41.60432
US-11058503-B2,38.563454,-8.542608
US-2009157092-A1,23.58131,-0.8622587
US-2023225817-A1,22.826385,3.7264137
US-7752920-B2,24.411644,-3.0145795
US-8281670-B2,24.411615,-3.0143929
US-2014128885-A1,1.6193429,-31.818401
US-2014148729-A1,-6.8520617,46.26168
US-2017265980-A1,-20.791199,33.373657
US-2018092703-A1,39.780296,4.3124766
US-2019099231-A1,50.433605,-3.619809
US-2020345435-A1,47.414658,-3.1579823
US-2021196268-A1,-6.330327,-13.599255
US-2021310885-A1,22.825014,0.7420855
US-11650111-B2,23.580965,-0.8622839
JP-H06294630-A,-81.031906,-14.466513
US-8098234-B2,30.675484,-60.314716
RU-2461865-C2,-82.496376,58.549686
CN-103257783-A,-81.031906,-14.466513
CN-103607395-A,-81.031906,-14.466513
US-8717151-B2,29.137207,-57.096714
CN-104922899-A,-81.031906,-14.466513
RU-2571552-C2,-82.496376,58.549686
US-9291544-B1,-5.25885,-28.838354
US-2017032630-A1,26.564308,-61.176178
US-10067566-B2,26.90777,-60.624527
US-2020076866-A1,26.595634,-61.667355
US-2020241643-A1,26.834114,-59.771446
US-10775894-B2,26.920403,-60.61877
US-11003252-B2,23.985188,-61.47116
US-9949798-B2,16.532724,-17.184998
US-4841975-A,-31.303507,38.634434
US-2007255288-A1,-41.46356,18.008394
US-2011282473-A1,-47.969784,16.870369
US-8234097-B2,-49.03563,25.48617
US-2014013565-A1,-45.86413,18.914404
US-2014078139-A1,-46.737034,18.946024
US-9364291-B2,-42.447124,12.297343
US-9770172-B2,-35.83248,-8.160673
US-2019142520-A1,-10.242991,-22.941349
US-2005270029-A1,33.95384,-67.0302
US-2014081136-A1,-22.368578,30.21684
WO-2017106294-A2,-81.031906,-14.466513
US-2018233222-A1,-11.419581,-19.688177
US-2018360544-A1,-34.194866,11.723741
EP-3503111-A1,-81.031906,-14.466513
US-2005283137-A1,43.815727,5.1323657
US-2008243141-A1,42.54342,10.459675
US-2015123769-A1,-10.316214,-5.89545
US-2019216559-A1,-27.895496,11.556911
US-2019262084-A1,-13.002627,-16.465431
US-11410769-B1,-35.14215,-11.435168
US-2013060278-A1,6.707565,-2.4289837
US-2016278754-A1,-12.189284,44.68606
US-2018168781-A1,-31.45572,-16.63694
US-11346086-B1,13.943117,-49.17082
US-2022273396-A1,34.345036,-17.723408
US-2022412051-A1,14.137679,-49.126114
US-2022413495-A1,13.96676,-49.15984
US-2025281802-A1,3.1393018,37.88189
US-2021150101-A1,0.5471945,-75.607216
US-11472640-B2,-2.8504307,-70.54701
JP-H05114799-A,-81.031906,-14.466513
JP-2000255965-A,-81.031906,-14.466513
US-2007280812-A1,53.681984,1.7079315
US-2014025198-A1,7.697505,-66.31219
WO-2016142981-A1,-81.031906,-14.466513
JP-2018012176-A,-81.031906,-14.466513
JP-2018103317-A,-81.031906,-14.466513
US-2019228371-A1,35.80877,-19.633745
US-2019367275-A1,5.521869,-75.67249
WO-2020092452-A1,-81.031906,-14.466513
US-2020206952-A1,20.03419,-15.039495
JP-2020192648-A,-81.031906,-14.466513
JP-2021030431-A,-81.031906,-14.466513
US-2021170597-A1,12.140071,-65.59013
CN-113021401-A,-81.031906,-14.466513
US-2021221002-A1,56.422646,-21.845158
US-2021316449-A1,6.9644923,-54.74483
US-2022134559-A1,2.0519571,-55.04648
US-2022152845-A1,56.44662,-21.80127
US-2022383538-A1,0.06522665,-58.00636
US-2024308081-A1,8.500189,-59.92317
US-2018360543-A1,-26.823265,-13.144165
US-2019146458-A1,-5.797917,23.586748
US-2020273581-A1,-14.889438,-20.295534
US-9750577-B2,35.358555,4.468931
US-2010076563-A1,-32.823513,22.281784
US-2013203031-A1,-37.413754,12.895091
US-10327848-B2,-33.70767,18.72962
US-2020405403-A1,37.88859,-11.654372
US-12090629-B2,22.383482,-27.024761
US-10959786-B2,-19.692684,-0.7836362
US-5402801-A,1.4071006,-14.856618
US-5766016-A,-8.951869,-25.8746
US-5854634-A,-14.455101,-56.926476
US-5995738-A,-34.873386,23.746956
US-6113395-A,-6.650526,-26.02248
US-6120433-A,0.80805874,-17.275713
US-2001002830-A1,-23.272827,-27.31115
US-2001005815-A1,2.2926733,-34.53312
WO-0200131-A1,-81.031906,-14.466513
US-2002038085-A1,-14.568467,18.488897
US-2002107522-A1,-24.394218,24.738531
WO-02061688-A2,-81.031906,-14.466513
US-2002133174-A1,33.008904,-21.441877
US-6499488-B1,-11.473591,15.033663
WO-03007101-A2,-81.031906,-14.466513
US-2003128187-A1,35.98238,-42.60018
US-6611141-B1,-3.7024713,-40.88177
US-2003208122-A1,-16.818085,-4.25945
US-2003208296-A1,-6.587407,-34.518856
US-6665554-B1,33.802677,-21.066427
US-6676669-B2,33.008904,-21.441877
US-6702821-B2,-34.235268,45.15353
WO-03077101-A3,-81.031906,-14.466513
US-6770078-B2,-34.235573,45.15383
WO-2004070577-A2,-81.031906,-14.466513
US-2005013477-A1,-40.435158,-13.060913
US-2005027397-A1,-0.24397697,-25.331808
US-2005137599-A1,-23.33809,15.057976
EP-1574186-A1,-81.031906,-14.466513
US-2005203539-A1,-15.388023,2.9083545
US-2005203536-A1,-38.70599,33.09752
WO-2005091220-A1,-81.031906,-14.466513
US-2006098851-A1,-3.6061962,26.489738
WO-2006004894-A3,-81.031906,-14.466513
US-7104996-B2,-34.235573,45.15383
US-7225115-B2,23.833183,-58.27843
AU-2007254159-A1,-81.031906,-14.466513
US-2008004632-A1,22.004847,-16.823017
US-7605800-B2,31.440575,-51.092052
US-7683565-B2,32.48519,-60.353657
US-2011082468-A1,16.478523,-14.565734
US-7947050-B2,39.229004,-14.135729
US-7947051-B2,42.465458,7.1520586
US-7974677-B2,-38.30064,3.0597837
US-7996110-B2,9.238139,-12.486274
US-8005571-B2,22.00478,-16.822994
US-2011213383-A1,42.46496,7.1522346
US-2012109152-A1,-5.084522,-25.625498
US-8287522-B2,-1.4332144,-21.471779
US-2013053648-A1,-30.514902,-29.445234
US-8996169-B2,9.413431,-13.694351
US-9775681-B2,-3.8066542,-23.247768
US-9801686-B2,9.411593,-13.695161
US-10441364-B2,-2.5842366,-31.162554
US-2020030043-A1,-2.4610598,-30.286762
US-10722318-B2,-30.51477,-29.443449
US-2021128260-A1,23.830687,-15.308555
US-6209886-B1,56.151207,-1.1977361
US-2015201949-A1,56.119114,-3.4885986
US-10456207-B2,61.207836,-7.594845
US-2020030045-A1,60.93886,-7.603268
US-2020093555-A1,61.337124,-7.5898523
US-2022039886-A1,14.655607,57.263073
US-11298197-B2,14.655607,57.263073
US-2022233258-A1,14.655607,57.263073
KR-0160705-B1,-81.031906,-14.466513
DE-10351669-A1,-81.031906,-14.466513
US-2011172818-A1,2.4498146,-44.886684
US-2011270443-A1,12.469778,-45.229187
US-2014277722-A1,5.8176007,-40.618927
US-2018144503-A1,-36.42681,-19.223679
EP-3705239-A1,-81.031906,-14.466513
US-2020398435-A1,0.16333985,-37.845665
US-2021197378-A1,1.6445833,-54.630127
US-2022262084-A1,-33.790085,-5.554876
US-2022096164-A1,-24.03759,-24.811481
US-2022375620-A1,-9.85242,-24.85592
US-11684488-B2,5.8542833,21.684883
US-2005038442-A1,-6.2881417,-23.63667
US-2007244488-A1,-17.432163,38.385418
US-2010198275-A1,-26.794243,40.73858
US-2010217156-A1,-22.092741,37.58749
US-2010249659-A1,-23.611042,35.99892
US-2010249658-A1,-24.576242,36.419476
US-2010250571-A1,-15.613357,34.267006
US-2012096954-A1,22.427725,3.7712724
US-8211041-B2,-22.092556,37.587322
US-2012232429-A1,-22.09268,37.58745
US-8323290-B2,-17.432222,38.385433
US-2013103038-A1,-22.092451,37.587357
US-2013226036-A1,-15.657946,35.40095
US-2014094715-A1,-15.559482,36.262802
US-2014275792-A1,42.684345,10.634311
US-2015342588-A1,-14.119467,42.764328
WO-2015184135-A1,-81.031906,-14.466513
US-9351850-B2,-22.092274,37.587208
US-9538953-B2,-24.576242,36.419476
US-2017245872-A1,-26.522505,36.094997
WO-2018031659-A1,-81.031906,-14.466513
WO-2019224488-A1,-81.031906,-14.466513
US-2019358056-A1,-24.418848,41.2811
US-2019388078-A1,-14.027946,42.762505
WO-2020033579-A1,-81.031906,-14.466513
US-2020060666-A1,-11.843346,42.448204
US-2020305943-A1,5.1359835,0.54549384
US-10874525-B2,-24.419622,41.281464
US-2021059656-A1,-14.094172,38.33157
US-11000382-B1,-27.34699,37.882347
WO-2021163276-A1,-81.031906,-14.466513
WO-2021222216-A1,-81.031906,-14.466513
CN-113796902-A,-81.031906,-14.466513
US-11253246-B2,-14.027946,42.762505
US-2022096248-A1,-17.957253,33.37937
US-2022110620-A1,-11.985786,37.10716
CN-114945330-A,-82.496376,58.549686
US-2022287754-A1,-47.492176,25.65145
US-2022354512-A1,-26.522505,36.094997
US-11612503-B1,-21.399857,40.449867
US-11612421-B1,-19.373781,42.85382
US-2023121067-A1,-12.706081,42.675037
US-2023285014-A1,-14.049051,39.678177
US-4995875-A,-39.241077,36.818253
US-5380311-A,44.871174,30.847166
DE-202010000341-U1,-81.031906,-14.466513
US-8162951-B2,-23.317844,43.01306
US-2014005555-A1,-22.592237,-21.842299
US-2018132839-A1,23.667454,-6.733785
US-6016385-A,21.803795,-34.696156
US-6126373-A,28.793045,-44.742836
US-2002133264-A1,-11.525075,-55.85186
US-2004077975-A1,-2.2265728,-34.182404
US-2006106369-A1,39.952335,-54.103817
JP-2010287221-A,-81.031906,-14.466513
JP-2011086068-A,-81.031906,-14.466513
WO-2012073733-A1,-81.031906,-14.466513
US-2013046438-A1,22.223492,-26.83673
US-2013103703-A1,25.884459,-61.8934
JP-2013091114-A,-82.496376,58.549686
US-2014168073-A1,23.71554,-59.630985
US-2014333573-A1,30.80774,-58.86378
US-2015290795-A1,8.274245,-37.173405
KR-20150133643-A,-81.031906,-14.466513
JP-2015219887-A,-81.031906,-14.466513
US-2016162024-A1,-18.49382,-57.982666
US-2016321880-A1,26.836126,-59.773853
US-2017144312-A1,27.80223,-41.61295
US-2017272842-A1,-6.9455156,-41.082508
US-2017344116-A1,25.20857,-59.480827
US-10296086-B2,30.847006,-56.171494
US-10292780-B2,27.955664,-42.26907
US-2011113852-A1,8.387095,8.190195
US-2021330399-A1,-17.561281,-0.640576
US-8050523-B2,22.996262,10.25555
US-2013204124-A1,3.9902549,-7.029267
US-2016206384-A1,5.944041,9.600406
US-2017209071-A1,-18.062988,1.1621454
US-2017273542-A1,27.819496,-6.0341907
US-2018235709-A1,-35.919827,-9.887423
US-2019192234-A1,-4.3649144,-8.323025
US-2019269470-A1,11.651234,3.966339
WO-2017175055-A1,-81.031906,-14.466513
WO-2019245864-A1,-81.031906,-14.466513
US-2016242931-A1,-51.12426,23.81636
US-9820818-B2,40.78532,-24.58316
US-10105168-B2,-25.439764,-10.78011
US-10426560-B2,40.141422,-23.52654
US-10806517-B2,-39.150417,16.892529
US-10987175-B2,11.926072,-12.115242
US-2021186614-A1,-42.21638,16.404226
US-11045958-B2,39.71734,-23.828848
US-2021282858-A1,-25.66627,13.999294
US-2021308872-A1,38.4142,-23.967861
US-11160580-B2,-12.119421,60.676285
US-11179210-B2,35.93602,-22.340239
US-2021391058-A1,-12.208085,-19.022787
US-11298244-B2,-2.5126362,34.182137
US-11471232-B2,38.99135,-24.45663
US-2022338886-A1,-33.926056,-24.325834
US-2007055291-A1,-13.850596,21.88188
US-2016278870-A1,4.9117403,14.450796
US-2017014998-A1,13.750705,0.08381733
US-2017079731-A1,22.226654,-22.602785
US-2019021800-A1,-23.865208,-7.593772
US-2019274665-A1,52.957092,-0.49453038
US-2007085496-A1,32.433697,-31.117544
US-2010295931-A1,-15.533383,-6.250701
US-2008051655-A1,15.4417305,12.625456
US-2014303491-A1,-23.049295,-20.48896
US-2021196312-A1,-17.603485,6.8742943
US-2022175269-A1,-5.5545483,-2.7107918
US-2023101757-A1,-21.41118,-24.77132
US-3763860-A,43.773685,46.34342
US-4040413-A,34.93633,27.803019
US-4198960-A,57.78536,15.267287
US-4470407-A,34.557255,27.785849
US-4532935-A,31.0683,15.329592
US-4685458-A,34.782013,32.02855
US-4747405-A,34.78185,32.029198
US-4854301-A,16.57745,11.395995
EP-0347098-A2,-81.031906,-14.466513
US-4898574-A,53.779095,22.141834
US-4983165-A,37.63518,32.2071
US-5029574-A,34.62041,27.957338
US-5085659-A,46.92181,18.278917
US-5150452-A,10.707021,-39.94551
US-5196023-A,45.609703,50.647175
US-5199417-A,36.098545,16.466469
US-5217465-A,27.478508,11.919447
US-5308323-A,39.000412,32.25852
US-5318589-A,53.23239,4.1807904
US-5325848-A,32.37049,20.337305
US-5342381-A,49.24798,8.610848
US-5344395-A,34.109222,34.360878
US-5353783-A,35.868366,27.704098
US-5370609-A,34.292927,34.151558
US-5372124-A,47.425083,9.228417
US-5411016-A,40.069317,32.865
US-5431649-A,22.254026,28.691618
US-5441485-A,44.71575,30.692022
US-5449356-A,26.659456,16.077581
US-5450843-A,34.335434,24.85102
US-5472426-A,10.037094,22.074137
US-5496267-A,34.24586,34.10485
US-5501667-A,39.891525,32.132523
US-5520684-A,50.197704,21.127378
US-5545170-A,44.238926,47.72543
US-5562678-A,39.159912,49.357464
US-5562648-A,27.223322,50.618034
US-5562239-A,61.64456,28.075634
US-5573535-A,49.265766,8.6109705
US-5613973-A,55.512295,14.466561
US-5645083-A,29.575823,32.367752
US-5653374-A,58.054382,28.751947
US-5658311-A,40.453762,33.97724
US-5697949-A,45.84274,6.973198
US-5710870-A,44.838356,-10.252072
US-5716325-A,32.792114,23.99108
US-5737500-A,19.92922,-37.856304
US-5788667-A,24.703928,18.339449
US-5792165-A,52.62185,1.3573251
US-5798627-A,10.633474,-41.147076
US-5797900-A,44.068207,-5.0211034
US-5810770-A,26.877232,20.568037
US-5876325-A,0.9434152,-16.910866
US-5893869-A,45.524654,35.61438
US-5897491-A,32.930046,17.644
US-5924175-A,54.83282,-2.8871446
US-5943056-A,-8.238467,-58.664383
US-5989230-A,39.395893,29.234276
US-6071281-A,17.223148,19.111677
US-6093157-A,46.92172,24.343267
US-6110171-A,49.404648,8.567984
US-6120498-A,24.033958,14.088161
US-6120476-A,48.51471,25.741566
US-6156030-A,19.19365,25.112581
US-6174318-B1,56.315594,19.328844
US-6183435-B1,48.55924,24.835047
US-6206903-B1,48.88551,-3.7901845
US-6236906-B1,34.39644,-25.66051
US-6322557-B1,23.680199,15.758749
US-2002019644-A1,24.768343,37.915234
US-6375635-B1,25.615526,17.872725
US-6394998-B1,46.16394,-3.749059
US-6405078-B1,48.55269,26.267344
US-2002111621-A1,46.163837,-3.7492242
US-2002111608-A1,23.713345,19.45951
US-6440061-B1,37.7179,17.551502
US-2003004455-A1,24.571823,20.729849
US-6508823-B1,11.011647,-2.319936
US-2003040681-A1,48.981247,17.610098
US-2003065358-A1,42.6179,-2.8453722
US-2003100892-A1,47.65645,-5.4508133
US-6577891-B1,34.3878,28.053055
US-2003109889-A1,56.974907,17.674139
US-2003109877-A1,45.609898,42.794006
US-2003109780-A1,11.3704405,3.2939153
EP-1321106-A1,-81.031906,-14.466513
US-2003158545-A1,-5.80936,51.10026
US-2003181809-A1,-26.657343,-6.3436084
US-2003208189-A1,-31.391903,-33.152245
US-6676668-B2,56.978657,17.698374
US-6685698-B2,47.656086,-5.451144
US-6706050-B1,38.371304,17.052237
US-2004143253-A1,22.434973,29.056799
US-2004153093-A1,24.492441,20.71451
US-2004158261-A1,30.655466,31.94917
US-2004176751-A1,36.65306,-0.8855506
US-2004186349-A1,30.821354,19.957407
US-2004193146-A1,52.56952,3.865078
US-2004210116-A1,34.46029,25.091242
US-2004253079-A1,45.654842,-3.180785
US-2005033270-A1,12.146501,17.81707
US-2005054900-A1,26.772537,15.938038
US-2005159645-A1,36.166935,28.21372
JP-2005270464-A,-81.031906,-14.466513
US-2005240178-A1,50.655003,8.623034
US-2005261705-A1,55.435944,20.417006
US-2006015133-A1,40.485767,34.678825
US-2006058617-A1,-22.82534,-26.50707
US-2006058813-A1,55.51918,19.140789
US-2006116693-A1,54.483284,21.57048
US-2006135963-A1,43.123947,28.075342
US-2006156875-A1,22.244293,17.517006
US-2006161137-A1,38.8133,-15.341196
US-2006178556-A1,45.362385,-3.2011158
US-2006189891-A1,44.809654,18.653046
WO-2006124390-A2,-81.031906,-14.466513
US-2007016164-A1,49.712547,24.457663
US-2007027443-A1,22.937233,13.282836
US-2007027534-A1,21.173601,37.023754
US-2007032906-A1,22.004324,-16.82309
US-2007106304-A1,56.139492,19.774202
US-2007123855-A1,50.65522,8.622764
US-2007135803-A1,45.64955,22.844412
US-2007208375-A1,31.675455,-19.162683
US-2007213668-A1,27.035587,20.345966
US-2007239178-A1,35.40527,-2.5048242
US-7282055-B2,55.090294,19.256289
US-2007250111-A1,45.717564,7.265352
EP-1849423-A2,-81.031906,-14.466513
US-2008015566-A1,50.45608,7.01685
US-2008021440-A1,54.220448,-13.676961
US-2008033467-A1,58.42664,-4.1336303
US-2008046122-A1,47.39582,-26.082378
US-2008045981-A1,52.202477,41.227562
US-2008065111-A1,23.519527,-4.9797544
US-2008065112-A1,44.222122,-15.936831
US-2008125698-A1,26.814611,21.88785
US-2008147089-A1,12.335347,-17.450584
US-2008187101-A1,-29.162495,-22.84594
US-2008196533-A1,46.25362,-5.1446834
US-2008228104-A1,38.011528,23.278545
US-2009005768-A1,21.723911,27.644928
US-2009012507-A1,2.985598,11.783018
US-2009030446-A1,39.916225,47.56422
US-2009036900-A1,30.568846,3.2903218
US-2009043305-A1,53.65352,5.618257
US-2009048611-A1,43.753086,-1.1131306
US-2009082634-A1,32.621464,26.260616
US-2009088774-A1,27.173473,-11.339013
US-2009105723-A1,46.4247,15.298762
US-2009131885-A1,27.131657,22.781128
CN-101443069-A,-81.031906,-14.466513
US-2009161827-A1,-29.081888,-22.655542
US-7559934-B2,55.77011,19.588776
CN-100515347-C,-81.031906,-14.466513
US-2009227998-A1,20.92486,24.279427
US-2009248043-A1,7.579412,-32.874332
US-2009248041-A1,13.224045,-19.396105
US-2009264878-A1,50.680992,10.248941
US-2009270760-A1,-9.364349,8.040437
US-2009287188-A1,35.532406,9.543229
US-2009299352-A1,23.892414,12.74414
US-2009312773-A1,39.560425,51.542927
US-2009326318-A1,16.512377,-21.064518
US-2010004642-A1,24.17386,14.050663
US-2010010504-A1,9.225107,-7.1920314
US-2010011900-A1,41.944252,-5.273295
US-2010016852-A1,46.448368,4.005147
US-2010016853-A1,53.440926,7.9401937
US-2010011901-A1,43.87287,-5.3952713
US-2010082017-A1,-31.979347,-32.912407
US-2010081965-A1,46.137245,16.447685
US-2010100045-A1,40.224403,21.95612
US-7736356-B2,48.812565,-9.107427
US-2010174410-A1,16.889458,-23.651985
US-2010179632-A1,14.911264,22.679564
US-2010204605-A1,17.0539,0.47638455
US-2010204646-A1,33.281914,6.144493
US-2010217235-A1,43.25855,30.313595
US-2010228249-A1,-17.085798,-26.120413
US-2010234857-A1,13.263501,-21.089834
US-2010268211-A1,51.412838,9.310897
US-2010286712-A1,11.053137,-5.680899
US-2010312141-A1,47.95991,18.384655
US-2010331858-A1,9.234183,-7.1735225
US-2011015483-A1,33.949318,1.9704847
US-2011028790-A1,-27.935802,-32.6813
US-2011071543-A1,30.39248,9.876186
US-2011071541-A1,30.761492,9.771263
US-2011106146-A1,49.87647,-4.294938
US-2011125165-A1,39.39676,13.445077
US-7963911-B2,35.33356,15.796357
US-2011152880-A1,39.488926,9.360931
US-2011160713-A1,24.657026,12.765265
US-2011160745-A1,18.107819,-31.741003
US-2011167611-A1,49.959927,-17.887432
US-7987046-B1,-26.770248,-39.69297
US-2011184558-A1,14.821929,-43.731567
US-8004229-B2,21.85649,-19.965601
US-8002713-B2,48.926502,17.108809
US-2011208211-A1,57.40284,3.9242234
US-2011213362-A1,52.276566,-4.1818185
US-2011224660-A1,20.171492,24.16302
US-8021326-B2,34.12932,2.2671535
US-2011238064-A1,49.959927,-17.887432
US-8038598-B2,35.584465,27.028511
US-2011257641-A1,18.522274,28.85777
US-2011264112-A1,21.85803,-19.968319
US-2011276085-A1,53.368416,-1.974272
US-2011277775-A1,37.614582,-16.344414
US-2011313343-A1,26.25322,21.186872
WO-2011161218-A1,-81.031906,-14.466513
US-8092397-B2,32.90233,5.603836
US-2012048759-A1,52.250664,41.217663
US-2012069167-A1,-37.906532,-5.4098725
US-8187173-B2,30.684313,18.472795
US-2012138586-A1,-34.310978,-32.116497
US-2012138660-A1,33.530907,-8.673832
US-2012209315-A1,60.100193,0.9318011
US-8257303-B2,42.026405,13.766111
US-2012232342-A1,34.414593,28.703018
US-2012253332-A1,30.568768,3.2902
US-2012253277-A1,35.563583,9.679322
US-2012259320-A1,2.538686,11.798225
US-2012296318-A1,-31.337093,-32.565662
US-2012302869-A1,-1.770188,-1.8170828
US-2013006144-A1,45.524864,18.60077
US-2013035537-A1,45.96733,12.663818
US-2013053877-A1,53.156677,4.445403
US-2013066136-A1,58.890026,14.690452
US-2013085486-A1,23.130053,13.82883
US-2013085442-A1,31.342478,20.689186
US-2013096422-A1,-4.2694025,8.421661
US-2013110042-A1,30.767672,40.67947
US-2013110107-A1,44.459095,12.93033
US-2013116716-A1,25.671833,17.595518
US-2013144395-A1,42.184845,-7.652739
US-2013144274-A1,42.184788,-7.652966
US-8480595-B2,60.555233,25.683575
US-2013190796-A1,36.672523,29.225708
WO-2013107468-A1,-81.031906,-14.466513
US-2013225997-A1,49.540123,17.280365
US-2013226161-A1,-31.530668,-32.44646
US-8523762-B2,30.262014,17.778923
CN-103298414-A,-81.031906,-14.466513
US-2013233908-A1,59.024796,28.667059
US-8541970-B2,21.858622,-19.966272
US-8540748-B2,46.706627,-7.2786303
US-2013253267-A1,9.810644,-3.915954
US-2013303876-A1,16.156775,30.012558
US-2013310819-A1,20.235264,24.19567
US-2013317519-A1,34.080868,-5.1504326
US-2013334281-A1,53.694454,-2.261445
US-2013345686-A1,24.216753,12.292672
US-2014005681-A1,45.51452,-0.65698
US-2014039681-A1,38.807217,-22.688654
US-2014046308-A1,-30.927103,-32.313416
US-8652030-B2,30.582375,17.310492
US-2014051985-A1,-1.7548298,0.5436537
US-2014051049-A1,-41.486988,5.0560093
US-2014058404-A1,56.139492,19.774202
US-2014058365-A1,2.499127,11.753575
US-2014058428-A1,54.55293,11.508166
US-2014100445-A1,48.95299,24.146065
US-2014142591-A1,-22.181192,-31.008629
US-8749190-B2,21.857439,-19.964184
US-2014163318-A1,27.699928,30.680876
US-2014163736-A1,7.080505,-26.808867
US-2014194859-A1,1.7962949,12.041831
US-2014194905-A1,46.152557,15.141727
US-8786241-B2,21.856104,-19.966007
US-2014222207-A1,38.542515,-25.269022
US-2014243801-A1,55.949543,-9.259444
US-2014243849-A1,35.396423,-19.977959
US-8821480-B2,43.86561,-5.393497
US-8820603-B2,-6.0207143,-16.95373
US-2014246473-A1,53.305126,-4.47557
US-2014257333-A1,37.91125,-2.6178117
US-2014275956-A1,-1.7483524,0.5217239
US-2014276956-A1,56.14208,-10.619934
US-2014276723-A1,55.57224,-8.997458
US-2014309655-A1,54.795406,21.15391
US-2014316203-A1,35.073215,14.914631
US-8882660-B2,18.347221,4.5610676
US-2014357984-A1,-24.132412,-26.805492
US-2015025549-A1,17.388115,-17.845955
US-8945163-B2,25.65527,31.630703
US-2015045675-A1,16.157368,30.01582
US-8956280-B2,36.588665,31.176594
US-2015073439-A1,57.488678,3.5065613
US-2015080879-A1,48.46511,6.3814673
US-2015088161-A1,29.222954,-3.0497177
US-2015127045-A1,36.89385,14.621868
CN-104619281-A,-81.031906,-14.466513
US-2015133960-A1,36.96878,-10.720522
US-9044257-B2,18.108088,-31.741264
US-2015150635-A1,49.917168,-3.82782
US-2015164522-A1,46.49714,14.293059
US-2015190204-A1,-23.408484,-15.065331
US-2015201917-A1,49.032406,17.429676
US-2015202085-A1,-31.352682,-33.47951
US-2015223832-A1,-27.267132,3.155304
WO-2015153174-A1,-81.031906,-14.466513
US-2015297299-A1,41.455322,-10.895478
US-2015305650-A1,-15.887382,-3.2637057
US-2015314110-A1,37.20077,32.036762
US-9179979-B2,17.563055,-20.262728
US-2015366629-A1,39.89143,-22.048025
US-2015374446-A1,40.78528,-24.583563
US-2016008979-A1,10.517747,-41.24464
US-2016022289-A1,54.96229,21.252598
US-2016022466-A1,-39.124638,9.002054
US-2016030073-A1,30.81426,32.30337
US-9259282-B2,7.0804906,-26.80883
US-2016045208-A1,28.759634,26.620935
US-2016051318-A1,46.4496,4.005263
US-2016066935-A1,47.100067,13.987566
US-9296104-B2,19.282463,-39.079063
US-9345456-B2,45.688366,16.78436
US-9345544-B2,17.483019,-41.16443
US-2016158490-A1,45.24031,24.903536
US-2016158936-A1,12.36541,-40.450256
US-9375284-B2,19.736166,-38.982697
US-2016183841-A1,-17.762733,6.453896
US-2016199984-A1,5.01746,-27.326921
US-9415510-B2,18.48261,-40.556995
US-2016235495-A1,48.926937,22.660435
US-2016242858-A1,-11.374471,-1.5646104
WO-2016137612-A1,-81.031906,-14.466513
US-2016249932-A1,22.267214,37.62461
US-2016270865-A1,36.10349,15.899323
US-9460536-B2,13.957041,11.305749
US-2016287279-A1,46.85942,-9.538458
US-2016302871-A1,18.872229,-13.179505
US-2016310146-A1,21.47475,54.4591
US-9480534-B2,-13.930609,-0.65505934
US-2016324587-A1,11.680315,-39.050236
US-2016331358-A1,44.539402,20.663977
US-9504604-B2,54.087093,22.00328
CN-205729413-U,-81.031906,-14.466513
US-9510911-B2,18.885143,-41.34508
US-9517106-B2,18.773172,-40.468
US-2016367324-A1,16.998571,15.172487
US-2017000577-A1,35.877712,-22.300163
US-2017007337-A1,31.652678,-30.729872
US-9561083-B2,35.479237,12.12234
US-9566125-B2,39.89143,-22.048025
US-2017049471-A1,47.30155,14.861956
US-2017055995-A1,29.626139,-4.737015
US-2017065227-A1,47.635914,26.240927
US-9592042-B2,37.961018,26.272125
US-2017071456-A1,14.960975,10.824627
US-2017071584-A1,29.479391,53.56393
US-9597152-B2,54.79025,18.347805
WO-2017048194-A1,-81.031906,-14.466513
US-2017086934-A1,39.849262,-14.459572
US-2017095299-A1,17.378067,-6.661286
US-2017095295-A1,23.73208,-39.99018
US-9622827-B2,26.310888,-21.71595
US-9636184-B2,26.31542,-21.718494
US-2017135710-A1,57.777763,-3.4246273
US-2017135706-A1,-27.590076,3.3799157
US-2017135833-A1,37.86536,35.28443
US-2017143442-A1,-27.41753,-32.132942
US-2017151416-A1,-3.885753,48.524773
US-9675422-B2,17.483295,-41.16444
US-2017165009-A1,49.385666,-5.9602365
US-2017172680-A1,40.27502,-20.924795
US-2017172553-A1,50.117325,-6.6046104
US-9687310-B2,21.85486,-19.959229
US-2017189118-A1,-46.51455,7.540109
WO-2017114855-A1,-81.031906,-14.466513
US-2017189131-A1,16.532473,-17.186436
US-2017202627-A1,-0.56402683,-1.529171
US-9713509-B2,45.280537,-19.10857
US-2017209073-A1,-0.047130063,-0.9231904
US-9717563-B2,16.512165,-21.064497
US-9727963-B2,-9.52435,-10.676972
US-9730757-B2,50.606426,-5.1502814
US-9737373-B2,45.29167,-19.127888
US-9737371-B2,17.87528,-45.79449
US-9744335-B2,29.11531,-1.5458542
US-2017252096-A1,46.249676,-1.4005346
US-2017258534-A1,17.482899,-41.164356
US-9763741-B2,18.420036,7.4169693
US-2017265923-A1,40.17899,-9.455628
US-2017265954-A1,48.218002,-7.239001
US-2017290631-A1,-0.21134304,-1.4788911
US-9788910-B2,29.253801,-3.5300748
US-2017319289-A1,4.0550914,-20.36605
US-2017333145-A1,6.424291,-24.77695
US-2017333147-A1,35.499744,20.797712
US-9844412-B2,18.420036,7.4169693
US-2018000563-A1,-26.36479,6.129099
US-9867635-B2,23.920626,18.141966
US-2018025666-A1,3.006352,-18.6519
US-2018049824-A1,27.266949,-15.093904
US-9918681-B2,-24.296598,-26.845335
US-2018079090-A1,25.062908,-17.093231
US-2018080841-A1,26.036392,-46.687145
US-9931025-B1,15.37096,5.1393776
US-2018098817-A1,10.724731,-19.749033
US-9943962-B2,30.419199,-30.473425
WO-2018069679-A1,-81.031906,-14.466513
US-9949749-B2,57.836132,21.728731
US-9955986-B2,59.398216,18.793152
US-9962228-B2,44.610615,-7.7448783
US-2018140371-A1,39.36829,-14.905688
US-9980785-B2,45.29167,-19.127888
US-9993313-B2,45.29167,-19.127888
US-10016900-B1,28.60144,-28.968658
US-2018193049-A1,55.46403,14.439002
US-10022192-B1,-11.666553,-8.86775
US-10029367-B2,18.885233,-41.34475
US-2018206931-A1,36.89839,-15.209204
US-2018221039-A1,59.39803,18.7925
US-2018221038-A1,57.836132,21.728731
US-2018243906-A1,18.885233,-41.34475
US-10071479-B2,19.282463,-39.079063
US-10080576-B2,29.685827,12.703906
US-2018279852-A1,-11.189773,-9.275048
US-2018289431-A1,33.66769,11.040303
WO-2018189722-A1,-81.031906,-14.466513
US-2018296285-A1,61.26251,0.89707947
US-10117713-B2,13.543901,-4.106698
US-2018325499-A1,48.91823,17.994051
US-10130429-B1,16.500114,-17.165602
US-10136959-B2,-4.9188924,0.44628406
US-10136949-B2,15.916857,-17.355255
US-2018338799-A1,-15.489445,0.24120572
US-10145747-B1,30.685598,-27.654222
US-10149720-B2,29.685799,12.703888
US-10154822-B2,24.976383,-24.316727
US-2018360435-A1,29.325233,5.7295017
US-10159533-B2,24.885008,-23.5684
US-10159532-B1,-11.647675,-8.878607
US-2018368920-A1,-11.647668,-8.878566
US-10169875-B2,-9.52435,-10.676972
US-2019000559-A1,-0.3939496,-1.9486747
US-2019000560-A1,0.027177121,-2.2847457
US-2019000576-A1,20.166933,-23.097061
US-2019015166-A1,52.347122,1.4646587
US-2019054620-A1,12.660204,-40.229073
US-10219868-B2,16.509237,-17.168102
US-10219874-B2,18.419863,7.4157195
US-10231793-B2,28.490223,26.798487
US-10231867-B2,23.920626,18.141966
US-2019090967-A1,-15.692672,-23.163792
US-10244926-B2,29.920904,-6.8199544
US-2019099232-A1,39.26068,-14.972503
US-2019105117-A1,18.635242,-38.410362
US-2019110839-A1,-10.6441965,-7.9250207
US-2019117320-A1,28.262875,-18.287445
US-2019117324-A1,44.3272,8.898721
US-10285574-B2,30.134544,15.154193
US-2019151148-A1,23.800478,17.94294
US-10299870-B2,23.131433,6.942924
US-2019167366-A1,-3.7020876,-7.359738
US-10314463-B2,15.336598,5.199206
US-10314661-B2,40.274868,-20.92478
US-2019175009-A1,-4.918892,0.44630906
US-2019183587-A1,-7.1316924,-10.066569
US-2019183585-A1,-6.542826,-10.320864
US-10327855-B2,19.145685,-40.021347
US-2019192249-A1,38.900963,-23.37353
US-10350390-B2,18.922075,29.479805
US-10350017-B2,35.877712,-22.300163
US-2019216550-A1,25.336193,-19.30017
US-2019216548-A1,-11.647675,-8.878607
US-2019216576-A1,25.755323,-20.274273
US-2019223974-A1,18.420036,7.4169693
US-2019231460-A1,6.0706325,-40.35612
US-2019239890-A1,56.963234,4.9885836
US-10383765-B2,-24.993093,-8.862301
US-2019262086-A1,23.131433,6.942924
US-10398518-B2,35.479958,12.1228
US-2019269468-A1,-13.761142,-6.198562
US-10405939-B2,18.419697,7.416885
US-10405940-B2,18.420506,7.415981
US-2019274764-A1,28.490356,26.798553
US-2019290109-A1,15.336598,5.199206
US-10426661-B2,25.078905,13.016582
US-10426559-B2,39.428146,2.206268
US-2019298469-A1,39.22513,-14.154678
US-2019298464-A1,13.821504,-16.789747
US-2019298460-A1,29.731274,13.416193
US-2019298465-A1,21.018959,-16.14519
US-10434660-B2,28.602764,-28.968632
US-2019314616-A1,18.922075,29.479805
KR-20190123673-A,-81.031906,-14.466513
US-10463440-B2,38.901108,-23.37251
US-10464209-B2,11.1069565,-23.125914
US-2019336238-A1,18.420036,7.4169693
US-10470830-B2,40.192066,-0.12167033
US-10482599-B2,-9.52435,-10.676972
US-10493241-B2,29.11531,-1.5458542
US-2019365209-A1,-8.189045,-9.690959
US-2019365201-A1,29.919128,-6.820408
US-2019365486-A1,-7.9850698,-9.865986
US-2019365479-A1,-6.501066,-9.657682
US-10500001-B2,26.310888,-21.71595
US-2019375383-A1,26.921738,-1.5477813
US-2019380787-A1,-9.9169235,-8.695134
US-2019380797-A1,39.781677,-4.3583922
US-10517692-B2,25.75581,-20.276651
US-2020000533-A1,45.685806,-7.268669
US-10524866-B2,-7.1566477,-9.516812
US-10539478-B2,30.685423,-27.653078
US-10543048-B2,26.758074,-7.3173494
US-2020030046-A1,38.99135,-24.45663
US-2020039086-A1,28.602541,-28.968958
US-2020038123-A1,39.428146,2.206268
US-10555778-B2,-9.8434105,-8.5795355
US-2020046434-A1,22.550837,-3.3987112
US-2020060516-A1,39.505375,-4.1389933
US-2020093554-A1,39.124466,-2.5868924
US-2020093549-A1,47.706837,-2.4530764
US-2020107894-A1,47.668804,-2.4807298
WO-2020075501-A1,-81.031906,-14.466513
US-2020121502-A1,25.078905,13.016582
US-10631949-B2,45.280537,-19.10857
US-10639109-B2,46.85942,-9.538458
US-10639114-B2,47.23203,0.7805486
US-10639108-B2,19.15324,20.993252
US-2020138531-A1,50.091446,-6.617775
US-10646291-B2,15.755776,-28.049017
US-2020146769-A1,25.75581,-20.276651
US-2020163726-A1,32.942287,-3.487523
US-10667871-B2,17.874773,-45.794456
US-10667875-B2,3.7558372,-4.6029515
US-2020171660-A1,11.106921,-23.125507
US-10682189-B2,44.610252,-7.745035
US-2020197112-A1,47.57964,-0.80441105
US-2020197109-A1,49.562828,-6.1109753
US-2020206472-A1,25.050716,23.98538
US-10702348-B2,24.884895,-23.56877
US-2020217733-A1,30.685598,-27.654222
US-2020222134-A1,47.230984,0.7804844
US-10716461-B2,40.75971,12.178901
US-2020237458-A1,3.7558372,-4.6029515
US-10744035-B2,22.408876,20.322706
US-10743751-B2,30.134544,15.154193
US-2020261172-A1,17.875183,-45.794163
US-10751140-B2,52.518677,-14.890119
US-2020268460-A1,25.174267,-19.678667
US-2020268459-A1,26.758154,-7.3173246
US-10765303-B2,37.521606,0.51549435
US-10765487-B2,37.684746,-5.0098534
US-2020281787-A1,23.526974,-23.829689
US-10779898-B2,40.192375,-0.1218978
US-2020297444-A1,-8.350909,-6.992326
US-2020297437-A1,38.098804,-4.390327
US-10786432-B2,5.7231965,-75.78758
US-10786329-B2,45.29167,-19.127888
US-2020305983-A1,23.188068,1.6509564
US-2020305989-A1,47.68608,-0.8781649
US-2020305992-A1,44.610233,-7.744948
US-10792466-B2,53.376854,-9.576351
US-10792464-B2,45.151817,24.970737
US-2020315717-A1,46.85931,-9.538296
US-2020323596-A1,24.884933,-23.568443
US-2020330167-A1,19.15324,20.993252
US-10814101-B2,29.11531,-1.5458542
US-10813539-B2,15.379507,5.04177
US-10820947-B2,38.275158,-3.2040603
US-10820954-B2,38.872757,-2.984312
US-2020345216-A1,40.75971,12.178901
US-10828118-B2,47.351456,0.33210966
US-10827913-B2,-6.651217,-10.166335
US-2020352420-A1,37.521534,0.5154387
US-10835153-B2,-7.901708,-6.5110426
US-2020360100-A1,9.798706,-19.463678
US-2020360183-A1,22.383873,20.346973
US-2020367981-A1,37.68425,-5.010313
US-2020367726-A1,30.134544,15.154193
US-10850013-B2,26.348694,22.467922
US-2020375678-A1,52.517902,-14.890616
US-10959792-B1,11.764379,-39.291058
US-11037464-B2,3.0063488,-18.651613
US-11096753-B1,9.817437,-19.474714
US-2021290320-A1,27.568907,-28.415327
US-2021298847-A1,25.02076,-16.16977
US-2021298851-A1,17.889835,-41.861183
US-11234780-B2,20.615625,-23.18417
US-11357586-B2,18.870964,-24.150509
US-11771512-B2,9.806302,-19.461573
DE-1147411-B,-81.031906,-14.466513
US-4860742-A,33.44882,66.41772
US-4906907-A,29.51964,-32.513134
EP-0590713-A2,-81.031906,-14.466513
US-5624398-A,45.62413,-4.416508
JP-H09318469-A,-82.496376,58.549686
US-5784542-A,28.513044,-39.438778
US-5855583-A,20.570833,-8.93159
US-6197017-B1,54.666336,-11.803692
US-6331181-B1,7.579412,-32.874332
JP-2002159509-A,-81.031906,-14.466513
US-6459926-B1,19.362642,-19.130848
US-6494882-B1,17.162617,0.40091357
US-6817974-B2,48.81284,-9.107142
US-6879880-B2,17.015814,-29.832426
US-2005096502-A1,32.070152,-6.091488
US-2005119527-A1,15.325161,10.359578
US-2005200324-A1,24.899963,-4.8740244
US-6994708-B2,45.136505,-0.34773925
US-7083571-B2,20.12214,-8.911046
US-2007018958-A1,18.822449,-28.730307
US-7169141-B2,35.43894,-9.966842
US-2007043338-A1,42.02634,13.765719
US-2007078484-A1,26.676443,-3.7314975
US-2007119274-A1,34.28175,-16.205105
US-2007156019-A1,19.803753,2.0826814
KR-100778387-B1,-81.031906,-14.466513
WO-2007143859-A1,-81.031906,-14.466513
US-2008065105-A1,42.519028,0.9177786
US-2008132893-A1,50.529507,5.779731
US-2008147090-A1,29.715822,-18.39553
US-2009088775-A1,27.173473,-11.339013
CA-2709634-A1,-81.031906,-14.466513
WO-2009123891-A1,-81.031906,-14.466513
US-2009324161-A1,8.3280115,8.16458
US-2010063478-A1,24.752573,2.3635585
US-2010219388-A1,59.248497,-12.805101
US-2010313679-A1,24.411615,-3.0143929
US-2011015632-A1,50.366173,6.110029
US-2011046659-A1,-1.7544733,-26.16468
US-7935130-B2,49.959927,-17.887432
EP-2362285-A2,-76.93668,43.4583
US-2011282356-A1,34.636116,-16.896349
US-2011295269-A1,47.74832,-12.852409
US-2011295270-A1,39.73112,-6.710123
EP-2431000-A2,-81.031906,-14.466513
US-2012116391-A1,18.214363,-2.3908408
US-8306656-B1,20.794184,-12.956314
WO-2012166806-A1,-81.031906,-14.466513
US-8375808-B2,23.46636,-4.991151
US-8444631-B2,44.134003,-11.629165
US-8479969-B2,39.731544,-6.7105384
US-8506555-B2,29.412968,-21.570158
US-8602288-B2,49.64773,-2.2054186
US-8613230-B2,23.519705,-4.978641
US-2014005678-A1,54.212868,-4.829683
US-2014005662-A1,50.605396,0.023028363
US-2014005708-A1,52.264675,-6.056316
US-8628518-B2,20.434622,-0.47468594
US-2014088614-A1,23.44563,0.14245825
US-2014107627-A1,20.434439,-0.47574332
US-8771270-B2,53.440926,7.9401937
US-8800838-B2,33.53087,-8.673799
WO-2014151952-A1,-81.031906,-14.466513
WO-2014172213-A2,-81.031906,-14.466513
US-8945095-B2,23.4879,-3.5055492
US-9028494-B2,50.645435,-0.19802745
US-2015164598-A1,23.487957,-3.5056252
US-9192448-B2,24.99458,1.0186092
US-9204923-B2,46.4496,4.005263
US-2015374447-A1,24.99458,1.0186092
US-9232979-B2,51.18434,-8.51019
US-9358682-B2,29.389608,-21.586895
US-2017007345-A1,22.371513,-11.922639
WO-2017064303-A1,-81.031906,-14.466513
US-9671860-B2,29.287756,-39.70888
US-2017165017-A1,50.13422,-6.770741
US-2017172687-A1,22.180681,0.87807137
US-9707684-B2,25.512177,-6.6845894
US-2017215944-A1,50.017567,1.2921095
US-9782214-B2,18.214363,-2.3908408
US-2017303996-A1,21.04011,1.6699145
US-2018042689-A1,21.030506,-3.2965705
US-9943375-B2,20.433607,-0.47593132
US-9952107-B2,23.581291,-0.8621586
US-10085809-B2,20.626604,1.396548
US-10130366-B2,55.87216,-17.926582
US-10201365-B2,19.099394,-5.5507445
US-2019069966-A1,22.421139,-0.5498225
US-10238458-B2,42.252,22.92445
US-2019094084-A1,49.967285,1.7239254
US-2019175188-A1,57.76515,4.016822
US-2019175887-A1,54.239246,-7.586849
US-2019201018-A1,26.13965,4.322873
US-2019223966-A1,34.524002,-15.736246
US-2019223960-A1,49.950367,-6.3404098
US-10363107-B2,20.4354,-0.47418085
US-10398433-B2,21.739862,1.3087237
US-2019336228-A1,20.434324,-0.47572547
US-10595836-B2,55.346672,-6.361756
US-10653435-B2,60.153133,27.22212
WO-2020102776-A1,-81.031906,-14.466513
WO-2020102778-A1,-81.031906,-14.466513
WO-2020102780-A1,-81.031906,-14.466513
WO-2020102774-A1,-81.031906,-14.466513
US-10682141-B2,60.32683,27.363478
US-2020253669-A1,27.439045,-6.2917423
US-2020278265-A1,24.304066,0.029890181
US-2020397502-A1,48.84134,3.178166
US-2021022819-A1,52.557873,-6.5120435
US-2021045819-A1,37.65738,-3.5027564
WO-2021076765-A1,-81.031906,-14.466513
WO-2021097386-A1,-81.031906,-14.466513
US-11020138-B2,52.08053,-4.8093286
US-2021181048-A1,26.465223,0.24420413
US-11079292-B2,26.2977,0.21957932
US-11369411-B2,42.511654,23.969252
US-2024130812-A1,25.742754,-4.8814726
US-2003013949-A1,17.80819,-27.609394
US-2004204645-A1,-15.574075,-11.718013
US-2007198074-A1,25.934137,32.70274
US-2008071141-A1,-14.028806,-9.938378
US-2008082114-A1,28.506409,37.83244
US-2011009886-A1,26.7787,34.365383
US-2011144560-A1,27.11073,36.77035
US-2013226285-A1,34.06779,37.663902
US-2014228636-A1,-32.31775,-3.3880696
US-2016015473-A1,-2.4295807,-16.744877
US-2016022266-A1,26.201994,38.007763
US-2016022125-A1,-13.526674,-11.35658
US-9877724-B2,26.782034,34.364292
US-2018049829-A1,45.940193,-1.6543607
US-2018214149-A1,27.280495,40.232315
US-10137575-B2,4.4462233,-33.073486
US-2019008367-A1,16.110987,9.298475
US-2019125454-A1,60.453255,5.215299
US-10499994-B2,-21.098646,-19.468948
US-2020187946-A1,27.609203,33.867218
US-2022323076-A1,27.83502,39.293083
JP-S6133426-A,-82.496376,58.549686
JP-S62251811-A,-81.031906,-14.466513
JP-H03158322-A,-81.031906,-14.466513
JP-H08114416-A,-82.496376,58.549686
JP-H1080881-A,-81.031906,-14.466513
US-2001041948-A1,-0.33015463,-76.88851
JP-3243528-B2,-81.031906,-14.466513
US-2004074823-A1,-2.940596,-73.61493
JP-2007179301-A,-81.031906,-14.466513
JP-2007246225-A,-81.031906,-14.466513
JP-2007254078-A,-81.031906,-14.466513
JP-2013086914-A,-81.031906,-14.466513
JP-2013251811-A,-81.031906,-14.466513
JP-2014021810-A,-82.496376,58.549686
EP-2769341-A2,-81.031906,-14.466513
JP-2014530158-A,-81.031906,-14.466513
US-2016200516-A1,4.204793,-75.57336
US-2017039304-A1,-4.4538403,-73.84168
KR-101708150-B1,-81.031906,-14.466513
WO-2017061632-A1,-81.031906,-14.466513
US-2017107055-A1,2.7908137,-71.07918
JP-2017165517-A,-81.031906,-14.466513
US-9821463-B2,1.6160411,-50.80277
US-9826213-B1,-1.6659497,-71.92389
US-9969571-B1,2.850227,-76.13127
US-10019015-B2,-4.5151935,-65.25323
JP-2018525301-A,-81.031906,-14.466513
US-2019016543-A1,0.38354415,-72.35989
US-10198008-B2,-1.4313631,-45.46018
JP-2019531908-A,-81.031906,-14.466513
US-2021214163-A1,8.40743,-57.89435
US-11173602-B2,6.723537,-58.01971
US-2022219916-A1,-3.0072367,-62.037254
US-2023008946-A1,-1.9674209,-57.22381
US-11591168-B2,-4.19524,-69.25649
US-2023278811-A1,-4.191752,-69.257324
US-12065318-B2,-3.0072367,-62.037254
US-12084299-B2,-2.8504307,-70.54701
US-12162166-B2,-2.690416,-58.4677
JP-2025019963-A,-81.031906,-14.466513
JP-2025033426-A,-81.031906,-14.466513
US-2002065455-A1,-3.6657743,-2.7516947
US-2003135091-A1,27.978155,29.677998
US-2008065110-A1,44.248592,-3.7947686
US-2009093809-A1,36.993774,21.101591
US-2010056863-A1,45.271767,14.958273
US-2013253550-A1,25.899069,37.894966
US-2015238276-A1,-2.4230914,-16.589071
US-2016346930-A1,4.9474177,-37.088757
US-2017181808-A1,-4.910066,-27.62048
US-2017212723-A1,-3.0712893,-12.846948
US-2017231477-A1,35.986855,20.808752
US-9832848-B2,-17.820627,-40.225487
US-2018296280-A1,12.242443,9.751954
US-2018325604-A1,23.3641,-12.12573
US-2019025040-A1,-1.2898396,-1.4706293
US-2020046404-A1,42.51177,23.969091
US-2020170718-A1,-7.8006644,-3.3730562
US-2020188046-A1,20.223457,-11.4324045
US-2020214709-A1,27.486082,33.869717
US-2020315724-A1,1.8735893,-19.616505
WO-2020260999-A1,-81.031906,-14.466513
US-2020405417-A1,11.639155,-17.594202
US-2021153724-A1,1.1317381,0.17196608
US-2021196399-A1,-17.617107,6.8496046
US-2021212784-A1,-8.044153,-13.360595
US-2021290317-A1,-7.9395847,-13.292708
US-2021393338-A1,-4.3707495,-7.82679
US-2022096172-A1,-33.556576,-26.45244
US-2022101745-A1,-16.693441,-50.011826
US-2022133420-A1,14.184498,-23.119385
US-11344374-B2,33.19712,-47.943943
US-2022183779-A1,59.707607,-2.4752824
US-2022202437-A1,52.0322,-3.3761322
US-11446104-B2,51.321102,-3.676671
US-2023101192-A1,8.212381,2.1926408
US-2023099189-A1,8.212381,2.1926408
US-2023096691-A1,7.94511,1.533029
US-2023110718-A1,8.207453,2.1961393
US-4915107-A,45.76082,51.426968
US-2001025183-A1,-0.10999433,6.9137983
US-6314310-B1,-24.898643,-4.4147453
US-2005251026-A1,-17.6009,15.638517
US-2008167551-A1,-42.276104,-13.967779
US-7890155-B2,-42.276146,-13.967678
US-2011270121-A1,7.878758,-13.188978
US-2012116417-A1,-19.341448,13.333555
US-2013190776-A1,-19.287064,13.270697
US-2015065916-A1,-21.11805,3.253872
US-2015157419-A1,-2.3584554,-35.652504
US-2016038004-A1,12.429321,10.528409
US-2017189128-A1,17.166592,-17.019106
US-2017265947-A1,-17.441696,-4.973739
US-2018014851-A1,29.839205,8.141973
US-2018271603-A1,-2.5499525,-16.747461
US-2019083187-A1,50.653027,11.103678
US-2019125432-A1,51.192425,4.2277484
US-2020015905-A1,-30.029192,-25.516535
US-2021290215-A1,26.075748,-5.3602962
US-2022047346-A1,40.9548,-22.71077
US-2022096188-A1,6.3755736,-15.811513
US-2023113312-A1,8.662291,-43.12258
US-2023126545-A1,-5.7809734,-18.051529
US-2023200847-A1,37.79241,22.983793
US-2024148455-A1,-5.9331045,50.78945
US-11980432-B2,8.876168,-9.685416
US-2024277425-A1,2.9011056,-13.200305
US-4831549-A,3.1643207,-39.332527
US-5789890-A,47.493908,-5.965239
DE-10249786-A1,-81.031906,-14.466513
US-2004093119-A1,3.7892077,-41.75834
US-2004167667-A1,-3.1983886,-42.055748
US-2005182518-A1,-3.1901402,-41.934326
CN-1747816-A,-81.031906,-14.466513
US-2006181236-A1,3.6669145,-41.34633
US-2011153076-A1,8.438359,-59.700336
US-2011235054-A1,9.431975,-70.04368
US-2012143372-A1,0.97317904,-54.09391
JP-2013198943-A,-81.031906,-14.466513
US-2014347473-A1,-5.7726593,-38.661507
DE-102014107143-A1,-81.031906,-14.466513
US-2015352717-A1,7.879389,-66.236305
CN-205466149-U,-81.031906,-14.466513
US-2016297068-A1,-4.0596523,-37.562424
US-2016379370-A1,-2.9190736,-39.302963
JP-2017058130-A,-81.031906,-14.466513
US-2017165836-A1,42.5159,-31.9148
JP-2017185578-A,-81.031906,-14.466513
CN-107263485-A,-81.031906,-14.466513
US-2017326739-A1,-3.2952337,-39.903824
US-2017364076-A1,3.3409476,-43.036854
DE-102017123877-A1,-81.031906,-14.466513
JP-2018202550-A,-81.031906,-14.466513
DE-102017005882-A1,-81.031906,-14.466513
US-10569417-B1,0.89636165,-57.17095
US-10569416-B1,0.8979352,-57.171223
US-10569516-B2,8.277165,45.263412
US-10576631-B1,0.8979318,-57.171375
US-10596701-B1,0.8974405,-57.17267
US-2006089621-A1,-22.737934,18.05558
US-2012059378-A1,13.434694,-3.3927252
US-9974557-B2,12.939854,-3.1625104
US-2019008525-A1,-8.0789795,30.088549
EP-1348394-A1,-81.031906,-14.466513
US-2007177783-A1,-25.329226,-34.13743
US-7796790-B2,-33.675938,-8.365812
US-2015049083-A1,-30.148605,-10.099311
WO-2015089118-A1,-81.031906,-14.466513
EP-3080619-A1,-81.031906,-14.466513
US-2019388123-A1,-41.77799,15.026866
US-2020069373-A1,-11.893564,-2.5451632
US-2021393330-A1,-26.998817,26.882757
US-4445892-A,38.880627,32.62422
US-5505700-A,48.977566,27.425385
US-6004271-A,36.15692,2.5631168
US-2001009976-A1,-23.260136,-10.391373
US-2001029366-A1,21.63614,29.144938
US-2002087169-A1,37.03339,6.3688855
US-2002177789-A1,35.99838,2.6633122
US-6503195-B1,-36.899384,-26.993519
US-6530913-B1,48.19864,24.393524
US-6544230-B1,36.428078,34.33562
US-2003074011-A1,-27.276377,-5.0525227
US-2003135204-A1,29.346075,5.654244
US-6610007-B2,33.849716,13.998014
US-6669709-B1,33.25547,39.160942
US-6905460-B2,20.570848,-8.931415
US-2005182295-A1,-37.14056,-15.506241
US-2007060879-A1,34.96772,2.5606122
US-2007162106-A1,38.92444,35.241394
WO-2007081800-A2,-81.031906,-14.466513
US-7371210-B2,37.122368,6.2663302
US-2008243142-A1,-22.242537,-18.834684
US-2008300592-A1,35.496456,-2.1178548
US-2009012618-A1,-6.0001473,55.643005
US-2009054884-A1,22.847595,29.171658
US-2009171196-A1,-32.380085,-3.4715762
US-2010081881-A1,38.079422,19.318758
EP-2226026-A1,-81.031906,-14.466513
US-2010228096-A1,37.62458,20.342447
US-2010240960-A1,35.778328,21.675104
US-2010312065-A1,38.009262,19.999807
US-2010312063-A1,38.19975,20.464413
US-2011152788-A1,40.83257,25.347157
US-8052636-B2,42.02614,13.765043
US-2011295074-A1,36.978733,20.556875
US-2012130188-A1,39.696095,20.696491
US-2013266029-A1,-43.09255,-41.770454
US-2014194732-A1,-25.057371,-13.423177
US-2015145953-A1,13.210784,11.17454
US-2016007979-A1,56.945072,9.608943
US-9269682-B2,6.693508,38.26497
CA-2978771-A1,-81.031906,-14.466513
US-2017024903-A1,-27.051886,-8.469348
US-2017086653-A1,30.955109,28.14559
US-2017172662-A1,-17.517315,-8.507777
US-9861271-B2,-6.8602195,-5.055556
EP-3275386-A1,-81.031906,-14.466513
US-2018042680-A1,-17.252123,-26.386337
US-2018070800-A1,30.976227,28.11447
US-2018276877-A1,-27.496294,-15.570014
US-2019117209-A1,38.654594,20.83554
US-10456202-B2,18.959465,11.650717
US-10492665-B2,33.80599,15.743942
WO-2020018566-A1,-81.031906,-14.466513
US-2020037863-A1,45.894352,15.49801
US-2020060524-A1,34.6903,14.703283
US-2020178948-A1,18.433147,9.99758
US-2020222078-A1,33.40486,30.715256
US-2020306004-A1,30.69062,29.377872
US-2021343088-A1,-26.932293,-46.657356
US-2021346015-A1,18.923735,42.792854
US-2021345953-A1,-11.251446,-32.407154
US-2021345952-A1,-11.315731,-31.25755
US-2021350895-A1,-11.30592,-31.287432
US-2021350897-A1,-11.241914,-32.55363
US-2021350896-A1,-11.250605,-32.41999
US-4613269-A,4.1161947,-61.804733
JP-2003148914-A,-81.031906,-14.466513
US-2006112034-A1,11.180399,-70.290924
US-8489229-B2,-0.16736253,-75.15569
US-2015203304-A1,-0.9539852,-71.28989
US-2016089790-A1,11.698602,-43.466816
US-9327397-B1,0.9777241,-65.95896
US-2016297611-A1,0.9777266,-65.96164
US-9505129-B2,11.805274,-43.565525
US-2016347558-A1,9.54952,-69.66568
US-9579798-B2,11.698602,-43.466816
JP-2017045081-A,-81.031906,-14.466513
US-9796540-B1,-0.95402694,-71.97351
US-10053305-B2,9.549926,-69.67038
US-2019070734-A1,1.6149949,-60.02532
US-10343857-B2,-0.9543043,-71.2895
US-10369701-B1,-0.8266393,-61.007565
US-10471597-B1,6.89489,-57.32708
US-2019389070-A1,2.6005886,-62.00311
JP-2020069640-A,-81.031906,-14.466513
US-2020139553-A1,-0.90222985,-60.92437
JP-2020196610-A,-81.031906,-14.466513
US-11007648-B2,1.6151686,-60.024593
US-2022161427-A1,5.157739,-59.58844
US-11413762-B2,2.6006556,-62.002247
US-11565406-B2,5.157739,-59.58844
WO-2014145406-A1,-81.031906,-14.466513
WO-2016004991-A1,-81.031906,-14.466513
WO-2020139808-A2,-81.031906,-14.466513
WO-2020139809-A1,-81.031906,-14.466513
WO-2020206216-A1,-81.031906,-14.466513
US-6434507-B1,3.6803956,-1.6446924
US-2006053907-A1,42.222843,-2.0563736
US-2011264107-A1,6.629926,-2.1513233
EP-2907466-A1,-81.031906,-14.466513
US-2018141215-A1,48.034195,-13.933642
US-2019060014-A1,41.548157,-3.3042245
US-2020038125-A1,19.856495,-26.22569
US-2020170604-A1,-44.430355,5.32497
US-2022022990-A1,39.69818,-15.204274
US-2016113720-A1,7.0649133,-3.8434737
WO-2017091380-A1,-81.031906,-14.466513
US-5891150-A,-3.2185419,34.32062
WO-2021203082-A1,-82.496376,58.549686
US-11189379-B2,-14.239749,-27.999445
WO-2023034194-A1,-82.496376,58.549686
WO-2023069347-A1,-81.031906,-14.466513
US-2023240788-A1,-20.180265,-20.490593
US-11901065-B2,-16.56333,-18.717007
US-4771262-A,56.25389,-5.2283626
US-4896554-A,38.71883,-45.9426
US-5008528-A,36.53432,-44.682648
US-5176310-A,5.4267983,38.803036
US-5280781-A,34.15865,15.176715
US-5398691-A,-5.3108225,4.0070796
US-5499632-A,67.72618,0.94235194
US-5524180-A,21.140032,-10.349859
US-5526812-A,-26.489445,-18.347326
US-5631973-A,11.69131,-32.249554
US-5713946-A,20.927475,28.17356
US-5749362-A,-4.6302013,-37.567024
US-5762458-A,20.570833,-8.93159
US-5831614-A,-21.290487,-41.484436
US-5859934-A,11.691035,-32.250355
US-5899851-A,-22.498293,-28.182083
US-5951475-A,-36.92886,-6.465081
US-5963770-A,8.0775385,-29.949888
US-6007550-A,20.570833,-8.93159
US-6016439-A,-25.537163,-17.34565
US-6038467-A,-23.493404,-26.817411
US-6096004-A,17.155327,-30.984179
US-6226543-B1,-27.257486,-5.124931
US-6272371-B1,16.825329,16.029608
US-2002077533-A1,-26.8816,-20.358
US-6425865-B1,-2.2160854,8.204423
US-6466198-B1,-21.771698,-44.470486
US-2002161280-A1,12.958589,7.452024
US-2002173878-A1,-32.678577,27.211336
US-6490467-B1,-24.803041,-2.6159925
US-6516421-B1,-13.219928,-42.19671
WO-03086190-A1,-81.031906,-14.466513
US-2004047044-A1,-27.149698,-32.93599
US-6726675-B1,35.75772,4.8732166
US-2004263535-A1,-24.0196,-19.971004
US-6856827-B2,-24.93425,-6.4760294
US-2005085714-A1,-15.705488,3.9976118
US-2005222554-A1,34.00562,2.0799832
US-2006025676-A1,-9.155898,-5.2633977
US-2006079745-A1,-26.79081,-7.4126153
US-2006095022-A1,33.886833,2.5177035
US-2006146010-A1,35.40895,-2.9917405
US-2006173290-A1,0.9469966,-11.062189
US-7155315-B2,14.160455,-32.482597
US-2007083098-A1,21.161737,-20.773022
US-2007138992-A1,19.853224,-30.059202
EP-1800593-A1,-81.031906,-14.466513
US-2007144298-A1,18.502008,-23.262554
US-2007185486-A1,32.647247,3.3344002
US-2008027313-A1,-19.331976,-8.905939
US-2008033442-A1,-4.56702,-34.32718
US-2008082109-A1,16.866924,-19.457119
US-2008097465-A1,66.830894,2.0711923
WO-2008049088-A2,-81.031906,-14.466513
US-2008108870-A1,12.954536,7.5750656
US-2008140087-A1,34.30235,0.8946599
US-2008161829-A1,20.666712,-38.905987
US-2008183188-A1,-15.844355,-8.50633
US-2008183068-A1,-15.789461,-8.643967
US-7594925-B2,17.273066,24.308052
US-2009248036-A1,15.187827,-18.677963
US-2009259412-A1,31.332745,-33.930817
US-2009259230-A1,-43.15553,-7.536246
US-2009326322-A1,17.821566,-20.860392
US-2009326556-A1,16.388622,-21.12585
US-2010019890-A1,40.617126,-54.923065
US-2010039506-A1,-14.872187,-7.6587605
EP-2158834-A1,-81.031906,-14.466513
WO-2010025522-A1,-81.031906,-14.466513
US-2010076263-A1,14.155483,11.231512
US-2010121269-A1,18.522318,16.922739
US-2010125284-A1,-6.5368953,-2.5490677
US-2010204613-A1,66.07316,3.256935
US-2010286847-A1,41.291134,-36.981987
US-2010328455-A1,-41.726112,-18.39772
US-2011021926-A1,23.602272,10.903324
US-2011118752-A1,1.2197291,-28.230686
US-2011118753-A1,1.2198948,-28.230976
US-2011118748-A1,10.752427,-28.762596
US-2011130718-A1,34.491806,6.463363
US-2011196199-A1,14.14713,8.007719
US-2011238010-A1,36.039738,-6.4910583
US-2011235855-A1,-35.373844,-23.622091
US-2011248987-A1,-28.315472,-39.933933
US-2011276058-A1,14.0380745,-23.82919
US-2012059392-A1,17.892893,-21.492228
US-2012071892-A1,1.2197291,-28.230686
US-2012071891-A1,1.2198948,-28.230976
US-2012071894-A1,33.369072,-3.9204695
US-2012071752-A1,34.084743,4.305474
US-2012078053-A1,18.347216,4.5610547
US-2012075638-A1,-22.060558,3.7987201
US-2012103123-A1,39.93423,-55.53943
US-8180114-B2,31.89214,-43.807713
US-2012191107-A1,32.94246,-3.4877436
US-2012203067-A1,-36.444717,-15.100489
US-2012253276-A1,32.518803,4.603358
US-2012296161-A1,36.967094,31.953413
US-2012314022-A1,35.921463,-42.284164
US-2013018306-A1,16.797096,16.061234
US-2013030363-A1,7.171358,9.602462
US-2013165854-A1,35.0979,3.9779904
US-2013245375-A1,-17.263927,-26.386534
US-2014111457-A1,-27.672434,-38.394405
US-8718837-B2,10.597164,-34.935307
US-2014222204-A1,18.442656,-31.66104
US-2014257334-A1,20.841942,-26.226912
US-2014276646-A1,67.21162,0.98993903
US-2014277333-A1,62.93953,-3.041248
US-2014276937-A1,-6.78669,-1.7458868
US-2014277747-A1,51.668858,-36.40639
US-2014276936-A1,55.986443,-8.141239
US-2014276392-A1,33.93233,3.5526829
US-2014264081-A1,6.466945,7.0031376
US-2014276934-A1,14.553613,-36.70779
US-2014277334-A1,62.943577,-3.060235
US-2014276394-A1,32.67292,0.5996003
US-8894610-B2,48.520683,24.663607
US-2015018622-A1,-22.550474,-21.944656
US-8971597-B2,20.628683,-21.177797
US-2015105747-A1,66.07316,3.256935
US-9014851-B2,-6.7861385,-1.7471627
US-9057600-B2,6.466945,7.0031376
US-2015224845-A1,43.68011,-65.207924
US-2015223902-A1,-27.446363,-6.7105384
US-9138166-B2,6.8638606,9.437294
US-2015265807-A1,33.57999,4.854019
US-2015290454-A1,-24.108805,-59.538403
US-2015375399-A1,20.516876,-26.54801
US-2016007881-A1,6.8633723,9.43734
US-9241767-B2,18.267603,-24.587814
US-9283046-B2,51.66914,-36.406296
US-9289578-B2,6.47721,7.015671
US-2016098095-A1,-1.5237254,-35.715347
US-2016202053-A1,6.47726,7.015541
US-2016213436-A1,44.03553,-12.213871
US-2016213884-A1,33.900677,4.9836802
US-2016256069-A1,-24.338966,-11.42163
US-2016314717-A1,6.8781533,-11.212186
US-2016314710-A1,-9.671921,-24.984766
US-2016314716-A1,6.883243,-11.217145
US-9498291-B2,14.5285635,-36.717205
US-9503681-B1,-33.82475,-20.749819
US-9532840-B2,20.841942,-26.226912
US-9561019-B2,-4.8002663,3.3103757
US-9566414-B2,67.21162,0.98993903
US-2017065356-A1,14.5285635,-36.717205
US-9629595-B2,-6.5435205,-1.9942284
US-2017172664-A1,-37.388653,-13.871933
US-9710921-B2,-6.7861385,-1.7471627
US-2017209224-A1,-6.543816,-1.9943475
US-9770216-B2,-36.420174,-14.738148
US-9827061-B2,14.5285635,-36.717205
US-9844353-B2,6.47721,7.015671
US-2018056044-A1,66.67914,2.390336
US-2018078321-A1,15.36167,-25.898848
US-10123755-B2,6.47721,7.015671
US-10123843-B2,32.67292,0.5996003
US-10130427-B2,32.942436,-3.4876082
US-10206746-B2,51.669243,-36.40627
US-2019090969-A1,-7.85569,-18.97127
US-2019151032-A1,10.152963,-26.07558
US-2019175062-A1,-7.914558,-6.5278788
US-2019175799-A1,26.348694,22.467922
US-10346976-B2,-37.44021,-13.535425
US-2019371012-A1,-32.234512,-20.152878
US-10675101-B2,51.66914,-36.406296
US-10688283-B2,67.211136,0.9898756
US-2020305922-A1,20.619997,14.695112
US-2020345432-A1,51.668858,-36.40639
US-10849702-B2,30.637945,1.2345501
US-2003153978-A1,-25.446665,31.786863
EP-1571581-A1,-81.031906,-14.466513
US-2006142656-A1,-1.3897331,-5.7644014
CA-2689511-A1,-81.031906,-14.466513
US-2009209884-A1,-32.896156,17.777077
US-2010153081-A1,-34.01691,17.36242
WO-2010151564-A1,-81.031906,-14.466513
US-2011029093-A1,-47.68152,22.493574
US-2011087332-A1,-47.680508,22.493404
US-2011092804-A1,-30.324041,30.492395
US-2013144392-A1,-34.88925,8.489671
WO-2013101753-A1,-81.031906,-14.466513
US-2013211531-A1,-47.68211,22.495842
US-2013211792-A1,-10.4087,-51.475735
JP-2013539379-A,-81.031906,-14.466513
US-2014066937-A1,-27.276945,45.237675
US-2014244220-A1,-39.535706,12.265481
US-2014324182-A1,-33.262733,8.191232
US-2015080717-A1,-41.70205,18.803982
JP-2015057165-A,-81.031906,-14.466513
US-9101393-B2,-42.250626,9.595299
EP-2962666-A1,-82.496376,58.549686
US-2016045317-A1,-48.846786,23.528328
US-2016045268-A1,-26.768362,15.6550865
US-9358117-B2,-32.451984,53.002083
WO-2016102025-A1,-81.031906,-14.466513
EP-3089710-A1,-81.031906,-14.466513
US-2017000562-A1,-36.59846,15.843602
JP-2017500964-A,-81.031906,-14.466513
US-2017020609-A1,-36.420834,11.538355
US-2017086859-A1,-37.55864,48.04172
US-9649195-B2,-29.295254,46.255024
US-9668871-B2,-30.839867,48.0998
US-2017181755-A1,-40.638916,14.917372
EP-3190531-A1,-81.031906,-14.466513
US-9724109-B2,-32.306988,47.856606
WO-2017200785-A1,-81.031906,-14.466513
US-9842394-B2,-35.714863,-10.269926
US-2017360513-A1,-35.13669,28.260303
US-2018036083-A1,-36.33443,48.22282
US-2018253838-A1,-38.904396,-2.3017774
US-10085804-B2,-27.963495,15.861845
US-2018353298-A1,2.446568,55.207317
US-2019015119-A1,-9.24521,26.387325
US-10194919-B2,-38.347183,41.93703
US-2019133775-A1,-36.897724,48.109978
US-10314599-B2,-35.926006,48.2782
US-2019183411-A1,-30.085146,31.583157
US-2019282245-A1,22.060184,17.429646
US-2021007806-A1,-45.997604,7.822743
US-11432945-B2,-26.31624,18.132328
US-4119900-A,14.411888,-43.437996
GB-2345051-A,-81.031906,-14.466513
US-2004251656-A1,36.9801,-30.953815
WO-2007050407-A1,-81.031906,-14.466513
US-2007112458-A1,6.109828,-70.23509
CA-3068216-A1,-81.031906,-14.466513
JP-2008119820-A,-81.031906,-14.466513
JP-2008260117-A,-81.031906,-14.466513
US-2011045194-A1,9.040242,-60.399544
KR-20110054850-A,-81.031906,-14.466513
WO-2011076240-A1,-81.031906,-14.466513
US-8065051-B2,35.8234,-36.06547
US-2011288573-A1,48.086273,-12.79929
US-2011290854-A1,53.198654,-3.8272102
US-2012010749-A1,21.797098,-34.655987
CN-102688129-A,-81.031906,-14.466513
WO-2012149446-A2,-81.031906,-14.466513
KR-20120126934-A,-81.031906,-14.466513
WO-2012166517-A1,-81.031906,-14.466513
US-2012328395-A1,20.312445,-32.83108
CN-102892376-A,-81.031906,-14.466513
US-8380350-B2,-1.0164292,-45.753876
US-2013325244-A1,10.596805,-34.935604
US-2014088761-A1,-7.6922593,-37.249367
GB-2509814-A,-81.031906,-14.466513
US-2014200713-A1,11.895176,-54.801987
WO-2014122752-A1,-81.031906,-14.466513
US-8968332-B2,8.690842,16.748455
AU-2015218522-A1,-81.031906,-14.466513
WO-2015137040-A1,-81.031906,-14.466513
GB-2527207-A,-81.031906,-14.466513
US-2015359694-A1,23.147697,-26.57442
WO-2016042704-A1,-81.031906,-14.466513
CN-107283436-A,-81.031906,-14.466513
US-2017348931-A1,10.362557,-61.146297
KR-101819531-B1,-81.031906,-14.466513
US-2018014988-A1,38.74958,-30.993544
WO-2018063100-A2,-81.031906,-14.466513
KR-101872282-B1,-81.031906,-14.466513
CN-108227506-A,-81.031906,-14.466513
CN-207874211-U,-81.031906,-14.466513
US-10136947-B2,32.97244,-16.596533
CN-109259863-A,-81.031906,-14.466513
US-2019049977-A1,-3.2679958,-43.5284
CN-109397245-A,-81.031906,-14.466513
US-2019105776-A1,11.1069565,-23.125914
US-2019107454-A1,30.685492,-27.654202
US-2019248013-A1,13.3426485,-54.65456
US-2019248016-A1,13.342503,-54.654438
US-2019248002-A1,13.3426485,-54.65456
US-2019327394-A1,11.5099325,-21.16238
US-2020008899-A1,-33.408916,-29.075035
US-2020100845-A1,38.27535,-3.2039025
US-10687915-B2,29.942028,-15.713798
WO-2020214787-A1,-81.031906,-14.466513
BR-112013030509-B1,-81.031906,-14.466513
US-2020405406-A1,37.74299,-11.427045
EP-3797715-A1,-81.031906,-14.466513
EP-3505079-B1,-81.031906,-14.466513
US-2022015773-A1,48.807926,-11.459223
US-2022126438-A1,13.452377,-55.976025
US-2022225982-A1,49.619858,-2.00685
US-2022234194-A1,13.340538,-54.654694
US-2022387031-A1,48.125843,-12.762614
US-6254605-B1,-26.949646,48.290203
US-11583361-B1,-0.62599075,-15.094523
DE-1903016-U,-78.67135,36.960396
DE-1903316-A1,-81.031906,-14.466513
US-3577991-A,47.655285,10.55954
US-3596292-A,4.02073,53.894577
US-3608539-A,45.87649,18.794699
US-3625220-A,40.032425,68.501305
US-3648705-A,40.602425,68.50044
US-3653388-A,38.767338,31.22032
US-3657056-A,47.326363,62.84938
US-3656476-A,4.638091,45.7629
US-3678980-A,17.182121,50.2988
US-3709218-A,5.474936,65.427185
US-3711347-A,16.47871,52.218235
US-3739773-A,9.79283,46.157238
US-3760808-A,26.294554,47.14539
US-3788318-A,41.91402,26.162954
US-3789852-A,41.788418,28.353996
US-3802438-A,32.755394,57.291027
US-3807394-A,6.2129073,65.98809
US-3809075-A,45.2606,73.4145
US-3811449-A,40.812244,29.866114
US-3825010-A,36.255726,53.18258
US-3833003-A,38.702984,31.974236
US-3835849-A,-1.2845066,36.914352
US-3842824-A,10.694929,67.38646
US-3845772-A,40.379845,69.48914
US-3857396-A,41.98438,59.271973
US-3867932-A,6.37378,62.690536
US-3875652-A,7.7956533,40.061676
US-3898992-A,32.02259,42.35535
US-3918442-A,15.51552,39.511856
US-3968800-A,38.27575,26.156912
US-3976079-A,39.85232,61.226326
US-4023559-A,45.46152,27.572872
US-4064566-A,6.978612,49.91484
US-4089071-A,2.8250651,46.489967
US-4108399-A,10.156426,41.966503
US-4156574-A,52.981186,58.81391
US-4164794-A,3.4238315,48.147682
US-4171544-A,5.0907245,49.674114
US-4183102-A,38.17915,27.47518
US-4199864-A,4.638362,48.540627
US-4200939-A,7.0720644,48.80521
US-4210148-A,40.47345,68.549576
US-4213816-A,5.9785995,46.216766
US-4235233-A,45.91723,35.98737
US-4235238-A,38.731407,51.104126
US-4244370-A,32.06481,61.18202
US-4257411-A,-27.085575,47.649567
US-4265231-A,-2.2590098,32.07263
US-4281649-A,3.6688163,64.335915
US-4291698-A,45.666145,50.197926
US-4309488-A,5.323602,49.877342
US-4320762-A,42.057808,31.166864
GB-2093701-A,-81.031906,-14.466513
US-4351069-A,3.4118888,48.262417
US-4364381-A,-1.0465326,37.550896
US-4365356-A,3.7875857,47.80727
US-4388921-A,8.369254,62.570667
US-4395798-A,31.978107,58.01464
US-4409974-A,5.531545,61.92061
US-4414166-A,12.2597685,50.87422
US-4437362-A,59.728878,13.477872
US-4437941-A,11.362222,43.798477
US-4444180-A,-1.6667577,35.844692
US-4448194-A,54.53959,-0.20793562
US-4456005-A,6.1964297,64.216194
US-4461281-A,41.558628,17.650202
US-4493317-A,7.8559256,62.635788
US-4495664-A,12.417118,68.398544
US-4501031-A,2.590504,45.12608
US-4504268-A,46.552795,29.794447
US-4506681-A,5.375094,45.842403
US-4514125-A,13.075815,65.25091
US-4526173-A,33.758873,53.39455
US-4532926-A,18.855024,56.626247
US-4535772-A,33.697124,53.38288
US-4547327-A,4.474038,48.485817
US-4556059-A,41.37199,17.992353
US-4556350-A,21.041788,70.579895
US-4566138-A,1.6322509,47.11491
US-4589868-A,41.57969,30.844664
US-4590928-A,18.212824,61.045822
US-4597379-A,16.760431,26.666851
US-4599085-A,5.061209,50.38202
US-4601893-A,7.3560505,44.65558
US-4606335-A,43.44369,52.10172
US-4611593-A,35.8355,40.150887
US-4621640-A,48.772346,49.009468
DE-3517204-A1,-76.0905,42.6475
US-4630609-A,40.156708,32.046585
US-4632101-A,5.34613,61.699516
US-4645503-A,6.5881567,48.71921
US-4657460-A,17.256552,50.403133
US-4659268-A,15.95147,51.869427
US-4662063-A,5.615153,38.798065
US-4662068-A,46.01791,52.944954
US-4662887-A,4.0227327,46.08294
US-4669473-A,18.850168,54.24603
US-4681107-A,57.88395,5.7493505
US-4691741-A,38.207317,27.721434
US-4705040-A,31.24969,49.92999
US-4706670-A,40.329666,32.98023
US-4708139-A,-4.8058615,32.73349
US-4713077-A,-1.1153868,38.114956
US-4716901-A,39.768322,23.614618
US-4718909-A,-23.202097,45.889297
US-4722948-A,6.519689,48.731766
US-4722331-A,-10.123033,26.844746
US-4724584-A,52.193645,58.792664
US-4738255-A,24.377321,70.185295
US-4739751-A,-25.17197,49.239437
US-4741330-A,26.685179,62.084805
US-4749585-A,5.185795,43.231827
US-4750492-A,26.483894,60.285473
US-4768507-A,40.53769,35.613976
US-4772286-A,-26.046207,48.4508
US-4776738-A,18.30805,51.250206
US-4776328-A,2.8778617,69.11907
US-4776851-A,0.5277287,59.43776
US-4781182-A,-26.486248,49.635014
US-4790303-A,14.0404215,60.119423
US-4792336-A,9.077269,53.4133
DE-3722538-A1,-76.93668,43.4583
US-4817591-A,4.112089,68.81082
US-4822224-A,17.46942,50.063
US-4823794-A,37.851067,71.4018
US-4832026-A,24.626806,65.43794
US-4832025-A,46.425453,57.33875
US-4834752-A,9.246841,53.342167
US-4841960-A,6.884751,66.2849
US-4843112-A,5.7097545,49.789783
US-4846812-A,43.179874,24.58099
US-4862812-A,58.880863,-25.906492
US-4862882-A,-25.8332,47.749214
US-4869242-A,10.853441,67.33573
US-4870957-A,16.96454,68.72067
US-4883048-A,-26.486208,49.629173
US-4890612-A,35.454697,43.30915
US-4895148-A,23.483072,57.255844
US-4898156-A,22.940502,71.719315
US-4899744-A,28.3117,36.39974
US-4899729-A,41.987686,25.423063
US-4899743-A,22.837282,70.95427
US-4901721-A,40.613224,54.00806
US-4921479-A,44.074432,29.36531
US-4922897-A,-25.17197,49.239437
US-4924865-A,23.446281,57.27203
US-4924866-A,33.480007,53.651043
US-4932960-A,18.257856,56.485985
US-4935028-A,27.572086,73.4703
US-4935026-A,57.66262,2.6706834
US-4945625-A,18.38878,51.262604
US-4946468-A,22.943804,65.73543
US-4954126-A,44.98327,25.9767
US-4955910-A,0.60844785,59.590767
US-4957498-A,40.229836,52.726288
US-4961741-A,39.661808,57.84949
US-4963151-A,7.1668053,50.064236
US-4964862-A,-20.258055,38.410465
US-4966583-A,36.524754,31.083843
US-4968315-A,22.92268,71.54105
US-4969888-A,0.8524669,62.70816
US-4969892-A,25.830135,71.540886
DE-9002844-U1,-81.031906,-14.466513
US-4990161-A,17.717342,59.89244
US-4994071-A,40.910194,35.04878
US-4997445-A,3.7553248,45.16118
US-4998539-A,39.38675,33.954376
US-5002563-A,41.46484,57.10369
US-5002550-A,22.943779,65.73376
US-5009663-A,34.97991,54.358616
US-5009652-A,27.697134,49.904545
US-5009664-A,3.75707,69.870995
US-5013316-A,17.091843,68.95218
US-5019090-A,42.033108,34.890125
US-5021059-A,36.182858,43.19142
US-5031841-A,59.935604,8.494304
US-5035713-A,5.1661615,46.974644
US-5037404-A,46.090206,29.100332
US-5037422-A,26.838274,70.09369
US-5041093-A,44.74365,27.069105
US-5041129-A,29.863514,70.328156
US-5041114-A,3.6209857,66.69584
WO-9112779-A1,-81.031906,-14.466513
US-5047055-A,-2.8201973,53.82671
US-5046513-A,22.910433,71.72368
US-5051049-A,17.15933,51.76512
US-5053047-A,39.223743,52.50513
US-5053046-A,39.068195,45.095238
US-5059193-A,-8.590308,54.505936
US-5059206-A,24.8332,56.6908
US-5061286-A,3.9492629,49.235165
US-5061274-A,36.239826,43.016953
US-5069674-A,45.159977,29.05029
US-5078745-A,-24.673613,48.043232
US-5078731-A,39.814606,57.9315
US-5078744-A,10.031786,54.566677
US-5084050-A,6.6995444,57.343807
US-5084051-A,5.7859435,50.2799
US-5085660-A,8.942459,63.117825
US-5085661-A,18.15606,54.71851
US-5090072-A,35.944344,-29.318903
US-5098434-A,8.720146,61.259098
US-5098433-A,5.432837,62.566692
US-5098436-A,-27.073639,45.110996
US-5100417-A,26.464296,66.45092
US-5100405-A,10.408078,62.38622
US-5102417-A,39.30033,34.627197
US-5102421-A,24.667124,69.63411
US-5120175-A,16.60025,52.556896
US-5123941-A,14.752358,44.040565
US-5123520-A,6.9664087,-68.69448
US-5123914-A,32.24463,69.2417
US-5133732-A,40.84731,35.414604
US-RE34021-E,31.24969,49.92999
US-5141520-A,27.488195,68.338615
US-5147362-A,17.379494,67.32461
US-5152765-A,21.89321,58.84687
US-5154720-A,-1.7409205,33.891335
US-5156613-A,10.194714,54.635063
US-5156616-A,26.072546,68.80692
US-5158934-A,-1.9794829,48.82585
US-5158566-A,42.19429,57.123524
US-5163960-A,10.929042,50.470776
US-5171251-A,42.837605,58.8257
US-5176682-A,20.180178,66.53425
US-5180388-A,9.993831,65.32302
US-5179964-A,35.161045,52.711926
US-5183464-A,41.226646,29.953138
US-5192287-A,39.65634,57.85181
US-5192326-A,-2.8974662,53.666744
US-5197166-A,52.49032,58.618195
US-5197971-A,32.792114,23.99108
US-5203784-A,21.899817,58.82196
US-5203787-A,24.7797,67.29278
US-5209776-A,10.6977215,48.163353
US-5208950-A,53.20159,58.89663
US-5217493-A,4.9627337,42.943893
US-5217486-A,19.726284,67.70433
US-5219359-A,37.23665,71.470055
US-5224946-A,26.880322,70.07111
US-5226899-A,46.64,29.730536
US-5230352-A,53.718792,49.620567
US-5234425-A,43.87587,28.977413
US-5234006-A,11.298312,51.78322
US-5236438-A,22.6498,61.234642
US-5236445-A,25.470938,68.430176
US-5242902-A,11.350422,46.143204
US-5246441-A,21.889803,58.84971
US-5250026-A,41.560394,41.378365
US-5250055-A,25.213526,61.473812
US-5254113-A,28.964746,37.95635
US-5258007-A,57.731,5.6681223
US-5258016-A,26.672407,66.6049
US-5258015-A,18.610615,53.717484
US-5261914-A,15.291367,59.81255
WO-9323094-A1,-81.031906,-14.466513
US-5266325-A,10.264262,44.82999
US-5269809-A,37.3305,60.540916
US-5269785-A,50.187527,14.982726
US-5269783-A,25.39089,57.488968
US-5281235-A,43.46692,17.846018
US-5282832-A,38.68853,62.393574
US-5290281-A,13.217113,53.324833
FR-2696338-A1,-81.031906,-14.466513
US-5304119-A,41.50315,41.427402
US-5306280-A,42.83724,58.825783
US-5306301-A,16.293495,65.37381
WO-9408642-A1,-81.031906,-14.466513
US-5312438-A,27.026644,68.156815
US-5315741-A,51.20467,59.101597
US-5318588-A,41.94146,29.160906
US-5320611-A,40.915016,26.890915
US-5324308-A,24.957996,74.45385
US-5328480-A,45.652542,23.154734
US-5329846-A,27.49665,40.95731
US-5330468-A,-3.5066273,34.486786
US-5330476-A,12.787169,65.16922
US-5329924-A,-19.298683,9.667678
US-5330486-A,30.166883,33.871803
US-5336240-A,16.94237,62.669735
US-5336231-A,38.075596,52.40725
US-5339799-A,1.0546461,-9.971144
US-5349956-A,-20.67205,9.327838
US-5352229-A,15.401493,67.76759
US-5354298-A,23.001297,68.49568
US-5354302-A,38.05188,24.407139
US-5366480-A,8.862682,48.506313
US-5370646-A,19.704727,69.34434
US-5370660-A,37.189114,41.712734
US-5372146-A,20.949913,62.20615
US-5374235-A,3.7925682,69.84387
US-5376126-A,-40.714474,35.974052
US-5382254-A,57.267086,5.0993643
US-5383905-A,34.819435,60.4938
US-5383883-A,30.32555,33.23783
US-5391171-A,11.041915,64.781624
US-5391173-A,30.274553,33.723354
US-5395308-A,14.361998,48.00116
US-5397311-A,45.28734,22.642017
US-5400805-A,15.376296,59.79935
US-5403348-A,30.027668,69.188095
US-5403312-A,50.71121,9.309289
US-5405359-A,25.102306,73.80692
US-5411538-A,18.175468,34.007835
US-5411523-A,25.902483,66.264946
US-5413585-A,36.18488,57.80061
US-5417701-A,41.13247,50.4382
US-5417712-A,17.552916,59.863136
US-5417691-A,26.6692,62.07873
US-5423796-A,41.029633,21.535692
US-5423860-A,30.001734,67.85485
WO-9516398-A1,-81.031906,-14.466513
US-5431670-A,41.206318,50.344093
US-5439470-A,44.174305,47.60932
US-5438746-A,51.649994,51.362442
US-5441502-A,25.284895,63.87675
US-5441538-A,1.9070859,56.041214
US-5443512-A,4.4024234,45.97636
US-5447503-A,38.291157,34.16615
US-5449382-A,5.733317,42.929432
US-5449372-A,41.080456,36.359413
US-5451235-A,36.44734,38.502525
FR-2717368-A1,-81.031906,-14.466513
US-5453090-A,41.231274,34.433582
US-5456722-A,29.745787,56.74409
US-5458653-A,3.1759872,48.659615
US-5462561-A,37.08914,54.05885
US-5464424-A,50.53714,64.59346
US-5464426-A,35.68641,75.50703
US-5464427-A,28.21699,71.46793
US-5464425-A,29.014193,71.31161
US-5467911-A,19.968063,54.522736
US-5470337-A,19.316874,54.807655
WO-9531941-A1,-81.031906,-14.466513
US-5472444-A,2.883469,68.56292
US-5474554-A,9.976508,69.31944
US-5478351-A,54.6392,0.39254197
US-5478353-A,38.942787,52.37953
US-5480403-A,22.859812,69.35115
US-5486197-A,23.190565,67.02893
US-5487844-A,12.770056,42.43608
US-5487216-A,51.513172,51.37402
US-5488958-A,45.33915,20.608171
US-5496348-A,30.027285,69.18703
US-5496292-A,44.60954,29.546804
US-5496335-A,36.88092,49.81446
US-5500000-A,28.020878,59.155582
US-5501700-A,33.74728,51.737553
US-5505735-A,19.64331,67.34741
US-5504977-A,53.12616,58.40919
US-5507754-A,27.260124,52.057293
US-5514153-A,40.39092,26.350317
US-5518164-A,18.843317,10.789657
US-5518163-A,18.843504,10.790045
WO-9614802-A1,-81.031906,-14.466513
US-5520700-A,59.355965,29.698685
US-5522846-A,30.0123,69.19003
US-5522845-A,22.18449,65.360756
US-5522844-A,24.376541,69.00955
JP-H08140982-A,-81.031906,-14.466513
US-5527342-A,30.321106,59.651756
US-5527341-A,8.039802,52.366486
US-5527343-A,30.027668,69.188095
US-5529075-A,-21.804832,49.64684
US-5528844-A,62.408157,9.210691
US-5531759-A,35.99187,43.735687
FR-2728779-A1,-81.031906,-14.466513
US-5534028-A,-2.8404536,53.829544
US-5534012-A,31.366354,71.58563
US-5540718-A,24.712936,68.697365
US-5540703-A,29.998985,57.05771
US-5542423-A,-19.245268,9.69063
US-5545178-A,35.926876,43.75315
US-5545206-A,18.186974,34.13484
US-5545180-A,25.069206,72.88011
US-5549631-A,35.68641,75.50703
US-5549630-A,31.614397,71.37074
US-5556402-A,43.58666,45.562397
US-5562688-A,43.480564,45.26658
US-5569305-A,31.740839,71.39367
US-5569252-A,24.695738,56.706425
US-5569306-A,20.93789,74.91531
US-5573517-A,40.915016,26.890915
US-5573542-A,40.300385,51.44416
US-5573538-A,-26.743986,48.170795
US-5575801-A,25.791462,60.969753
US-5580344-A,41.173115,24.379946
US-5584835-A,24.089167,66.27838
US-5584862-A,31.85197,71.727104
US-5584860-A,27.438013,67.86985
US-5591206-A,34.284546,53.637695
FR-2736257-A1,-81.031906,-14.466513
US-5593422-A,34.00464,41.525917
US-5593425-A,10.840646,50.500576
US-5593625-A,7.531619,47.40106
US-5601558-A,18.50526,61.19599
US-5601595-A,45.501156,35.424965
US-5601557-A,23.841871,63.090977
US-5607427-A,13.217464,53.32496
US-5609595-A,6.59913,63.8614
US-5618314-A,25.089342,72.75765
WO-9712779-A1,-81.031906,-14.466513
US-5620461-A,34.130074,41.259136
GB-2306110-A,-81.031906,-14.466513
US-5626718-A,12.747777,42.466843
US-5626614-A,31.71737,69.10439
US-5626612-A,24.667845,68.671265
US-5628756-A,29.99888,57.05608
US-5628446-A,57.193024,28.542557
US-5628751-A,16.078943,55.992397
EP-0773004-A1,-81.031906,-14.466513
US-5630824-A,37.783447,60.54025
US-5634926-A,12.241672,62.952282
US-5643293-A,39.403717,53.661945
US-5643295-A,39.133083,55.58764
US-5643321-A,22.17118,68.34671
US-5643274-A,16.078884,55.992676
US-5643320-A,27.287832,67.879395
US-5643272-A,-31.711153,42.86339
US-5645553-A,38.6453,62.317577
US-5645597-A,-4.8727317,53.53805
US-5645599-A,-7.992628,53.334694
US-5649963-A,22.117674,68.28986
US-5649940-A,41.7353,63.247147
US-5649955-A,36.59169,14.729646
EP-0784454-A1,-82.496376,58.549686
US-5651377-A,50.519047,64.59139
US-5658313-A,20.937931,74.9158
US-5660225-A,6.43793,44.647114
US-5662658-A,28.222042,65.20996
US-5665089-A,9.386134,63.663548
US-5665112-A,20.937777,74.914825
US-5665109-A,39.11606,55.566265
US-5667513-A,29.341215,63.009144
US-5669917-A,42.274418,61.853012
US-5674240-A,41.060837,26.76909
US-5681351-A,30.736696,68.46177
US-5681352-A,24.183874,67.2876
US-5681310-A,-8.197573,63.992767
US-5680981-A,57.818077,28.710232
US-5681333-A,24.742722,62.073193
US-5683418-A,25.12414,70.89671
US-5683401-A,25.65019,61.11387
US-5685820-A,42.82297,19.23796
US-5688283-A,-0.8788098,37.632942
US-5690674-A,37.183655,41.879036
US-5690655-A,41.735676,63.246677
US-5690676-A,26.671194,66.605064
US-5690654-A,30.551502,46.19852
US-5693055-A,4.7497025,66.023476
US-5697950-A,27.732014,67.13154
FR-2750031-A1,-81.031906,-14.466513
US-5702462-A,25.683653,57.513084
US-5702397-A,19.746164,66.35069
WO-9749347-A1,-81.031906,-14.466513
US-5707395-A,15.666791,62.23041
US-5713921-A,31.314533,76.177765
US-5713903-A,18.649002,58.157368
US-5718717-A,30.807655,78.33019
US-5720747-A,32.855732,57.058376
US-5720753-A,18.64433,58.155056
US-5725556-A,38.24394,61.327244
US-5725582-A,-8.049482,52.92632
US-5725529-A,15.878304,61.857323
US-5725541-A,17.145031,59.41333
US-5730747-A,43.219803,51.05163
WO-9811838-A1,-81.031906,-14.466513
US-5733306-A,31.634829,71.89543
US-5735875-A,10.840646,50.500576
US-5735877-A,36.257366,57.77582
US-5735899-A,-9.075496,56.24241
US-5741282-A,16.937819,59.213326
US-5741268-A,16.649515,58.197784
US-5743915-A,-35.21402,40.413837
US-5748767-A,-19.780043,6.5174413
US-5752974-A,36.32649,34.87322
US-5752952-A,-5.8785977,41.557526
US-5755809-A,1.6411214,49.715076
US-5766126-A,38.305264,-1.3369095
US-5766221-A,26.89907,51.910484
US-5769092-A,-38.670994,17.077541
US-5769894-A,15.519051,64.89903
WO-9826720-A1,-81.031906,-14.466513
US-5772672-A,39.22512,52.2241
US-5776151-A,43.32723,51.67925
US-5776136-A,-6.8787208,29.920998
US-5779706-A,13.210598,53.267773
US-5779719-A,38.528946,53.155704
US-5782862-A,29.16255,65.871346
US-5785713-A,12.263694,62.98654
US-5792096-A,26.277395,47.12687
US-5797931-A,22.491093,52.81998
US-5797963-A,22.17304,68.34534
US-5800537-A,7.6614122,47.401375
US-5807403-A,18.630701,62.237453
US-5810849-A,38.411488,53.318943
US-5810884-A,33.715405,40.31889
US-5810853-A,38.916348,56.005447
US-5814072-A,29.313204,65.91817
US-5814073-A,32.59722,66.28821
US-5817107-A,36.977795,50.117237
US-5823994-A,24.628696,55.141438
US-5824009-A,41.653587,48.357323
US-5830125-A,36.838703,54.69515
US-5836897-A,15.272165,38.235294
US-5839899-A,4.1678514,56.47826
US-5844142-A,52.40891,50.029156
US-5843178-A,30.65368,46.2578
US-5847394-A,-37.211414,-30.835032
US-5845645-A,34.11234,71.94092
US-5851185-A,24.586142,42.402996
US-5865834-A,-4.3336277,35.530876
US-5865728-A,34.359653,26.942917
US-5866634-A,9.677437,45.438393
US-5868749-A,10.079138,58.36855
US-5873891-A,18.451542,62.620586
US-5873212-A,52.65302,49.945126
US-5874235-A,10.060223,41.706387
US-5879371-A,34.70252,48.761894
US-5879372-A,24.667742,68.67118
US-5891168-A,21.096748,74.4172
US-5891166-A,47.296856,62.268124
US-5893880-A,45.810165,57.82088
US-5897574-A,29.162294,65.87233
US-5899911-A,36.893482,49.8343
US-5899921-A,36.859875,63.174583
US-5906579-A,36.952568,32.903183
US-5906625-A,22.490976,52.81897
US-5908429-A,39.1639,54.915825
FR-2771621-A1,-81.031906,-14.466513
US-5911721-A,15.8697605,61.85091
US-5911449-A,52.290863,50.098705
US-5915751-A,52.31676,50.222893
US-5919208-A,37.26318,57.731167
US-5919215-A,16.521914,49.340065
US-5919194-A,14.850153,62.72367
US-5918604-A,18.18862,66.75067
US-5919193-A,-6.637919,41.197384
US-5921986-A,35.521923,71.074196
US-5924976-A,40.236576,6.986249
US-5925064-A,15.487473,-1.894532
US-5928267-A,10.840646,50.500576
US-5928244-A,18.487324,57.605244
US-5931869-A,17.975758,65.04592
US-5931838-A,9.520834,62.183052
US-5937504-A,52.59683,49.99958
US-5940942-A,23.99455,50.922188
US-5941900-A,31.54632,71.89484
US-5941901-A,19.957647,59.689735
US-5945002-A,6.6406574,45.65118
US-5948000-A,28.732878,64.07742
US-5948001-A,28.73306,64.07725
US-5947982-A,43.22316,50.98114
US-5948002-A,31.259035,64.395004
US-5951590-A,36.04992,65.60486
US-5956927-A,49.849094,50.71196
US-5957953-A,21.638855,68.69587
US-5961554-A,-7.747637,57.539337
US-5961538-A,25.114367,70.84511
US-5961499-A,41.061092,26.769419
US-5961521-A,13.940867,60.958485
US-5964075-A,49.910942,50.80051
US-5964765-A,9.965042,52.52108
US-5964769-A,29.99564,57.339394
US-5967970-A,34.427517,25.141579
US-5968046-A,8.543128,64.513306
US-5968047-A,10.079312,58.368637
US-5970686-A,49.983364,50.742695
US-5980520-A,49.551605,26.244923
US-5980559-A,31.10139,78.32304
US-5980558-A,26.60985,67.04757
US-5983601-A,50.01454,50.863617
US-5984929-A,24.170317,36.726536
US-5987848-A,49.892807,50.20224
US-5989282-A,31.314827,76.17802
US-5993458-A,17.544348,72.0766
US-5993477-A,17.555748,72.09707
US-6007580-A,1.902941,46.97347
US-6007567-A,30.833311,78.23255
US-6010525-A,43.05198,66.56257
US-6010526-A,19.330439,34.483948
US-6012216-A,52.27905,50.245125
US-6014851-A,50.0446,50.655914
US-6017321-A,26.34525,47.806274
US-6033430-A,31.258846,64.39529
US-6032343-A,50.97547,49.780987
US-6033429-A,29.089853,73.65288
US-6045551-A,35.333366,70.35575
US-6050998-A,12.483402,60.329006
US-6056772-A,32.59722,66.28809
US-6056751-A,20.083008,59.71495
US-6056773-A,31.788458,71.419495
FR-2785171-A1,-81.031906,-14.466513
US-6059817-A,10.840646,50.500576
US-6059827-A,30.52746,46.151096
US-6059797-A,51.009007,41.114132
US-6063095-A,20.573526,-8.932914
US-6066166-A,18.23121,34.10977
US-6066151-A,15.674402,37.867733
US-6066160-A,36.184402,62.072372
US-6068648-A,28.575548,60.83953
US-6068637-A,28.358278,38.077816
US-6074409-A,36.04992,65.60486
US-6077277-A,42.52015,54.54364
US-6077292-A,31.878336,71.62255
US-6080161-A,13.037628,59.51289
US-6083522-A,6.997581,52.40704
US-6083244-A,26.625841,58.073803
US-6081981-A,51.1142,51.04776
US-6086593-A,-2.488058,67.91285
US-6086608-A,36.651123,62.614464
US-6090072-A,43.28355,29.272142
US-6099537-A,46.948147,8.683528
US-6099531-A,-2.42595,67.976364
US-6099550-A,46.79557,9.857715
US-6099547-A,31.977604,60.769207
US-6099552-A,30.692509,40.158604
US-6102850-A,20.953802,-9.374578
US-6106545-A,40.569313,63.143116
US-6117160-A,35.521065,71.07537
US-6120536-A,5.470501,43.069565
US-6125574-A,19.760614,53.032795
US-6126677-A,38.743256,59.838314
US-6132368-A,32.3109,-10.37186
US-6139320-A,14.994435,38.7001
US-6149658-A,34.705822,48.757908
US-6149669-A,22.903507,61.330708
US-RE36974-E,30.027668,69.188095
US-6152949-A,31.103104,78.31048
US-6155756-A,-9.749706,31.607021
US-6159234-A,43.035633,66.43721
US-6159224-A,41.098682,52.47773
US-6171307-B1,6.4597325,64.885735
US-6174324-B1,46.12312,65.40642
US-6179850-B1,59.361244,7.918013
US-6179840-B1,15.488869,64.83551
US-6187008-B1,5.9154663,55.599525
US-6190401-B1,25.202501,57.429916
US-6190400-B1,34.130074,41.259136
US-6200329-B1,36.55094,62.53064
US-6200322-B1,-12.774587,55.165855
US-6205748-B1,49.972492,50.798027
US-6217591-B1,45.982708,59.807285
US-6224593-B1,16.74935,26.672628
US-6224630-B1,34.722015,43.558273
US-6228086-B1,4.2259226,68.64156
US-6231565-B1,44.21545,-15.9297495
US-6231592-B1,43.052246,66.56571
US-6238395-B1,35.3328,70.35592
US-6238396-B1,35.582134,61.45519
US-2001002440-A1,31.509676,63.7405
US-6241749-B1,42.288002,62.589306
US-2001005975-A1,56.84337,31.632269
US-6258091-B1,11.806522,60.933514
US-6264675-B1,41.658264,57.15953
US-6263558-B1,52.571457,50.50048
US-2001009250-A1,19.147692,25.044323
US-6267761-B1,49.364254,7.175685
US-6273717-B1,14.769703,38.76156
US-6280474-B1,6.937964,52.418938
US-6286746-B1,45.810165,57.82088
US-6287325-B1,31.432274,71.83723
US-6293961-B2,37.19024,59.51405
US-6306159-B1,25.253466,57.797607
US-6309405-B1,31.314545,76.177605
US-6312448-B1,31.509172,63.74103
US-2001041916-A1,34.701565,73.48596
US-6319252-B1,16.640167,60.820084
US-6319271-B1,37.233543,59.552883
US-6327491-B1,-29.499313,1.6658733
US-2001049497-A1,28.940676,31.762915
US-6338730-B1,41.061234,26.769138
US-6340365-B2,57.850296,-3.494468
US-2002016633-A1,-7.8606825,57.791878
US-2002016593-A1,49.26916,43.428173
US-2002019649-A1,33.025253,54.674557
US-6348056-B1,57.096973,19.439054
US-2002026244-A1,-4.6995482,54.0664
US-2002029083-A1,-1.5521909,53.381493
US-2002029084-A1,1.7355338,56.36185
US-6358271-B1,45.96274,57.77443
US-2002038118-A1,-3.2687414,13.03799
US-6364897-B1,32.597176,66.28808
US-6368326-B1,8.403951,66.39408
US-6368343-B1,46.186504,66.7846
US-6368325-B1,-8.047208,59.386948
US-6371957-B1,0.3326777,27.915222
US-2002045902-A1,44.567524,72.11002
US-2002045888-A1,12.146501,17.81707
US-2002049449-A1,-3.1059637,48.976566
US-2002062153-A1,-8.21552,56.312294
US-2002062136-A1,44.751526,2.595621
US-6395007-B1,-3.1344244,48.98006
US-6409742-B1,32.628227,63.003483
US-6409743-B1,44.61057,55.985996
US-2002087049-A1,37.107235,6.2290516
US-2002087148-A1,37.03959,6.3407574
US-2002087166-A1,37.01817,6.35207
WO-02053011-A2,-81.031906,-14.466513
US-6419704-B1,-4.208135,55.25551
US-2002095175-A1,37.156384,6.213335
US-6423072-B1,27.200024,64.71007
US-6423088-B1,44.553127,55.92494
US-6425919-B1,-5.0163035,56.931316
US-2002103495-A1,27.708294,38.214848
US-6428562-B2,31.514616,63.755108
US-6432115-B1,42.51107,54.542267
US-6436107-B1,42.25735,-3.2409806
US-2002115934-A1,-29.124737,32.610317
US-2002120252-A1,40.906654,9.15701
US-2002123750-A1,6.108957,54.33403
US-6447550-B1,2.9371886,42.06452
US-6447516-B1,44.55517,72.116196
US-2002128662-A1,40.315342,7.4597654
US-2002128633-A1,35.438972,-9.966442
US-2002128661-A1,44.371407,8.990411
US-6451027-B1,9.997385,-16.6089
US-6450985-B1,26.241917,47.037918
US-2002133173-A1,40.95201,9.014794
US-2002133175-A1,-49.019787,2.424992
US-2002138082-A1,40.631485,8.743763
US-2002138109-A1,21.658949,37.091774
US-2002143319-A1,38.5211,11.818869
US-6461360-B1,2.88174,68.24555
US-6468293-B2,43.052246,66.56571
US-6471715-B1,42.346653,61.056538
US-6475230-B1,42.87011,65.37428
US-6488196-B1,58.66076,29.728235
US-2002183851-A1,0.34769186,43.978046
US-2002183762-A1,20.905878,64.64151
US-2002188301-A1,27.879398,62.031193
US-6496003-B1,51.486248,-66.79643
US-6500195-B2,31.35367,71.61689
US-6503259-B2,19.966482,56.108555
US-2003014064-A1,32.913094,39.16068
US-2003028196-A1,-34.236156,45.155087
US-2003040758-A1,21.763016,-9.232682
US-2003039196-A1,-40.612106,-42.625004
US-6527774-B2,7.982095,64.91951
US-2003045900-A1,44.76953,2.5993736
US-6530933-B1,-4.326708,57.76507
US-6535764-B2,25.3227,32.33246
US-6533818-B1,-4.1776643,55.326813
US-6533157-B1,60.06158,29.820309
US-2003055409-A1,38.51021,11.826443
US-2003060927-A1,31.11454,-19.022188
US-2003065361-A1,28.49186,69.6071
US-6545909-B2,-32.213158,-56.46377
US-6544267-B1,28.575548,60.83953
US-6547792-B1,12.81563,68.646194
US-6551304-B1,59.038166,14.551278
US-6554852-B1,27.684332,77.12445
US-6558390-B2,-13.33896,57.863495
US-6557426-B2,-10.887908,36.879993
US-6562043-B1,43.62567,73.00366
US-6565554-B1,29.659193,-24.862837
US-6569187-B1,43.026524,66.44038
US-6568313-B2,60.798893,9.13432
US-6569167-B1,30.891064,42.05754
US-6572635-B1,30.84613,78.23142
US-2003105474-A1,25.224367,42.6556
US-2003118518-A1,14.100993,39.788452
US-6585746-B2,-19.141827,13.186442
US-6585764-B2,6.309308,42.41729
US-6585750-B2,46.223724,66.67297
US-2003125808-A1,2.9761724,42.0643
US-6594517-B1,34.752888,8.9860115
US-6592609-B1,33.299248,75.7067
US-6605090-B1,9.646521,50.880028
US-2003158582-A1,41.351746,61.727184
US-6610080-B2,28.520842,72.40791
US-2003167072-A1,27.684332,77.12445
US-6618910-B1,53.035427,58.57801
US-2003176783-A1,-29.612095,8.196674
US-6623487-B1,13.05226,59.304863
US-6623486-B1,8.838059,63.346153
US-2003181800-A1,47.548492,64.19183
US-6626944-B1,-7.6541576,53.51653
US-6632245-B2,18.762178,65.375435
US-2003195530-A1,36.53972,38.559464
US-2003195565-A1,31.112665,78.28304
US-6635073-B2,34.6975,73.48988
US-6638279-B2,35.333008,70.35685
US-2003204204-A1,34.699387,73.489235
US-6641592-B1,37.389343,53.612118
US-6645227-B2,24.307116,71.244354
US-2003212403-A1,-30.961075,43.98743
US-2003216669-A1,-51.93085,23.445084
US-2003216742-A1,-3.2956753,34.473305
US-2003225438-A1,46.800407,66.89265
US-2003229361-A1,40.89992,59.753685
US-6666877-B2,28.4283,72.200325
US-6669705-B2,46.013927,59.92297
US-2004010287-A1,33.30056,75.7127
US-6679888-B2,47.496075,12.460728
US-6685750-B1,9.427557,42.626812
US-2004030341-A1,4.029481,52.265884
US-2004034357-A1,7.318934,43.47034
US-6699240-B2,21.455517,30.368347
US-6699177-B1,14.409346,-15.814368
US-6705179-B1,59.618084,-12.1572275
US-6709457-B1,30.715748,46.28388
US-6714841-B1,16.296606,9.260973
US-6712828-B2,42.458668,15.922747
US-6719765-B2,25.224367,42.6556
US-6719797-B1,-3.6671512,55.18899
US-6722552-B2,58.815704,29.882153
US-6731988-B1,12.692619,-33.624275
US-6733531-B1,-6.459984,56.517387
US-6733506-B1,20.974947,62.6007
US-2004097948-A1,4.8212333,0.8055241
US-2004097939-A1,8.518937,66.59773
US-2004098050-A1,21.14011,63.045338
US-2004102804-A1,33.39899,30.310688
US-2004138703-A1,-2.160047,48.940414
US-6764514-B1,-3.671793,53.61971
US-2004143334-A1,-3.7278113,56.157825
US-6770079-B2,-3.1047473,48.976162
US-2004152970-A1,-10.095863,-5.565605
US-6780198-B1,27.380184,64.885895
US-2004167548-A1,25.224367,42.6556
US-6783524-B2,44.975525,0.086586565
US-6786989-B2,14.819456,45.23851
US-6796003-B1,52.23532,59.824413
US-6799065-B1,11.284396,-31.066769
US-2004199072-A1,-13.991514,-3.6233804
US-2004220616-A1,46.185467,67.81244
US-2004225325-A1,7.801048,68.22087
US-6818010-B2,25.501068,58.680244
US-2004230223-A1,46.800407,66.89265
US-2004236374-A1,46.800407,66.89265
US-6823871-B2,-2.8465111,67.6549
US-2004243109-A1,44.214916,-15.929623
US-6827712-B2,44.219505,-15.93496
US-2004267242-A1,-21.036228,0.87843615
US-6840938-B1,50.65802,8.623624
US-6843403-B2,60.029186,29.805035
US-2005033366-A1,28.575548,60.83953
US-2005038514-A1,-13.106172,56.66385
US-2005043796-A1,-4.1790767,53.155125
US-6860885-B2,44.567524,72.11002
US-6860878-B2,38.510384,11.826521
US-6869437-B1,34.01377,37.582417
US-2005071012-A1,-4.7272654,53.275024
US-6878167-B2,-9.422689,57.01706
US-6884264-B2,0.3479017,43.97814
US-2005090827-A1,21.189299,64.13521
US-2005090840-A1,26.163881,56.678574
US-2005096699-A1,38.460873,59.750164
US-6890334-B2,9.67866,61.981514
US-6893434-B2,15.89526,37.6263
US-2005113928-A1,-11.223217,56.919495
US-6899722-B2,31.314718,76.17806
US-2005126680-A1,14.960834,45.80485
US-2005143826-A1,-5.553956,56.657482
US-6913666-B1,13.266283,68.97859
US-2005149024-A1,5.6129966,65.35339
US-2005149029-A1,44.567524,72.11002
US-6916321-B2,9.30238,61.048824
US-6921264-B2,3.0631077,52.872585
US-6923824-B2,28.466595,72.24808
US-6932835-B2,41.35151,61.726746
US-2005192673-A1,-37.30199,22.231295
US-6944111-B2,-40.612682,-42.624397
US-6942684-B2,32.59681,66.28821
US-2005203521-A1,44.57718,72.11427
US-2005216059-A1,39.743263,65.5335
US-2005216087-A1,-5.4779387,56.47874
US-6951535-B2,11.946104,-26.133501
US-2005222620-A1,31.310953,76.18946
US-6955683-B2,31.10919,78.282005
US-6955540-B2,3.6276214,51.676964
US-2005234332-A1,-26.08566,32.083332
US-2005234461-A1,-51.031605,23.299812
US-2005234465-A1,-31.634607,40.07682
US-6958077-B2,-4.0533724,54.40464
US-2005240190-A1,3.6764512,60.90903
US-2005240227-A1,32.590862,64.83199
US-2005246021-A1,6.9893336,46.520878
US-2005261684-A1,-10.313344,57.583607
US-2005267481-A1,-5.7117586,57.927246
US-2005267534-A1,20.16118,54.19996
EP-1614525-A1,-81.031906,-14.466513
US-2006009855-A1,-32.45099,53.019264
US-6987983-B2,5.5149407,38.80595
US-2006015108-A1,30.988543,78.21114
US-2006015101-A1,5.576437,67.508896
US-2006024357-A1,9.93377,45.53686
US-2006026244-A1,-17.724447,-56.935844
US-6997940-B2,7.801098,68.220894
US-7001411-B1,24.508732,58.06043
US-7004959-B2,31.509634,63.74077
US-7008226-B2,3.0255532,52.851948
US-7013191-B2,-27.447733,5.9089046
US-2006064095-A1,4.454942,68.683945
US-7018380-B2,3.7700741,67.19209
US-7033379-B2,39.96752,63.15509
US-2006089646-A1,-5.5996294,52.95015
US-7048755-B2,42.87095,65.37388
US-2006122600-A1,3.7700741,67.19209
US-2006122704-A1,-5.0088973,53.754898
US-7066960-B1,-4.886022,54.41302
US-2006142799-A1,31.509634,63.74077
US-2006161136-A1,35.585262,-13.484102
US-2006161051-A1,-26.099922,32.09494
US-2006167495-A1,46.800407,66.89265
US-7087073-B2,34.700825,73.48366
US-7090111-B2,46.539528,60.697044
US-7090683-B2,37.01817,6.35207
US-7094251-B2,46.40897,68.67811
US-2006200199-A1,40.684532,61.024975
US-2006212073-A1,42.867878,65.375305
US-2006207978-A1,-2.2381647,-26.732286
US-2006217765-A1,14.404522,49.7246
US-2006229623-A1,20.624397,56.79221
US-2006235470-A1,46.800407,66.89265
US-2006241695-A1,46.800407,66.89265
US-7128763-B1,-43.369358,18.563362
US-2006265011-A1,34.701992,73.483185
US-2006265009-A1,34.696594,73.48989
US-2006271056-A1,43.667725,-0.8461288
US-7147652-B2,43.052246,66.56571
US-7153312-B1,27.956816,58.954575
US-7160405-B2,14.960834,45.80485
US-2007032825-A1,39.128273,65.2868
US-7179259-B1,15.750632,55.409794
US-7192448-B2,5.9886823,55.195248
US-2007088340-A1,35.43938,-9.965724
US-2007088362-A1,0.66532564,34.85765
US-7209776-B2,-30.45542,23.948893
US-2007100258-A1,-31.517393,35.053146
US-7217290-B2,10.840646,50.500576
US-7217279-B2,28.82727,69.85806
US-2007118129-A1,3.9808002,56.39367
US-2007118055-A1,-32.15987,11.912717
US-7241297-B2,-10.312292,57.58695
US-2007173946-A1,-31.134478,44.035847
US-7250051-B2,21.530542,30.201944
US-7252685-B2,1.7445583,56.366383
US-2007185498-A2,-28.765427,37.193047
WO-2007092869-A2,-81.031906,-14.466513
CA-2641580-A1,-81.031906,-14.466513
US-2007198555-A1,-12.277269,-66.73013
US-2007219561-A1,-30.155308,20.825409
US-7273497-B2,-4.6258397,57.434353
US-2007239153-A1,-24.606632,14.125126
US-2007265561-A1,-5.799387,54.673767
US-7297142-B2,38.5211,11.818869
US-2007270833-A1,2.7438312,64.30873
US-2007287889-A1,35.38889,23.038048
US-2008021474-A1,2.7435288,64.310905
US-7329263-B2,46.800407,66.89265
US-2008039845-A1,2.7455037,64.30984
US-2008039873-A1,46.800407,66.89265
US-7331932-B2,-33.48617,33.85641
CA-2660827-A1,-81.031906,-14.466513
US-2008046090-A1,-8.21552,56.312294
US-7335205-B2,4.0404263,52.30299
US-2008097448-A1,2.9039059,62.892063
US-2008108916-A1,46.800407,66.89265
US-2008108897-A1,39.128273,65.2868
US-2008114399-A1,34.702583,73.4824
US-2008132950-A1,-11.652378,59.464916
US-2008140117-A1,42.868206,65.3752
US-2008140088-A1,38.5012,-15.533522
US-2008140116-A1,33.30056,75.7127
US-2008195145-A1,20.630009,56.797962
WO-2008116203-A2,-81.031906,-14.466513
US-2008243127-A1,-39.071873,47.297775
US-2008262812-A1,-32.54829,17.281996
US-2008269753-A1,-18.260435,43.8694
US-2008269808-A1,3.6948652,60.881794
US-7445634-B2,24.794504,59.463234
EP-1988837-A2,-81.031906,-14.466513
US-7477926-B2,-21.81256,-1.2566549
US-2009024161-A1,11.736172,49.560886
US-7481831-B2,44.50565,72.38842
US-7481825-B2,8.518929,66.59695
WO-2009029908-A1,-81.031906,-14.466513
CA-2698057-A1,-81.031906,-14.466513
US-7510895-B2,13.2852955,51.775433
US-2009093684-A1,59.960423,-2.361174
US-2009131941-A1,-43.410995,16.05216
US-2009138014-A1,35.52501,71.07654
US-2009194969-A1,69.78244,9.403605
US-2009197217-A1,32.357754,-2.7013576
US-2009287222-A1,-35.15278,44.821163
EP-2134294-A2,-81.031906,-14.466513
US-7641660-B2,-8.121465,30.168816
US-7708741-B1,-32.08939,44.1952
US-2010211120-A1,10.818812,49.361954
WO-2010099222-A1,-81.031906,-14.466513
US-7854750-B2,39.128273,65.2868
US-7879072-B2,14.40471,49.725285
US-7891691-B2,69.78244,9.403605
US-2011060375-A1,42.624256,29.246033
US-7959635-B1,-34.309784,44.99852
US-2011144661-A1,34.109066,45.080246
US-7967820-B2,2.7436469,64.308586
US-8046052-B2,-14.663042,-5.1514335
US-2011295253-A1,2.7455037,64.30984
US-8073528-B2,1.3899856,-22.507587
US-2012053591-A1,-31.770012,41.575188
US-8128669-B2,44.639297,72.517296
US-8140982-B2,-18.33817,-52.138252
US-8147514-B2,35.524776,71.07659
US-8162977-B2,39.126957,65.28526
US-2012123937-A1,19.280222,-50.209454
US-2012165841-A1,44.63691,72.51702
US-8214016-B2,-31.984238,6.4907527
US-8221402-B2,20.601448,27.504183
US-2012184961-A1,-33.835594,40.26374
US-2012191140-A1,35.523533,71.07546
US-2012215233-A1,46.625057,68.90875
US-2012330429-A1,1.9652578,55.160053
US-2013006267-A1,11.628709,-8.281701
US-2013035696-A1,15.549857,-8.971217
US-8429266-B2,-19.246618,-48.230244
US-8500816-B2,-30.311014,44.819046
US-8532361-B2,-47.73994,17.209053
US-8560047-B2,-49.777428,-13.992378
US-2013331730-A1,18.582191,16.940292
US-8617171-B2,-46.737347,18.946978
US-8702732-B2,42.44822,50.228436
US-8737700-B2,-46.737034,18.946024
US-8740798-B2,-3.5082617,5.2616243
US-8781193-B2,-21.762392,3.8092775
US-8781556-B2,-12.37451,10.529455
US-2014257293-A1,-41.65722,18.190552
WO-2014163164-A1,-81.031906,-14.466513
US-2014343573-A1,-30.586697,37.23052
US-8894634-B2,4.4919453,-20.896542
WO-2015020093-A1,-81.031906,-14.466513
US-8968320-B2,-45.748672,15.126896
US-2015141759-A1,-22.592152,-21.842285
US-2015157416-A1,-32.442085,2.9064136
US-9060797-B2,-30.587679,37.23073
US-2015257768-A1,-11.474933,1.055743
US-2015320514-A1,16.119858,-20.362753
US-9186046-B2,22.941013,10.172823
US-9195926-B2,19.281174,-50.208073
US-2016012306-A1,-41.072357,-31.230448
US-2016030115-A1,-9.727434,-17.077166
US-2016081758-A1,-12.207748,4.315213
US-2016199548-A1,36.60418,19.864025
US-2016206375-A1,-27.284142,13.14813
US-9456765-B2,-31.136438,6.6733975
US-2017148213-A1,-19.142973,-2.765974
US-9844414-B2,14.482585,-13.187539
US-9922410-B2,-40.220688,-33.21924
US-10058393-B2,-19.458254,-22.25254
US-2018296283-A1,-35.864563,-8.005263
RU-184396-U1,-76.93668,43.4583
US-2019000049-A1,52.65001,-29.47858
US-10194801-B2,7.879378,10.258077
US-2019220976-A1,-18.301224,-6.66022
US-10368951-B2,42.027546,13.765566
US-2019274765-A1,-35.86563,-8.005848
US-10433763-B2,-18.832087,-2.9522202
US-2019388160-A1,-35.025253,-1.1154206
US-10594931-B2,-25.959719,-22.810278
US-10672134-B2,-40.22705,-33.157722
US-10687784-B2,-1.9614266,9.046036
US-10765484-B2,-19.45888,-22.252037
US-10828786-B2,8.286767,-41.677814
US-10974069-B2,18.06614,29.332895
US-2021106389-A1,-25.332615,-22.58223
US-11197651-B2,1.1159128,-19.767797
US-2022015727-A1,-37.05558,-9.10567
US-11229362-B2,-36.94863,-3.1087258
US-11317974-B2,-25.332615,-22.58223
US-2022296311-A1,12.3799715,-12.380952
US-4012014-A,42.51981,-39.98872
US-4216467-A,41.29704,-48.76071
GB-2091423-A,-81.031906,-14.466513
US-4420808-A,42.322903,-50.004726
US-4584510-A,46.043346,-46.301525
US-4590339-A,44.095295,-46.082607
US-4733214-A,39.404186,-51.02429
US-5042314-A,46.94934,-34.800667
US-5128671-A,44.230125,-47.50395
US-5223776-A,39.680603,-49.21637
US-5317301-A,34.291786,-54.08216
US-5459382-A,25.652649,-53.639683
US-5503040-A,36.602802,-47.684456
US-5559432-A,45.19557,-47.10933
US-5565891-A,40.03657,-47.077015
US-5694153-A,45.986706,-46.360657
US-5749577-A,44.544323,-43.32638
US-5781180-A,44.56029,-43.439857
JP-H11154031-A,-81.031906,-14.466513
US-5963196-A,46.77638,-46.430687
US-H1822-H,45.22184,-45.427395
US-6068554-A,42.225273,-43.99938
US-6198471-B1,44.623302,-46.257015
US-6201196-B1,44.273144,-46.86714
US-6222525-B1,39.828297,-47.49606
US-6429849-B1,35.8814,-54.41405
US-2002128064-A1,41.271423,-43.188755
US-6459420-B1,41.728016,-44.909718
US-2003006956-A1,32.823406,-44.310867
US-2003058219-A1,41.636093,-46.63055
US-6580418-B1,44.094494,-46.250053
US-6597347-B1,49.363686,-41.191727
US-6613997-B2,36.488575,-57.452263
US-6624806-B2,42.724403,-45.122593
US-6644141-B2,46.581608,-36.15209
US-2003214484-A1,41.73069,-46.430904
US-2004083940-A1,52.645596,-29.482191
US-6865342-B2,55.943424,-11.829085
US-2005104742-A1,37.976955,-42.863987
US-2005159850-A1,35.544674,-44.763252
US-2005277470-A1,41.63288,-34.47585
US-2006137931-A1,46.264557,-34.45227
US-2006156848-A1,30.695366,-45.196682
US-2006164383-A1,41.657993,-43.976086
US-2006224280-A1,38.670063,-40.86676
US-7131389-B1,43.43675,-36.650814
US-2006262000-A1,38.618122,-40.943268
US-7170420-B2,37.976955,-42.863987
US-2007080934-A1,-16.56424,-46.590645
US-2007156286-A1,-1.3208205,-45.485115
US-2008063400-A1,36.41521,-39.765743
US-2008132334-A1,35.81974,-52.348972
US-2008174550-A1,36.818645,-50.449924
US-2008278448-A1,42.531513,-32.11045
US-7548697-B2,36.41521,-39.765743
US-2009152782-A1,54.810013,-9.184525
US-2009179869-A1,32.493637,-46.708366
US-7575491-B1,44.70932,-37.95311
US-2009213073-A1,45.25979,-47.66294
US-2009248220-A1,37.5386,-39.780746
US-2010097309-A1,36.39937,-50.729694
US-7793890-B2,41.113396,-37.08967
US-7823685-B2,46.586998,-35.025097
US-2010302017-A1,44.687572,-38.317783
US-7931239-B2,42.518913,-36.83235
US-2011148667-A1,45.70096,-48.348442
US-2011213384-A1,14.556839,-16.283165
US-2011219899-A1,41.568096,-33.860218
US-8089225-B2,39.667114,-36.952663
US-8100218-B2,46.641907,-34.866913
US-8212770-B2,43.176178,-45.850426
US-2012187238-A1,40.901035,-39.17384
US-8258917-B2,36.953712,-49.486286
US-8276476-B2,42.670086,-44.8874
US-2012249455-A1,-26.58215,-54.160233
US-8300012-B2,-11.559485,-43.79919
CN-102824746-A,-81.031906,-14.466513
US-8344914-B2,45.70096,-48.348442
US-8371187-B2,33.29467,-48.00152
US-8380402-B2,45.953495,-33.91081
US-2013147611-A1,38.115845,-39.03746
US-2013178293-A1,33.35165,-45.903366
US-8576168-B2,37.745678,-50.553513
US-2013293362-A1,48.507378,-42.023537
US-2014083225-A1,35.88399,-36.05142
US-8716973-B1,42.21785,-54.44755
US-2014247119-A1,42.49809,-43.495842
US-2014249695-A1,16.958416,-25.726955
US-8866597-B2,38.115685,-39.037014
US-8881616-B2,41.567604,-33.85982
US-8887597-B2,47.043465,-36.964565
US-2015253801-A1,46.978878,-36.8531
US-2016077589-A1,34.965088,-47.958218
US-2016195939-A1,48.507378,-42.023537
US-2016241767-A1,39.5608,-36.895535
US-9501084-B1,34.240067,-51.33002
US-9547380-B2,48.50758,-42.023575
US-2017121000-A1,43.871696,-36.833008
US-9727076-B2,45.28264,-41.216457
US-2017233983-A1,43.870434,-33.877483
US-2017246533-A1,43.72122,-46.78225
US-2017269587-A1,41.529053,-39.102127
US-2018164799-A1,41.600136,-39.056824
CN-108885452-A,-81.031906,-14.466513
US-10152853-B2,28.640081,-54.824417
US-2018356907-A1,42.60614,-41.60415
US-2019025869-A1,45.960392,-41.942295
US-2019033987-A1,48.508663,-42.023373
US-2019041894-A1,40.507614,-50.543808
US-2019042004-A1,39.45801,-41.69246
US-2019042003-A1,40.420403,-41.51799
US-2019041891-A1,45.960392,-41.942295
US-10222794-B2,39.23578,-39.642357
US-10324487-B2,40.507614,-50.543808
US-10324540-B1,48.50758,-42.023575
US-10331233-B2,39.458813,-41.693394
US-10331232-B2,40.420403,-41.51799
US-2019243468-A1,42.60531,-41.604584
US-10481704-B2,48.508663,-42.023373
US-10520973-B2,45.958855,-41.94236
US-10664002-B2,46.741592,-41.88449
US-2020285326-A1,48.50758,-42.023575
US-2006058604-A1,-16.495111,-1.7223266
CN-102033980-A,-81.031906,-14.466513
US-2012076378-A1,-39.620373,-2.2747474
US-2019139320-A1,-35.3458,-19.96083
US-10537388-B2,-37.3814,8.439782
US-2020197137-A1,-32.77368,6.3319483
US-3920222-A,42.231644,-69.124435
US-4550622-A,40.684547,-67.07244
JP-2006212608-A,-81.031906,-14.466513
US-7213479-B2,40.230865,-67.056076
US-9802225-B2,41.22294,-61.799297
US-10601355-B2,37.993732,-60.542614
US-10843229-B2,39.40427,-63.998123
US-10945514-B2,-34.79867,-12.907108
US-11203041-B2,39.40332,-63.998085
US-4926847-A,-10.714909,29.290192
US-5037423-A,-29.181793,44.114944
US-5234433-A,-33.881573,41.870617
US-5683397-A,-34.19752,41.828773
US-5688279-A,-35.0433,40.530373
US-5720752-A,-34.54842,41.90254
US-7104997-B2,-32.435955,41.25886
WO-2007030866-A1,-81.031906,-14.466513
US-2011060341-A1,-15.004745,21.886827
US-2015051602-A1,-11.116384,28.005112
US-9005207-B2,-13.731504,29.912863
US-2015216541-A1,-4.9427586,32.518787
US-2019029757-A1,-5.8698483,23.636177
US-2020253666-A1,-28.918688,-5.454206
JP-H0291713-U,-81.031906,-14.466513
US-2008167884-A1,-2.7926714,-66.838776
US-2010312388-A1,7.179624,-47.860992
US-2016236867-A1,0.67359823,-66.96771
US-9428336-B2,-0.00031662028,-67.90251
US-2016325933-A1,-1.3955042,-67.3319
US-2016327941-A1,-1.3096416,-67.33456
US-2016325934-A1,-1.520814,-67.29239
US-2017021502-A1,4.3891163,-50.570778
US-2017100837-A1,17.799324,-51.90186
US-2017136632-A1,3.4222138,-59.39723
US-2017158430-A1,0.22091521,-66.71006
US-2017225330-A1,3.3714795,-59.270615
US-2017233188-A1,3.2951384,-71.81295
US-2017278047-A1,-4.3504386,-65.77331
JP-2018507829-A,-81.031906,-14.466513
US-2018154399-A1,-8.182971,-44.4896
US-2018215541-A1,4.455136,-73.40671
JP-2018520957-A,-81.031906,-14.466513
JP-2018126273-A,-81.031906,-14.466513
US-2018276604-A1,-1.9696674,-67.69336
JP-2018150124-A,-81.031906,-14.466513
US-10108185-B1,4.4833584,-64.0504
US-10442607-B2,58.854313,-25.857376
US-2019361672-A1,6.6984496,-58.19907
US-2020095063-A1,3.0883515,-71.3557
US-2020094997-A1,3.0836253,-66.53234
US-2020223634-A1,1.1598248,-68.04925
US-4899761-A,-14.523613,46.946144
US-5470354-A,-24.043777,38.59228
US-2007066917-A1,-30.457386,28.499931
US-7442196-B2,-26.01938,40.789635
US-2009018544-A1,-22.322645,40.492973
US-7837691-B2,-26.700016,40.9752
US-2012017276-A1,-23.929756,-36.544086
US-8118815-B2,-24.543646,23.63988
US-8197489-B2,-25.455072,37.1434
US-8491589-B2,-26.238008,39.18438
US-8506571-B2,-27.310966,41.216133
US-2014031828-A1,56.19477,0.5356424
US-8998910-B2,-24.719114,23.719995
US-9539116-B2,-23.199163,35.740746
US-9554745-B2,-32.796085,33.125458
US-9572588-B2,-26.238008,39.18438
US-9642571-B2,-15.671095,34.810284
US-2017156736-A1,-31.721424,47.540577
US-2018049895-A1,-23.35794,38.832108
US-2018085134-A1,-31.189009,42.96155
US-2018098774-A1,-22.258291,39.460423
US-2018177612-A1,-18.779203,48.051956
US-10398477-B2,-10.371341,58.838314
US-2020289050-A1,-23.190348,27.796991
US-2022304829-A1,-19.66665,40.84785
US-2008009697-A1,-49.77733,-13.991964
US-7630750-B2,-31.039728,3.1905727
US-2015257838-A1,-19.38256,48.723106
US-2016030658-A1,14.995977,22.755215
US-2019000553-A1,8.640452,-13.394973
US-2019000570-A1,16.065987,-21.74429
US-2019388158-A1,-18.204046,3.534589
US-2020078180-A1,-37.00906,11.250941
US-2020093542-A1,-12.700124,53.936016
US-2020275976-A1,-29.990313,30.387192
US-2020315708-A1,-10.896562,50.12991
US-2021378752-A1,-12.181161,-18.866251
US-2022192844-A1,-29.323301,15.572951
US-11464650-B1,5.8546343,21.6854
US-11510733-B1,-31.9838,12.703313
EP-0538276-A1,-81.031906,-14.466513
WO-2009134672-A1,-81.031906,-14.466513
US-8532807-B2,-38.950012,9.627981
US-2014371897-A1,-34.94602,2.839775
US-2017203509-A1,14.750099,44.188255
US-2018326484-A1,18.230957,46.628376
US-2022354653-A1,6.098076,46.594387
